block_time,tx_id,flash_loan_outer_instruction_index,flash_loan_program,lender,flash_loan_mint,flash_loan_symbol,flash_loan_token,flash_loan_usd
2025-10-10 19:33:29.000 UTC,2t6QktfhvpjF5gZr7xBHBZw8bXaWFiRzegVp7YcPhdL74TRDLQ58TqHZNUnQbPVMNU2L6KGwnPgAY1MYr9vdBCzi,3,jupgfSgfuAXv4B6R2Uxu85Z1qdzgju79s6MfZekN6XS,jupiter,2u1tszSeqZ3qBWF3uNGPFc8TzMk2tdiwknnRMWGWjGWH,USDG,26.378108,26.388742773875332
2025-10-10 19:33:27.000 UTC,5Rshkmn3TeWW5XffLaB3CCmzJPPA5SfWB4zjuZNQ1dj1btuG8ps6Q9Tf4S9B5yoeeFZnWoQp89zrX96KSCkP1aJJ,2,jupgfSgfuAXv4B6R2Uxu85Z1qdzgju79s6MfZekN6XS,jupiter,2u1tszSeqZ3qBWF3uNGPFc8TzMk2tdiwknnRMWGWjGWH,USDG,42.597239,42.61441278685683
2025-10-10 19:30:06.000 UTC,d1jYspZ1jW6HL3JTCsMKpe1yY5m5nmfTnYbPKmgvQeGFd2QDAXgzcgXKF9cEYnuszycEnhpGEC7ZAGzB2pDZ8ao,3,jupgfSgfuAXv4B6R2Uxu85Z1qdzgju79s6MfZekN6XS,jupiter,2u1tszSeqZ3qBWF3uNGPFc8TzMk2tdiwknnRMWGWjGWH,USDG,104.870495,104.91277528790083
2025-10-10 19:30:41.000 UTC,31wEcEbegCCA8i7T6CawcMHnpe2RFi1NjgQ6phRgxVJ2f9NnkuWqqhvSKoekko8q1kW15PJf1JQbponz14UncMKz,2,jupgfSgfuAXv4B6R2Uxu85Z1qdzgju79s6MfZekN6XS,jupiter,2u1tszSeqZ3qBWF3uNGPFc8TzMk2tdiwknnRMWGWjGWH,USDG,107.156216,107.19941781441733
2025-10-10 19:30:46.000 UTC,3wjMYscYHwZwTJ3ZhDTpedSvixCr36Qk1yfcR74qyAG2KnYzQqLCwZ74MJNKS9dn6fsLucfqv7qZETing9JuSx5V,2,jupgfSgfuAXv4B6R2Uxu85Z1qdzgju79s6MfZekN6XS,jupiter,2u1tszSeqZ3qBWF3uNGPFc8TzMk2tdiwknnRMWGWjGWH,USDG,176.414275,176.48539935520415
2025-10-10 19:30:20.000 UTC,25w1S3ASMcevnumBQuqmqeyACofTLJZeCMzDKLuFGMvrokKzsskSn2bLqTypFMVJeFiL3acx16ts7nMVCn3UwGpi,3,jupgfSgfuAXv4B6R2Uxu85Z1qdzgju79s6MfZekN6XS,jupiter,2u1tszSeqZ3qBWF3uNGPFc8TzMk2tdiwknnRMWGWjGWH,USDG,208.404763,208.48878485361615
2025-10-10 19:30:34.000 UTC,2fxR1z3EJn59KW6RYTbM75GaynwUuz1tW4vUwbA5yL9vq63ssXbuM7YMRtPvArQgk4kVRvzuWAi24TQQsW5vsJbK,2,jupgfSgfuAXv4B6R2Uxu85Z1qdzgju79s6MfZekN6XS,jupiter,2u1tszSeqZ3qBWF3uNGPFc8TzMk2tdiwknnRMWGWjGWH,USDG,101.851927,101.89299030190216
2025-10-10 19:28:40.000 UTC,57s8L7S5A48ehapHjbMffuBH1pCM54vGFiopALwyETVcB8U42GW3ProbKPUAM1qrmjFgkYQfoV3SA9CH8hduK8m8,2,jupgfSgfuAXv4B6R2Uxu85Z1qdzgju79s6MfZekN6XS,jupiter,2u1tszSeqZ3qBWF3uNGPFc8TzMk2tdiwknnRMWGWjGWH,USDG,105.419161,105.46166249174317
2025-10-10 19:29:29.000 UTC,54HEsQHQ6yywvGwA2RZkfBFKxbxz1j8RUQve6GAKkiFCLMdMYuv4VbkY5QAUgJRj1cPzzQJLYhESWPkLzq5a1Yeu,3,jupgfSgfuAXv4B6R2Uxu85Z1qdzgju79s6MfZekN6XS,jupiter,2u1tszSeqZ3qBWF3uNGPFc8TzMk2tdiwknnRMWGWjGWH,USDG,104.692556,104.73476454882733
2025-10-10 19:23:30.000 UTC,4DxTGyMXnsGVogf7LkmZUfeLCssWwU4QaJizitcZqAZoomaHW4GMhXu82XC1fdgjkNeDrGziPn1MySXc9Y1cgF5e,2,jupgfSgfuAXv4B6R2Uxu85Z1qdzgju79s6MfZekN6XS,jupiter,2u1tszSeqZ3qBWF3uNGPFc8TzMk2tdiwknnRMWGWjGWH,USDG,27.050506,27.061411862335664
2025-10-10 19:23:22.000 UTC,2esvzhoqbV8wCViEaLU7qayx6Aj9tkizHFoy3jSL1iJD8rQhDBLJB5fuHjrP9NbNsmLsxzpxQjnZbtq65LUbmRTc,2,jupgfSgfuAXv4B6R2Uxu85Z1qdzgju79s6MfZekN6XS,jupiter,2u1tszSeqZ3qBWF3uNGPFc8TzMk2tdiwknnRMWGWjGWH,USDG,106.49693,106.53986601227834
2025-10-10 19:22:16.000 UTC,FPdq1WDmYtEhhCRSp4irU3thGPfrtb1c3MwNmAbArMPJWXfeiLjcPZzs57pKgMvDP3Yos6PCD4Ei5t8JYXhUAPH,2,jupgfSgfuAXv4B6R2Uxu85Z1qdzgju79s6MfZekN6XS,jupiter,2u1tszSeqZ3qBWF3uNGPFc8TzMk2tdiwknnRMWGWjGWH,USDG,28.848846,28.860476893079
2025-10-10 19:22:05.000 UTC,26D9DCK2Aa94UnhUoecD3m2xagp3HgTZqxQrersWgL5PAjrstL8a1bRQVTYgFDVCTSmTdmyQasETwycA8FijAC92,3,jupgfSgfuAXv4B6R2Uxu85Z1qdzgju79s6MfZekN6XS,jupiter,2u1tszSeqZ3qBWF3uNGPFc8TzMk2tdiwknnRMWGWjGWH,USDG,27.332033,27.34305236463783
2025-10-10 19:21:50.000 UTC,sAQfvZCTWWo61NWGv6GkaaNUvsTtanNdejXHBYQRhxrWyhK7H7Q3KLgXACCwK6AE6Um9aH1AhrPFPKrsUVUam8p,2,jupgfSgfuAXv4B6R2Uxu85Z1qdzgju79s6MfZekN6XS,jupiter,2u1tszSeqZ3qBWF3uNGPFc8TzMk2tdiwknnRMWGWjGWH,USDG,107.107662,107.150844239063
2025-10-10 19:20:29.000 UTC,3HDQKbk8RFALAEHXsHqF7cErQ7wfzUCuUMWSy1KbrHe7ZtdYwpRB8y6u2q8rgPkvrtbp6DVcSeXb8jqyCVMCuF24,2,jupgfSgfuAXv4B6R2Uxu85Z1qdzgju79s6MfZekN6XS,jupiter,2u1tszSeqZ3qBWF3uNGPFc8TzMk2tdiwknnRMWGWjGWH,USDG,107.842623,107.8861015508395
2025-10-10 19:20:23.000 UTC,46hidZNvs5NPNX9mUQ91FxU47e7W87p5nBkW2td3VdwMnqwk8JHHJAeYazAusqyBSFBvHUx7oqox3fQiPn2g4jV2,2,jupgfSgfuAXv4B6R2Uxu85Z1qdzgju79s6MfZekN6XS,jupiter,2u1tszSeqZ3qBWF3uNGPFc8TzMk2tdiwknnRMWGWjGWH,USDG,28.902904,28.914556687462664
2025-10-10 19:20:53.000 UTC,4dUu1Ly8ez5GYU8398vjGSCmDVUNV5ei9TkvzEL5HxahmqM238ZWbRGTBBxhYpyqoTRQbc2VymvKCa94MpNhX2DW,2,jupgfSgfuAXv4B6R2Uxu85Z1qdzgju79s6MfZekN6XS,jupiter,2u1tszSeqZ3qBWF3uNGPFc8TzMk2tdiwknnRMWGWjGWH,USDG,27.548006,27.559112437752333
2025-10-10 19:19:21.000 UTC,3j8rxzjLoZTqfKgYBWE3nNZbBSyz74wD8t98R6ZBB7zMLuQkTAdqxwqXi1YbHVTvjFXR9wMWJ86JYZsDJgB4CqJ6,2,jupgfSgfuAXv4B6R2Uxu85Z1qdzgju79s6MfZekN6XS,jupiter,2u1tszSeqZ3qBWF3uNGPFc8TzMk2tdiwknnRMWGWjGWH,USDG,27.805755,27.8169653535575
2025-10-10 19:15:37.000 UTC,3vZeoyk7tAHZdXEx7Suuf7N5uCcnAdrikz9MrUfg4HvYMdTCECXwxcXaYRSNXSb4UZEqUtQa1UL3nL4JkKeA1vJB,2,jupgfSgfuAXv4B6R2Uxu85Z1qdzgju79s6MfZekN6XS,jupiter,2u1tszSeqZ3qBWF3uNGPFc8TzMk2tdiwknnRMWGWjGWH,USDG,92.681129,92.71849494184183
2025-10-10 19:11:59.000 UTC,3XBhH5bTsS1mMUoPXmWs4KPpnD2CGwEmKT2NYBc361J1Fb6dJTFNr37CXAoSGmJitPAA1mokmsmuEEieL5qycNon,3,jupgfSgfuAXv4B6R2Uxu85Z1qdzgju79s6MfZekN6XS,jupiter,2u1tszSeqZ3qBWF3uNGPFc8TzMk2tdiwknnRMWGWjGWH,USDG,93.699655,93.73743157757417
2025-10-10 19:12:05.000 UTC,2oz2NaBy93ftTsi1QTTgjp4Lbi9bbmU6KL2hp97asySJuGXxUiBv5ADvZMmBmJLaayDPoKoH4cqDwKinFef2ZwFy,2,jupgfSgfuAXv4B6R2Uxu85Z1qdzgju79s6MfZekN6XS,jupiter,2u1tszSeqZ3qBWF3uNGPFc8TzMk2tdiwknnRMWGWjGWH,USDG,29.670139,29.682101011040164
2025-10-10 19:12:02.000 UTC,NftKgyhjYHy9bEDz6ABs4xjBwfCdMBYEnDsHnCm57iBQk1EEgWVRdydYwFwBxWtMheeUK6ey2xKjKHF8QkcCDrw,2,jupgfSgfuAXv4B6R2Uxu85Z1qdzgju79s6MfZekN6XS,jupiter,2u1tszSeqZ3qBWF3uNGPFc8TzMk2tdiwknnRMWGWjGWH,USDG,0.025478,0.025488271880333334
2025-10-10 19:12:10.000 UTC,2yuTzYN3HFFo2WfR4Syuwf7pabxxX6qEV16kJy1rr8nyTqj1oe1ByoVp9uZ8iTpTtcY3vebJ8sgivJuchpRR8bNY,2,jupgfSgfuAXv4B6R2Uxu85Z1qdzgju79s6MfZekN6XS,jupiter,2u1tszSeqZ3qBWF3uNGPFc8TzMk2tdiwknnRMWGWjGWH,USDG,28.11931,28.130646768481665
2025-10-10 19:11:38.000 UTC,4fJmLr69FJoTb1GcwdoZ5UQwxfwBDUs3ddbtV97BfTJNY4s8s7RterEcPatihghitTFVG7DU9zKz9koEqqfqpY3d,2,jupgfSgfuAXv4B6R2Uxu85Z1qdzgju79s6MfZekN6XS,jupiter,2u1tszSeqZ3qBWF3uNGPFc8TzMk2tdiwknnRMWGWjGWH,USDG,28.711324,28.722899448792667
2025-10-10 19:11:41.000 UTC,3k3JS2vyNvAh2eCdFqSUYoYfLkfn1AvVgPA3ftDB9XksuMiCP2DEWfnvppXJKdWPSsQ9j4Mhio1LHdQyE19kaqbz,2,jupgfSgfuAXv4B6R2Uxu85Z1qdzgju79s6MfZekN6XS,jupiter,2u1tszSeqZ3qBWF3uNGPFc8TzMk2tdiwknnRMWGWjGWH,USDG,94.411495,94.44955856773416
2025-10-10 19:11:44.000 UTC,3gWBE4NiCkufd4GMSDvKu6Jg57aNGRoDoboW6Zfkn1na8MqiaD8vFrxLLtfSxu3Gnd9EF9eXLKhQxqpdYbiCsJVs,2,jupgfSgfuAXv4B6R2Uxu85Z1qdzgju79s6MfZekN6XS,jupiter,2u1tszSeqZ3qBWF3uNGPFc8TzMk2tdiwknnRMWGWjGWH,USDG,29.93099,29.943057177468333
2025-10-10 19:12:29.000 UTC,29yeB8Pewsx6odPVLkh4DqiJyH6g6dZwYxPEpAT3pARnjVffmZeFz33TipFVT11kyP9uew2gj5DrsQsTEZr9dviB,3,jupgfSgfuAXv4B6R2Uxu85Z1qdzgju79s6MfZekN6XS,jupiter,2u1tszSeqZ3qBWF3uNGPFc8TzMk2tdiwknnRMWGWjGWH,USDG,29.196038,29.207808869320335
2025-10-10 19:08:56.000 UTC,3UijdocwTqR2CCqBuy8ZEM3XepGnKTRk9EPW8VzoUR7y1zATkPEoRUXUY3zQNoyXZbVSyBF5VDjwaxbCqZQpLDmU,2,jupgfSgfuAXv4B6R2Uxu85Z1qdzgju79s6MfZekN6XS,jupiter,2u1tszSeqZ3qBWF3uNGPFc8TzMk2tdiwknnRMWGWjGWH,USDG,95.015942,95.05424926061633
2025-10-10 23:59:03.000 UTC,8J1ckH1T6No4kRvWNLNR8XmHKQewJdWq9MZ26P8Nmvdhm49r8TbPNoPCdbMdk5e9bjEToLUX1e7p6LmeyMEky3g,2,jupgfSgfuAXv4B6R2Uxu85Z1qdzgju79s6MfZekN6XS,jupiter,CtzPWv73Sn1dMGVU3ZtLv9yWSyUAanBni19YWDaznnkn,xBTC,0.01,1138.7030916666668
2025-10-10 23:13:53.000 UTC,2i4KWHxeoGjFXGXCAjaKydsePzq2Ws1G6G9icAnEBejbwii7azUGHjpd2EEdcY9C9huxBH7SkQRkbS1c6wGDgfig,2,jupgfSgfuAXv4B6R2Uxu85Z1qdzgju79s6MfZekN6XS,jupiter,CtzPWv73Sn1dMGVU3ZtLv9yWSyUAanBni19YWDaznnkn,xBTC,0.01,1138.7030916666668
2025-10-10 18:59:55.000 UTC,CZyykCc3MG2g1JKgwFTLNsoBHfo5xjeNeKaquppwww9Kygp7Mp7c3aBU6xYYFbfhkHrTzV7XUcWocD3gnHX2oty,2,jupgfSgfuAXv4B6R2Uxu85Z1qdzgju79s6MfZekN6XS,jupiter,EPjFWdd5AufqSSqeM2qN1xzybapC8G4wEGGkZwyTDt1v,USDC,19.174822,19.177535237313
2025-10-10 18:48:20.000 UTC,4DS5Fv2GGKeezrEG8tC9do9po9SJQJkVaVVeBRtktVo5mmZp8dRALUS9KxrEzThMnkswWwyzpeeAqL3o2FpeMw3f,2,jupgfSgfuAXv4B6R2Uxu85Z1qdzgju79s6MfZekN6XS,jupiter,EPjFWdd5AufqSSqeM2qN1xzybapC8G4wEGGkZwyTDt1v,USDC,0.519884,0.519957563586
2025-10-10 18:48:37.000 UTC,Bn4Noe5LNWHcBpqp52nPGBhdZvFESfGTyR9yKTZub8MMkxrqkJhi4qDULt4y9Dmdi6pemEBC68php8VN4Y5Xom3,2,jupgfSgfuAXv4B6R2Uxu85Z1qdzgju79s6MfZekN6XS,jupiter,EPjFWdd5AufqSSqeM2qN1xzybapC8G4wEGGkZwyTDt1v,USDC,183.952398,183.978427264317
2025-10-10 18:48:31.000 UTC,2mQoVH4zETB9ZZRhLyDJScN2DKWwmxzm8chvzcCxtu4oJwn82KmGRRwyocBsWUxU7aQfbGtJ4iXxdAMchD3vNWTq,2,jupgfSgfuAXv4B6R2Uxu85Z1qdzgju79s6MfZekN6XS,jupiter,EPjFWdd5AufqSSqeM2qN1xzybapC8G4wEGGkZwyTDt1v,USDC,16.629591,16.631944087126502
2025-10-10 18:48:33.000 UTC,2w2EX2R93BFfhT1CHNUdvpZ9qiavuxDc3JztXxPoh9iNfM1sUvhh4P2BECLVwiBAazM5LBjjACautxmT1fryHarj,3,jupgfSgfuAXv4B6R2Uxu85Z1qdzgju79s6MfZekN6XS,jupiter,EPjFWdd5AufqSSqeM2qN1xzybapC8G4wEGGkZwyTDt1v,USDC,19.354102,19.356840605433
2025-10-10 18:49:04.000 UTC,3dS6W1FbmGqmufjqJwZ8e8XUkXtm5s1UVChumRRyZssLLXQvrdwQko6f4t297NPjcBSUKVECBeKc21rNgV8CBw6h,2,jupgfSgfuAXv4B6R2Uxu85Z1qdzgju79s6MfZekN6XS,jupiter,EPjFWdd5AufqSSqeM2qN1xzybapC8G4wEGGkZwyTDt1v,USDC,182.146324,182.172097704846
2025-10-10 18:49:02.000 UTC,3EvxqHarNNoya4saHYsmvpaKNCZawJGKAEMi83bKeZkAAZT9BVzYdpvrpkLdtWH7GPGTxXx6E8Kcyr9CshJCaq97,2,jupgfSgfuAXv4B6R2Uxu85Z1qdzgju79s6MfZekN6XS,jupiter,EPjFWdd5AufqSSqeM2qN1xzybapC8G4wEGGkZwyTDt1v,USDC,16.44267,16.444996637805
2025-10-10 18:48:11.000 UTC,5syHyE81ESsSUjApbxf7osJDvKbkoEgNKevMFwj7ujzjZofJM4Y7EYrgY9Utsxaxu2sbzGAYexaQVgbweVeAuKF4,2,jupgfSgfuAXv4B6R2Uxu85Z1qdzgju79s6MfZekN6XS,jupiter,EPjFWdd5AufqSSqeM2qN1xzybapC8G4wEGGkZwyTDt1v,USDC,19.526961,19.5297240649815
2025-10-10 18:40:28.000 UTC,f79FakJZDUJGEy3wVAmNtvhx4XeaC1orG3t7R9AsTnyAtYoFFU89EEyVdHdvxD2C4bLLY5h9PPUtn83gjFzM3da,2,jupgfSgfuAXv4B6R2Uxu85Z1qdzgju79s6MfZekN6XS,jupiter,EPjFWdd5AufqSSqeM2qN1xzybapC8G4wEGGkZwyTDt1v,USDC,16.775756,16.778129769474003
2025-10-10 18:40:33.000 UTC,2S4Eczkp4Qz4ijG7V5jPNmAps68YgtHYphRjJ96B6HjgPamXRRhN9QKZACrBGFMCD3wkgcrFyhfn4xb8U1aJGFeZ,2,jupgfSgfuAXv4B6R2Uxu85Z1qdzgju79s6MfZekN6XS,jupiter,EPjFWdd5AufqSSqeM2qN1xzybapC8G4wEGGkZwyTDt1v,USDC,182.665461,182.6913081627315
2025-10-10 18:13:49.000 UTC,yXjUofNpKFG1R2pGdYAYm3ZinxY6fWRna1Wb4xM2ug3zG9tNu2wmLjHFUKcmGgJpxbdyxHuEMzSecT2CKQcr14Y,2,jupgfSgfuAXv4B6R2Uxu85Z1qdzgju79s6MfZekN6XS,jupiter,EPjFWdd5AufqSSqeM2qN1xzybapC8G4wEGGkZwyTDt1v,USDC,19.755696,19.758491430984
2025-10-10 18:07:34.000 UTC,122U6DKjLxzaqzcSZ9wL424cQuPCRBDKRvfN2aBWekEBH8doXhbo3QWjf6Cjm9MGjDEwUPYn6sF92J6tSgAe8M5,2,jupgfSgfuAXv4B6R2Uxu85Z1qdzgju79s6MfZekN6XS,jupiter,EPjFWdd5AufqSSqeM2qN1xzybapC8G4wEGGkZwyTDt1v,USDC,19.940739,19.9435606145685
2025-10-10 18:07:37.000 UTC,4iaKrVDe6gwjXNmN9G2jD8zBVcYZ9CzwzqhbBWarM5bDP4c5xLcRxpnhh3qrxeTFDqrzJjEHqBXzcSCxwB99wfho,2,jupgfSgfuAXv4B6R2Uxu85Z1qdzgju79s6MfZekN6XS,jupiter,EPjFWdd5AufqSSqeM2qN1xzybapC8G4wEGGkZwyTDt1v,USDC,170.147352,170.17142785030802
2025-10-10 18:07:44.000 UTC,4iBMUzFJ1UrBpZ5WiS8QhrCxr1z8HwSaYhJ13sz3ebsuqYWwvawMijKjsTYk7MHDPsDeew9VQ5Jf9fPT5UauZ6b7,3,jupgfSgfuAXv4B6R2Uxu85Z1qdzgju79s6MfZekN6XS,jupiter,EPjFWdd5AufqSSqeM2qN1xzybapC8G4wEGGkZwyTDt1v,USDC,16.935083,16.9374793142445
2025-10-10 18:07:38.000 UTC,4GPwhXgdEeCipmZLptTKTk654PnP4Cre2we6adk4Cki4nKesRhtbaP6JrZhTVm5Swn6SZhYqAQ5CsYQQeJKheRwe,2,jupgfSgfuAXv4B6R2Uxu85Z1qdzgju79s6MfZekN6XS,jupiter,EPjFWdd5AufqSSqeM2qN1xzybapC8G4wEGGkZwyTDt1v,USDC,0.529925,0.5299999843875
2025-10-10 18:07:23.000 UTC,5xtpAFHCHp7sM4he7HtppbfrLakCGXfLB1kiVWCfzWAgQJKQPjEZMg7X9oWc1ExyqxSfTrrQT48AnFqora5x5tCH,2,jupgfSgfuAXv4B6R2Uxu85Z1qdzgju79s6MfZekN6XS,jupiter,EPjFWdd5AufqSSqeM2qN1xzybapC8G4wEGGkZwyTDt1v,USDC,17.050956,17.053368710274
2025-10-10 18:48:32.000 UTC,2mmdfU1EpdeaHrihpbxaC2VRWSVX9edqqUxemxN1GCG2ofc5DDK1nVRHMAUHirDfXQztCGrx1yVf7tkjBzaCHqha,2,jupgfSgfuAXv4B6R2Uxu85Z1qdzgju79s6MfZekN6XS,jupiter,Es9vMFrzaCERmJfrF4H2FYD4KCoNkY11McCe8BenwNYB,USDT,13.383153,13.389284714599501
2025-10-10 18:49:05.000 UTC,2buz1d6oJyhyyFX7oJ9nvnj49mdoBk7T872HKWVviXFZvdby5fvubW5sQRJVMsPuEouPMZfoZX2VwFbvemQZe5Hs,2,jupgfSgfuAXv4B6R2Uxu85Z1qdzgju79s6MfZekN6XS,jupiter,Es9vMFrzaCERmJfrF4H2FYD4KCoNkY11McCe8BenwNYB,USDT,13.268082,13.274160992903001
2025-10-10 18:40:34.000 UTC,4qeYVVUPix9EAoWZwYczTRVndH2vqtXdn9xk6CPTMTERKyBR12CQkwfLiXPfMWCmr8XCtxEcZAwYokj5n49ZJRD4,2,jupgfSgfuAXv4B6R2Uxu85Z1qdzgju79s6MfZekN6XS,jupiter,Es9vMFrzaCERmJfrF4H2FYD4KCoNkY11McCe8BenwNYB,USDT,13.481284,13.487460674952668
2025-10-10 18:07:42.000 UTC,5GaiXB9QknXqHS7NqBxc3AdVjCfbJNGE5ayPJ9AqZ49cAZVas8vBm7ufngrFfH1Ly3U2pwY7iGo4NEnovrbg6NDZ,2,jupgfSgfuAXv4B6R2Uxu85Z1qdzgju79s6MfZekN6XS,jupiter,Es9vMFrzaCERmJfrF4H2FYD4KCoNkY11McCe8BenwNYB,USDT,13.587472,13.593697326754668
2025-10-10 18:07:24.000 UTC,5jMoHBWo1xgMpsbMuy9agsMJ7HwssamSFVaD6thSDhkPD5zPZh9eQH6d2EJkkDAZr92oV7E81n2GhTKU36K8V7kb,2,jupgfSgfuAXv4B6R2Uxu85Z1qdzgju79s6MfZekN6XS,jupiter,Es9vMFrzaCERmJfrF4H2FYD4KCoNkY11McCe8BenwNYB,USDT,13.733566,13.739858262155668
2025-10-10 22:25:44.000 UTC,4gJ61aRWP4sC2cpYV724hzjaMXqyiokgA3uSg7iSS2hHkM3EMr6VZs4JNzDR9NLr2rcDR5g5ESJE9wFUuMNsjC8T,3,KLend2g3cP87fffoy8q1mQqGKjrxjC8boSyAYavgmjD,kamino,EPjFWdd5AufqSSqeM2qN1xzybapC8G4wEGGkZwyTDt1v,USDC,18098.2329,18118.121349771023
2025-10-10 22:25:58.000 UTC,5CdQT2oDeYcEhCA3csAR7PCV89xqMeEq96uJD8Jz21yeYdyAFmSfZB3waQpdu4DzSSKsgkaahzKc6DCcWepHkpxY,3,KLend2g3cP87fffoy8q1mQqGKjrxjC8boSyAYavgmjD,kamino,EPjFWdd5AufqSSqeM2qN1xzybapC8G4wEGGkZwyTDt1v,USDC,8933.418361,8943.235443327208
2025-10-10 22:18:49.000 UTC,3ib5gqKVhdqNCYL5CxHeEqWxbycJnnszWs1XWdg3RRNMxwWTizNd3LksDZVT5FgTYLehytEdwDPpzv6bs3i5VGmp,3,KLend2g3cP87fffoy8q1mQqGKjrxjC8boSyAYavgmjD,kamino,EPjFWdd5AufqSSqeM2qN1xzybapC8G4wEGGkZwyTDt1v,USDC,62085.801411,62154.0285329339
2025-10-10 22:18:50.000 UTC,2vn2p6gTCYXQroBbFcCRRdEFW4AxG2gKc4jbGhD3PFHobGSN4HxPmhGvLTHcvS1i3t1u9awcxP47e5Zjs67LXqsH,3,KLend2g3cP87fffoy8q1mQqGKjrxjC8boSyAYavgmjD,kamino,EPjFWdd5AufqSSqeM2qN1xzybapC8G4wEGGkZwyTDt1v,USDC,8817.274064,8826.963513423496
2025-10-10 22:17:48.000 UTC,5Y6qgtFRzSoUiEyoNJxBKHAozTYd6uAXRRkGSh3tYYn2rigRDMB7xNQjooUn5sSS3VDu8QxzbqYmkWZU4efk2AZp,3,KLend2g3cP87fffoy8q1mQqGKjrxjC8boSyAYavgmjD,kamino,EPjFWdd5AufqSSqeM2qN1xzybapC8G4wEGGkZwyTDt1v,USDC,7994.228669,8003.013660121508
2025-10-10 22:14:11.000 UTC,kJHdUCg5hCNw2JX6DWKfTc8dv5UaRaq5E8QTrNw9pviv18JgngKNCxNsXEdj6ygxWaeVroVvj3ZP4ZEucBuujty,3,KLend2g3cP87fffoy8q1mQqGKjrxjC8boSyAYavgmjD,kamino,EPjFWdd5AufqSSqeM2qN1xzybapC8G4wEGGkZwyTDt1v,USDC,7925.069216,7933.778206645949
2025-10-10 22:10:42.000 UTC,45b1NNFhy6hwsAaT6um4YuWrR1LxM89e7GJdCP5WJdAZHyUPszSPxN59XQsprFQVQ96HxfCzQc3TwyMj6mm8zpcg,3,KLend2g3cP87fffoy8q1mQqGKjrxjC8boSyAYavgmjD,kamino,EPjFWdd5AufqSSqeM2qN1xzybapC8G4wEGGkZwyTDt1v,USDC,7961.893894,7970.643351898348
2025-10-10 22:08:21.000 UTC,5hscDGGFfDKHcDTcrPaVmVPat8AAxQC9W4zbsSqCkKyY7q6mV77EyGRsVV99DMQHJxzLANsE9FxNADwDDp35tr9N,3,KLend2g3cP87fffoy8q1mQqGKjrxjC8boSyAYavgmjD,kamino,EPjFWdd5AufqSSqeM2qN1xzybapC8G4wEGGkZwyTDt1v,USDC,15899.840055,15917.312654233774
2025-10-10 22:06:54.000 UTC,3P1zbhi6KuTDKTrN6XUjFuLBQQX5YhoZ6Ss4pvwbzRpuhtDCLD8x6XAAQC6a1vUE74RBepBeKvjXeKVnYQhNKEX3,3,KLend2g3cP87fffoy8q1mQqGKjrxjC8boSyAYavgmjD,kamino,EPjFWdd5AufqSSqeM2qN1xzybapC8G4wEGGkZwyTDt1v,USDC,7903.755389,7912.440957526228
2025-10-10 22:06:37.000 UTC,4MDhaSJ4AWvfWyHmaQ7msERnmwkT6XTjNBPxNLG5bEpSbdR56oH4QJpHhXmtoVFrFKWMDDyjNKtu6c5nNk6xWa17,3,KLend2g3cP87fffoy8q1mQqGKjrxjC8boSyAYavgmjD,kamino,EPjFWdd5AufqSSqeM2qN1xzybapC8G4wEGGkZwyTDt1v,USDC,22785.384863,22810.424102182362
2025-10-10 22:05:02.000 UTC,2h92uMjUavEwRMXenKRuGUrHY9oZx1zXXa3Y2vnM5sgdtyfBk4SnfhdiHPRrwwjC7RdaGtfRdE6Yq8pjDgpDxfFJ,3,KLend2g3cP87fffoy8q1mQqGKjrxjC8boSyAYavgmjD,kamino,EPjFWdd5AufqSSqeM2qN1xzybapC8G4wEGGkZwyTDt1v,USDC,7204.528083,7212.4452589858765
2025-10-10 22:28:31.000 UTC,2xgRRbzJQpo2jToDxqDCFU33wZs2a7tbD83NaQfCDUhDXRcyrk4VNzmaUaZDm7AjaeKw5rVr63PoWmLsXWy4JVgd,3,jupgfSgfuAXv4B6R2Uxu85Z1qdzgju79s6MfZekN6XS,jupiter,EPjFWdd5AufqSSqeM2qN1xzybapC8G4wEGGkZwyTDt1v,USDC,27101.279373,27131.06142059098
2025-10-10 22:04:29.000 UTC,4QU7Wo9AqnqyptUr9cT7TK7RT6nufXMxr22kdfVPE1xb5MMTevFEZFwZGzPxr3EttHx6zL3Zvw1y8Qqbmuj24xRP,3,jupgfSgfuAXv4B6R2Uxu85Z1qdzgju79s6MfZekN6XS,jupiter,EPjFWdd5AufqSSqeM2qN1xzybapC8G4wEGGkZwyTDt1v,USDC,20653.334542,20676.030835550446
2025-10-10 22:01:19.000 UTC,2WKnjMWMt4shkeMuHCcnrXoGSr8SYRH5zD7LNLgNT1qbcr4ZxKhG4dCzt2XDNFy2VhGHTY29Jtc2sdh5TjF7h57z,3,jupgfSgfuAXv4B6R2Uxu85Z1qdzgju79s6MfZekN6XS,jupiter,EPjFWdd5AufqSSqeM2qN1xzybapC8G4wEGGkZwyTDt1v,USDC,13443.987386,13458.761207804931
2025-10-10 19:29:51.000 UTC,VmdJv2kzni8bsUsMNZG1rNsfUofVCxPRSYWeFTken1yyVQBktujSJt53RrE7KJkZB2wf5LGERwvdB3EdmZ1SMKy,3,jupgfSgfuAXv4B6R2Uxu85Z1qdzgju79s6MfZekN6XS,jupiter,HzwqbKZw8HxMN6bF2yFZNrht3c2iXXzpKcFu7uBEDKtr,EURC,144.027744,167.204208472
2025-10-10 19:28:48.000 UTC,2sD2ustJQtNc2avVThiN9vF5aZahph5FCsGNZ95cboLTS2mrNELKoLnKJ9NAq1UCv53SkSptJdZuFztkRGMCs127,2,jupgfSgfuAXv4B6R2Uxu85Z1qdzgju79s6MfZekN6XS,jupiter,HzwqbKZw8HxMN6bF2yFZNrht3c2iXXzpKcFu7uBEDKtr,EURC,44.225425,51.34203297291666
2025-10-10 19:23:25.000 UTC,2JwwP5SbomVE5xdBYYLcMk71w8YuRnVm8CzrXex574L2g8knhjaa853KG1i81ieKJXvBope5849EHR5ZkyGqQpur,3,jupgfSgfuAXv4B6R2Uxu85Z1qdzgju79s6MfZekN6XS,jupiter,HzwqbKZw8HxMN6bF2yFZNrht3c2iXXzpKcFu7uBEDKtr,EURC,44.634709,51.81717758991667
2025-10-10 19:22:08.000 UTC,3zMFV6LiEjCcpKL9nLeWt7d5NvpzGfjGxgx22NBKFjpa6j48uonpY7wfAa4okMxPJkoQzNUqgssfbab3BGqPCVw5,2,jupgfSgfuAXv4B6R2Uxu85Z1qdzgju79s6MfZekN6XS,jupiter,HzwqbKZw8HxMN6bF2yFZNrht3c2iXXzpKcFu7uBEDKtr,EURC,41.501426,48.179697133833336
2025-10-10 19:20:34.000 UTC,3ATMrV8EvPbEbmSbBzJCJnjEGMpbi2wFSiEUfUfRT6W9dyxhVi9mvgByKJkS8DUHaskCz8vxCs3WNY5LoCkXdYst,2,jupgfSgfuAXv4B6R2Uxu85Z1qdzgju79s6MfZekN6XS,jupiter,HzwqbKZw8HxMN6bF2yFZNrht3c2iXXzpKcFu7uBEDKtr,EURC,37.172702,43.15440929683333
2025-10-10 19:18:54.000 UTC,29QxW7SAXbGriqHYb1XYTcb8e6B72PTXwTVjCoeSRmer5awf4jtJ8kxE4gNqqTp3dFoqWxDgoVxgdCJ1FrWjPXsD,2,jupgfSgfuAXv4B6R2Uxu85Z1qdzgju79s6MfZekN6XS,jupiter,HzwqbKZw8HxMN6bF2yFZNrht3c2iXXzpKcFu7uBEDKtr,EURC,37.466663,43.495673521083326
2025-10-10 19:12:01.000 UTC,5CvuCnbmBmBRBvoWAV9ZM5biqbqgxKizn4RNg74rZGXJubcpbeiUkLdjNMcykaJbA3fP7Ws2p4AsW148DLK3Y6Qh,2,jupgfSgfuAXv4B6R2Uxu85Z1qdzgju79s6MfZekN6XS,jupiter,HzwqbKZw8HxMN6bF2yFZNrht3c2iXXzpKcFu7uBEDKtr,EURC,37.823258,43.909650599833334
2025-10-10 19:11:40.000 UTC,66dAadMB1289PZufpGK9gyVhd9y2u6YZ3PVeqHz2YbG4qJXuirr9b9VMTCdb63cjz1XLE3WGa17PASW1WP9xiYSc,2,jupgfSgfuAXv4B6R2Uxu85Z1qdzgju79s6MfZekN6XS,jupiter,HzwqbKZw8HxMN6bF2yFZNrht3c2iXXzpKcFu7uBEDKtr,EURC,29.983892,34.80879995433333
2025-10-10 19:08:54.000 UTC,4agTqE6HvsXAQMzAt2bVTHYVvSiZX6BqusbkoUTM7T8LT5gtqsA7Q2QiRRRDaJ5mPcmNJaHkFXZxPtDs4yVQQSRD,2,jupgfSgfuAXv4B6R2Uxu85Z1qdzgju79s6MfZekN6XS,jupiter,HzwqbKZw8HxMN6bF2yFZNrht3c2iXXzpKcFu7uBEDKtr,EURC,30.181425,35.038119306249996
2025-10-10 20:56:39.000 UTC,2dqvMQSZ5PE1mj5KQuMQgRpDj53u1j2459CwCeU1Sq7iPkh5X9DgV3W7QGn4mEv4RdtH4Abry67beq6WAvPfnoS3,2,KLend2g3cP87fffoy8q1mQqGKjrxjC8boSyAYavgmjD,kamino,USDSwr9ApdHk5bvJKMjzff41FfuX8bSxdKcR81vTwcA,USDS,7.925776,7.926977415545334
2025-10-10 21:28:40.000 UTC,63kGNVWYyEtUrQsNwnTHVjmjfHrrhDiTYfKs4aySjKg7BtV4bt23Eojh2zey739HWeRoHJxGYKj8CkHVfoKTCs9X,2,KLend2g3cP87fffoy8q1mQqGKjrxjC8boSyAYavgmjD,kamino,cbbtcf3aa214zXHbiAZQwf4122FBYbraNdFqgw4iMij,cbBTC,0.01215286,1340.1088960149666
2025-10-10 21:27:21.000 UTC,223h5trgpeiSqaKX5WXqPZSjyFiArKoht8Qk7xv4by1zQdp1H5hgj3vJquDthhmXDdc1AV9i33sN4KtSAcpUpu5c,2,KLend2g3cP87fffoy8q1mQqGKjrxjC8boSyAYavgmjD,kamino,cbbtcf3aa214zXHbiAZQwf4122FBYbraNdFqgw4iMij,cbBTC,0.00151199,166.72875764928332
2025-10-10 21:27:30.000 UTC,21Dp5XW7HQAPu5ChESMwrm3UG3HMbkBxzEir5uzrpsM33SYiEopSsyJmUxEvqMo2d8VxZK8SvBgX3dRBE6HAjbnu,2,KLend2g3cP87fffoy8q1mQqGKjrxjC8boSyAYavgmjD,kamino,cbbtcf3aa214zXHbiAZQwf4122FBYbraNdFqgw4iMij,cbBTC,0.00072561,80.01379231205
2025-10-10 21:28:15.000 UTC,4Vu8d6637EhtwirTx4KVS6MxY9d9U8ihw14bXva9WhAwuhkFRJJ3MiRoqMjNsyHuHwdqP41ZNibEgVQtHfQ16WnS,2,KLend2g3cP87fffoy8q1mQqGKjrxjC8boSyAYavgmjD,kamino,cbbtcf3aa214zXHbiAZQwf4122FBYbraNdFqgw4iMij,cbBTC,0.02473846,2727.936495582967
2025-10-10 21:27:25.000 UTC,65zMimvRdYQxwZpA44nnX6bRpYiTXMhuS5uZ9ewfdtzxqWi6VSsJTWrPXnYDaxgB6gvDNNSUTetNNZj3ahMy3tEQ,2,KLend2g3cP87fffoy8q1mQqGKjrxjC8boSyAYavgmjD,kamino,cbbtcf3aa214zXHbiAZQwf4122FBYbraNdFqgw4iMij,cbBTC,0.00073507,81.05695665001667
2025-10-10 21:27:33.000 UTC,43ka48FGRtPVDcnAqhbz2p3Ad7XgEq8rt5zcJnXSGnC3imb3MVXkz4pnzGm6h8ev6DD67EceBaNdZLPZNFPA5bB6,2,KLend2g3cP87fffoy8q1mQqGKjrxjC8boSyAYavgmjD,kamino,cbbtcf3aa214zXHbiAZQwf4122FBYbraNdFqgw4iMij,cbBTC,0.00073507,81.05695665001667
2025-10-10 21:27:37.000 UTC,25zM8ZcKG9JaV5jEwcZna9s178aUtfAywy69p3iPB1cmwtrnDQSE2HQxrjuFAMbW8ow8gVR5VrxtERnE7daAne87,2,KLend2g3cP87fffoy8q1mQqGKjrxjC8boSyAYavgmjD,kamino,cbbtcf3aa214zXHbiAZQwf4122FBYbraNdFqgw4iMij,cbBTC,0.00073507,81.05695665001667
2025-10-10 21:25:06.000 UTC,XSsbdKeiYZcbWt3o2Qncmgcn3SscRCuZFwckoaHnR1BcFzzVbBqANSCrgFwGS8sWEfBXayAMZ7BQVZv2xVBFq4E,2,KLend2g3cP87fffoy8q1mQqGKjrxjC8boSyAYavgmjD,kamino,cbbtcf3aa214zXHbiAZQwf4122FBYbraNdFqgw4iMij,cbBTC,0.00076473,84.32759663565001
2025-10-10 21:24:45.000 UTC,27wshmLXWZQPQEuUYy6mfTWdFD3uQnZwuVgZEpvqRLtrxTf93BKaZomrgfDjiAHnzeuAC1ZAMKcuqXNxRP1om4BH,2,KLend2g3cP87fffoy8q1mQqGKjrxjC8boSyAYavgmjD,kamino,cbbtcf3aa214zXHbiAZQwf4122FBYbraNdFqgw4iMij,cbBTC,0.00321111,354.09254093955
2025-10-10 21:18:35.000 UTC,3EfURaamMQmaA4kVJiQz3vxnftFGGMnUnWSsRePbg3nkwMoW6UN3oNdeQveb6SFeSf5k48UmKE8az663eK4gb5pw,2,KLend2g3cP87fffoy8q1mQqGKjrxjC8boSyAYavgmjD,kamino,cbbtcf3aa214zXHbiAZQwf4122FBYbraNdFqgw4iMij,cbBTC,0.00355767,392.30808353635
2025-10-10 21:15:56.000 UTC,4AKCDtAVD2PnhabyeCto8YavbszfAvSB15HWCqpoenZpq7u3izV36hGSVLzVHtZEGiB2DdBV3VL95AbRbJ9jswtm,2,KLend2g3cP87fffoy8q1mQqGKjrxjC8boSyAYavgmjD,kamino,cbbtcf3aa214zXHbiAZQwf4122FBYbraNdFqgw4iMij,cbBTC,0.00282083,311.0559470894833
2025-10-10 21:15:56.000 UTC,5pZ82muoN4GZxP5aXE2tMKsdGgUPTh5wGcKdyU9VpdXSX8WLn2DZyjWWrUyJF5pjv85ZV1iUCYrRrDKuVgMmgbhM,2,KLend2g3cP87fffoy8q1mQqGKjrxjC8boSyAYavgmjD,kamino,cbbtcf3aa214zXHbiAZQwf4122FBYbraNdFqgw4iMij,cbBTC,0.00282083,311.0559470894833
2025-10-10 21:15:56.000 UTC,5EB3ZMLxtuq4LeiXSa6fbBAS89P8ss3VXCssDb5pEdeP7jrZhH8vpZ5R8en6TjtWZMuYHMXoMTwSf4JxvKG335Ru,2,KLend2g3cP87fffoy8q1mQqGKjrxjC8boSyAYavgmjD,kamino,cbbtcf3aa214zXHbiAZQwf4122FBYbraNdFqgw4iMij,cbBTC,0.00282083,311.0559470894833
2025-10-10 21:13:39.000 UTC,4njR7zuKiiUDmFA9jC32ee83e4fpkLMB71ehKh4HUoHuj5Ay5weKEiuAHNUUrno1yAzoBb2CTGDRLxJWMNSLJLRs,2,KLend2g3cP87fffoy8q1mQqGKjrxjC8boSyAYavgmjD,kamino,cbbtcf3aa214zXHbiAZQwf4122FBYbraNdFqgw4iMij,cbBTC,0.00096063,105.92969957515
2025-10-10 22:26:38.000 UTC,3oTe1983MGhGKG1476Jdk23Nptk4td7HZFmc4jFFen4n9RQGFV2gJ27DrmBtLRjSsUUqS6q1GP1VYxpvW2JM1Rgn,3,KLend2g3cP87fffoy8q1mQqGKjrxjC8boSyAYavgmjD,kamino,HzwqbKZw8HxMN6bF2yFZNrht3c2iXXzpKcFu7uBEDKtr,EURC,11.358823,13.147945531318499
2025-10-10 22:24:37.000 UTC,4AbD5ajjaDUCDMDBtTt9ji91FLnSiUQMLqfRAKEcWiNhsM5a1TxQBaaTWXPhRvxtToieQCx4LEhidGjrYbUwK7ve,3,KLend2g3cP87fffoy8q1mQqGKjrxjC8boSyAYavgmjD,kamino,HzwqbKZw8HxMN6bF2yFZNrht3c2iXXzpKcFu7uBEDKtr,EURC,0.299636,0.346831516542
2025-10-10 22:22:55.000 UTC,F3xGNsdbaYNs7JxcMxA9odW3BP53h8K76fWcneUZuVsjPNBsBBP2KvSfHWanzjvEB34GQj9G648LgAWui58T2ag,3,KLend2g3cP87fffoy8q1mQqGKjrxjC8boSyAYavgmjD,kamino,HzwqbKZw8HxMN6bF2yFZNrht3c2iXXzpKcFu7uBEDKtr,EURC,0.402923,0.46638720026849995
2025-10-10 22:28:55.000 UTC,5DL3pHmiderS2AxFcwYhKddzDMLgdxU5avLqx6zzXcMkDpDVwrVTPFZn1hLdLQuEcfMcu2VeywVCiQ8rqa3DFPoD,3,jupgfSgfuAXv4B6R2Uxu85Z1qdzgju79s6MfZekN6XS,jupiter,HzwqbKZw8HxMN6bF2yFZNrht3c2iXXzpKcFu7uBEDKtr,EURC,2180.504604,2523.954793923738
2025-10-10 22:28:00.000 UTC,3CRPC4TA6tqtUd48XquKD92GbmwyBz4m7NoJJNYyDgYiMNUH499ZzEdDGx8r8LXEgJgNetBAqSxmios6DPfF6K3f,3,jupgfSgfuAXv4B6R2Uxu85Z1qdzgju79s6MfZekN6XS,jupiter,HzwqbKZw8HxMN6bF2yFZNrht3c2iXXzpKcFu7uBEDKtr,EURC,0.075276,0.087132685122
2025-10-10 22:26:37.000 UTC,4uHsDzb93c2WDVfzws6HX3VEqAkMJpk8hdz1D63t4BQaUdQdDQJhdtXvFzpPoE1CMcJMQk7WCF1DPYf33Y5ueFST,3,jupgfSgfuAXv4B6R2Uxu85Z1qdzgju79s6MfZekN6XS,jupiter,HzwqbKZw8HxMN6bF2yFZNrht3c2iXXzpKcFu7uBEDKtr,EURC,5395.200285,6244.995584290207
2025-10-10 22:27:19.000 UTC,4dWxuzxU8m26snPLR8m65HFzfRop7mmojptHQV4kZibGPQ4XFVXqo4ZRpN6JC1jYXKizaG1morbYsSeo318WuCvp,3,jupgfSgfuAXv4B6R2Uxu85Z1qdzgju79s6MfZekN6XS,jupiter,HzwqbKZw8HxMN6bF2yFZNrht3c2iXXzpKcFu7uBEDKtr,EURC,41.995256,48.609907774932
2025-10-10 22:28:29.000 UTC,23kg2yjysUUXk95k6hJR3QiFooBCU2JLS6KAbxUQxjK5nwsTRwNXE98mYr7T3b44njV4TQA7qDU1YaAaDQPQUHop,3,jupgfSgfuAXv4B6R2Uxu85Z1qdzgju79s6MfZekN6XS,jupiter,HzwqbKZw8HxMN6bF2yFZNrht3c2iXXzpKcFu7uBEDKtr,EURC,8.632681,9.9924102679695
2025-10-10 22:24:16.000 UTC,5YjJi3idK5pNXfwQi3MMeEFJpuztsayHqg2775dR1UhoHRHLVpi8EELWspwHpstSryxtoq2bHtap5gd1wPvdisSL,3,jupgfSgfuAXv4B6R2Uxu85Z1qdzgju79s6MfZekN6XS,jupiter,HzwqbKZw8HxMN6bF2yFZNrht3c2iXXzpKcFu7uBEDKtr,EURC,5.028899,5.8209983670405
2025-10-10 22:24:27.000 UTC,62EexTfacMYqcA6iwCXUuQmWjmvSJr4xBrApSAyEDw2YRfG1QCA5sWiiw6fxDUqZyQJQQt9XKNiNfpe8V5py21JX,3,jupgfSgfuAXv4B6R2Uxu85Z1qdzgju79s6MfZekN6XS,jupiter,HzwqbKZw8HxMN6bF2yFZNrht3c2iXXzpKcFu7uBEDKtr,EURC,1035.119595,1198.1607648486524
2025-10-10 22:22:54.000 UTC,4qMQHiw6392JvvHDht9CjcXmF44fTKDJsPUyCNn6tJUsvHzfVK5TbFppvmoiyLy2HvLjVLnufWZLfRDwXCJLgdi9,3,jupgfSgfuAXv4B6R2Uxu85Z1qdzgju79s6MfZekN6XS,jupiter,HzwqbKZw8HxMN6bF2yFZNrht3c2iXXzpKcFu7uBEDKtr,EURC,1425.985314,1650.591547815483
2025-10-10 22:21:05.000 UTC,2SNFj13x3vHM7xTxQh4XPTRUMcGDSSuXdRTyVErGdbFjnrD6D7TzKqLWk3ekLyZdnN2WCJFXn35AiH5482i9cbNX,3,jupgfSgfuAXv4B6R2Uxu85Z1qdzgju79s6MfZekN6XS,jupiter,HzwqbKZw8HxMN6bF2yFZNrht3c2iXXzpKcFu7uBEDKtr,EURC,9.671383,11.1947177006385
2025-10-10 22:14:53.000 UTC,cYUJBCYVxCRFiaBnLTUGH2rbjC6QVuENCfb6YChV6EnYKQrm9ETsybT3mXDhfLNxYdKyouizqbWK9RsrakUnLv6,3,jupgfSgfuAXv4B6R2Uxu85Z1qdzgju79s6MfZekN6XS,jupiter,HzwqbKZw8HxMN6bF2yFZNrht3c2iXXzpKcFu7uBEDKtr,EURC,14.977615,17.3367316498425
2025-10-10 22:07:04.000 UTC,MHVUWiba4NC2cfy98TymdTDM8zKSYdaxtQBjnXZ8x27yXPTTzVeYq27hEBoE4b78m5oAURRpPg9HmB9n7XspBG6,3,jupgfSgfuAXv4B6R2Uxu85Z1qdzgju79s6MfZekN6XS,jupiter,HzwqbKZw8HxMN6bF2yFZNrht3c2iXXzpKcFu7uBEDKtr,EURC,3760.032366,4352.273183952477
2025-10-10 22:07:58.000 UTC,5WUMjDC4V4yxmhZFaVc8zDLCJuVzPipkcAhZwvUrJzjrAxVj1nFqWP4Dt9vuXFY2k8bVCaNaD5vTdJ3tUsw3eEj3,3,jupgfSgfuAXv4B6R2Uxu85Z1qdzgju79s6MfZekN6XS,jupiter,HzwqbKZw8HxMN6bF2yFZNrht3c2iXXzpKcFu7uBEDKtr,EURC,2187.642049,2532.2164543169656
2025-10-10 22:06:42.000 UTC,5z2LHnHs43Eksnqi7ShB19BC1UYTzipnf21U9qPfRq5Cb7Z3rCYbGuBNMW4BXqfDynUPhRRuTDS8STdLLwVSpMfs,3,jupgfSgfuAXv4B6R2Uxu85Z1qdzgju79s6MfZekN6XS,jupiter,HzwqbKZw8HxMN6bF2yFZNrht3c2iXXzpKcFu7uBEDKtr,EURC,25.959323,30.0481629860685
2025-10-10 22:05:18.000 UTC,2UhuiJL4aAXct6G9gNBe5UPJPgx4TyhVaXunhoSAEdstPpYo2fXqEQqVvDjtxqSQhxixS5nGqTd13cijapuBrd9W,3,jupgfSgfuAXv4B6R2Uxu85Z1qdzgju79s6MfZekN6XS,jupiter,HzwqbKZw8HxMN6bF2yFZNrht3c2iXXzpKcFu7uBEDKtr,EURC,2033.526671,2353.8264401858746
2025-10-10 22:04:17.000 UTC,4VQHxRq69y1F3cNkeX21kuQbvcsZBUNJ4JbBMqU9RyA8J7uzcXHDXvNg4hWQAU2LoecaEuR9TxZGjdoFWCnLQtfJ,3,jupgfSgfuAXv4B6R2Uxu85Z1qdzgju79s6MfZekN6XS,jupiter,HzwqbKZw8HxMN6bF2yFZNrht3c2iXXzpKcFu7uBEDKtr,EURC,16.268711,18.8311875352545
2025-10-10 22:04:56.000 UTC,A594djf1NRfY3ZoqnDcKgKawJixr6whSthEixoYNJGLyALj8Edj5QKjFvTPPNn7QS1rWZ73pTrZJTAodd8qWt58,3,jupgfSgfuAXv4B6R2Uxu85Z1qdzgju79s6MfZekN6XS,jupiter,HzwqbKZw8HxMN6bF2yFZNrht3c2iXXzpKcFu7uBEDKtr,EURC,5.259149,6.0875149294155
2025-10-10 22:02:34.000 UTC,3poWwKKiBKTKMJZvj3kWvoWVCNYXokR1rveFocNhVMLSZtnwY43RDbpFnUDVSYJWmUWxhsEmWsm8eiMNGPBwLLSW,3,jupgfSgfuAXv4B6R2Uxu85Z1qdzgju79s6MfZekN6XS,jupiter,HzwqbKZw8HxMN6bF2yFZNrht3c2iXXzpKcFu7uBEDKtr,EURC,1756.251397,2032.8776764157715
2025-10-10 22:01:01.000 UTC,3Rf4wuBWFHJTkKEcEFFi95ZhuG8xvvFcb7jS5EXzjYK3aYXB3o6oq9EGmQiCRZwQwqcA7pXWuzkwo2rj4KvsAfgo,3,jupgfSgfuAXv4B6R2Uxu85Z1qdzgju79s6MfZekN6XS,jupiter,HzwqbKZw8HxMN6bF2yFZNrht3c2iXXzpKcFu7uBEDKtr,EURC,52.815168,61.134058704096
2025-10-10 22:01:27.000 UTC,5j9ddMzX2UxYjbnn16TUXckcnJCTVLR4ALCuc8g8AVvz3aSBqZSdAewBCMqXcGVfT3n25s2dm2YRa46ikkeEeyvj,3,jupgfSgfuAXv4B6R2Uxu85Z1qdzgju79s6MfZekN6XS,jupiter,HzwqbKZw8HxMN6bF2yFZNrht3c2iXXzpKcFu7uBEDKtr,EURC,0.265996,0.307892896962
2025-10-10 21:37:29.000 UTC,3HAktq83jwBymhcUcw4i6WoudjcH4BeXxNmYpUGNrMgeJsEYUVSePZe2R4o17yELwSHHrkpuNrbWeG2JBh1jmVxi,2,KLend2g3cP87fffoy8q1mQqGKjrxjC8boSyAYavgmjD,kamino,USDSwr9ApdHk5bvJKMjzff41FfuX8bSxdKcR81vTwcA,USDS,1.08395,1.0906553147
2025-10-10 21:38:49.000 UTC,Bwu9sE43H56EdgqC4d2k6yXjQWD7LqFYcKzyCt277ocoejRe7Nh42Rgeju958DCU8KCq4zfapuemskKFJddjBEV,2,KLend2g3cP87fffoy8q1mQqGKjrxjC8boSyAYavgmjD,kamino,USDSwr9ApdHk5bvJKMjzff41FfuX8bSxdKcR81vTwcA,USDS,467.908055,470.80253422823
2025-10-10 21:33:57.000 UTC,42FHpuTE5zjbbKopQwU145veFRRQJ4ACU9wMxCQt4mb7qnDx2qGJTY4Ja8VVdyX7F3ksdutrUELfkNq2z8ditghv,2,KLend2g3cP87fffoy8q1mQqGKjrxjC8boSyAYavgmjD,kamino,USDSwr9ApdHk5bvJKMjzff41FfuX8bSxdKcR81vTwcA,USDS,2.758597,2.775661681042
2025-10-10 21:28:40.000 UTC,48mn6tfmScUvvyYSUexMhUUpeVDA7bt4XKbNNmChHQ9cmaEJWGA7DwBCoUWC78TCf4qoBG9tgZzLRweJAT8HmTPb,2,KLend2g3cP87fffoy8q1mQqGKjrxjC8boSyAYavgmjD,kamino,USDSwr9ApdHk5bvJKMjzff41FfuX8bSxdKcR81vTwcA,USDS,0.097094,0.097694623484
2025-10-10 21:28:15.000 UTC,5sgjXU4k6dXBf1BqoBvjFeu86wAKdaZBwihzYEz7vrgLdMa1WLZsYgY57xz3W23RbjcU9eAoYiTi62LzVbFk7HgM,2,KLend2g3cP87fffoy8q1mQqGKjrxjC8boSyAYavgmjD,kamino,USDSwr9ApdHk5bvJKMjzff41FfuX8bSxdKcR81vTwcA,USDS,0.711364,0.715764497704
2025-10-10 21:13:22.000 UTC,2r2UDW3vRyzpiGZM68aeNinZqKW9ix4CPyBypFTzvPMP2Xf8qeobqjazL1H2wHmifeMfMpLTPgVaBExmJ4ARNkBJ,2,KLend2g3cP87fffoy8q1mQqGKjrxjC8boSyAYavgmjD,kamino,USDSwr9ApdHk5bvJKMjzff41FfuX8bSxdKcR81vTwcA,USDS,0.190605,0.19178408253
2025-10-10 21:13:10.000 UTC,2DBmuf1vdEjPA5HTxmk5jdC26R9C19MV5ftWoNbujzYJ6zry71jhhY9CzC1AVvrmXYHXXkUbZ3cPa8KTDWE8arF8,2,KLend2g3cP87fffoy8q1mQqGKjrxjC8boSyAYavgmjD,kamino,USDSwr9ApdHk5bvJKMjzff41FfuX8bSxdKcR81vTwcA,USDS,0.190605,0.19178408253
2025-10-10 21:13:10.000 UTC,3QJ89rRKsWTcNGBAYpjvAxyuu5bjE2moYfD3x768eGUE9akv1YSc8YUWWoatidAse7sdrKFDXw6AJCMBy9YsNkUU,2,KLend2g3cP87fffoy8q1mQqGKjrxjC8boSyAYavgmjD,kamino,USDSwr9ApdHk5bvJKMjzff41FfuX8bSxdKcR81vTwcA,USDS,0.190605,0.19178408253
2025-10-10 21:13:02.000 UTC,2KFLneTd5BrJFgf8DPQY5v6crc4xKeuDJNbEMkuRQZqgKerrCwMuAkjhLSYHTCWamM8PPBkpT2z1ER2cqbC3tG32,2,KLend2g3cP87fffoy8q1mQqGKjrxjC8boSyAYavgmjD,kamino,USDSwr9ApdHk5bvJKMjzff41FfuX8bSxdKcR81vTwcA,USDS,0.384588,0.386967061368
2025-10-10 21:04:05.000 UTC,4coaHGnjzzo45ZENPBPLM2pCnZXNTf1KzveXxrW7YjEnBhGAkPJowjyEdiZdxruAXPmXXv8JtTAgzSuwDiZzytwQ,2,KLend2g3cP87fffoy8q1mQqGKjrxjC8boSyAYavgmjD,kamino,USDSwr9ApdHk5bvJKMjzff41FfuX8bSxdKcR81vTwcA,USDS,3.589246,3.611449075756
2025-10-10 21:55:59.000 UTC,3dyvVSrt4MBWVVbQzDgGnW8L89jNWCxy5ZetCpViYzewj3xjqkqbwmZ44Kdm2DnxHHhKbsQx7VVvB1DQtxhkPYdb,3,jupgfSgfuAXv4B6R2Uxu85Z1qdzgju79s6MfZekN6XS,jupiter,USDSwr9ApdHk5bvJKMjzff41FfuX8bSxdKcR81vTwcA,USDS,6733.898471,6775.5543669416065
2025-10-10 21:01:43.000 UTC,45Q9zfDmdJhq5d2zLaQyh2UqN63bKHeUY88iiWXVEeVXt12ezqgGzpRbvBr7BcsFa7BfWD8oNBQHbqai89t8Yqop,3,jupgfSgfuAXv4B6R2Uxu85Z1qdzgju79s6MfZekN6XS,jupiter,USDSwr9ApdHk5bvJKMjzff41FfuX8bSxdKcR81vTwcA,USDS,15.33694,15.43181431084
2025-10-10 17:57:43.000 UTC,9pVgik93uVqyipGLMXRf7fhEnymRbJKoywTFsqWS7bfD6kAM7rfkPd22d3vhYZh2L7Q6JtapV1Cm7dHMj7mUu39,2,jupgfSgfuAXv4B6R2Uxu85Z1qdzgju79s6MfZekN6XS,jupiter,USDSwr9ApdHk5bvJKMjzff41FfuX8bSxdKcR81vTwcA,USDS,4.495869,4.4952553138815
2025-10-10 17:11:26.000 UTC,49G88Dj4UdA78bKT23a8K9BZk3jr37iss7oYznbHhdG5CKnBVMwSQegpC1NSexuvaiz3yimDqUx2ZfkHChwJWzmx,2,jupgfSgfuAXv4B6R2Uxu85Z1qdzgju79s6MfZekN6XS,jupiter,USDSwr9ApdHk5bvJKMjzff41FfuX8bSxdKcR81vTwcA,USDS,4.569836,4.569212217385999
2025-10-10 20:56:29.000 UTC,4KYKFKifRYCFoLjhDMReFUjKczg4bbE3cuELw5ACbwjpHECUUynrxrSQmgZ295ZxcXka2z8okgWcDd1kCSpWtuDR,2,KLend2g3cP87fffoy8q1mQqGKjrxjC8boSyAYavgmjD,kamino,2u1tszSeqZ3qBWF3uNGPFc8TzMk2tdiwknnRMWGWjGWH,USDG,50.513436,50.536705856184
2025-10-10 20:56:29.000 UTC,5rRu7bX78dqn8eTfNQQcaP1RxavomsgMgX4H8p5jTuDpG3PcjZ9UAycBkiB46F6EmZCPbZwB3qXYa2cmvxiLjmdC,2,KLend2g3cP87fffoy8q1mQqGKjrxjC8boSyAYavgmjD,kamino,2u1tszSeqZ3qBWF3uNGPFc8TzMk2tdiwknnRMWGWjGWH,USDG,50.513436,50.536705856184
2025-10-10 20:56:23.000 UTC,41U66hb7FdvRsCKmohyjtsnsGctmghoFao4XdeTAta29iK4NvneidpY7ksw95psyeifjBj2abhKXq8jxdn2zHoja,2,KLend2g3cP87fffoy8q1mQqGKjrxjC8boSyAYavgmjD,kamino,2u1tszSeqZ3qBWF3uNGPFc8TzMk2tdiwknnRMWGWjGWH,USDG,50.513436,50.536705856184
2025-10-10 20:56:23.000 UTC,2SGmcobRJJwbCTDQC6cv5363Btr8QA1VnQ16USgRzedzpa4BDGTfeoeSRgyxeTHyTySgsmBMDNzkvmGRamBV3SSC,2,KLend2g3cP87fffoy8q1mQqGKjrxjC8boSyAYavgmjD,kamino,2u1tszSeqZ3qBWF3uNGPFc8TzMk2tdiwknnRMWGWjGWH,USDG,50.513436,50.536705856184
2025-10-10 20:56:58.000 UTC,2YQnGHmvYB5RaufqFstZjEnfuT6VKtpJFEBoJDxsJZ8XBNsmhzRN2qyZRMx5VBvMhhpXBKV6LznDrkJGjBT9nmoW,2,KLend2g3cP87fffoy8q1mQqGKjrxjC8boSyAYavgmjD,kamino,2u1tszSeqZ3qBWF3uNGPFc8TzMk2tdiwknnRMWGWjGWH,USDG,739.831583,740.1723987492353
2025-10-10 20:56:14.000 UTC,3VSPStttcNtCmua7etvnSWS2zMfx8JZkC4ZDFxJkv2ZemS3fxoDpsA5iaCVJHLjbhAt7rFRNvbeQyFki4udxVtzW,2,KLend2g3cP87fffoy8q1mQqGKjrxjC8boSyAYavgmjD,kamino,2u1tszSeqZ3qBWF3uNGPFc8TzMk2tdiwknnRMWGWjGWH,USDG,50.513436,50.536705856184
2025-10-10 20:56:24.000 UTC,osZQtN8ZWyD1UDRCswgH8G84zqphCW1NTtCHYpYxsWQav3VMLcgK4sCTK5zJptxqpnVEt3QAJ2ZRdDnSpdp4VgY,2,KLend2g3cP87fffoy8q1mQqGKjrxjC8boSyAYavgmjD,kamino,2u1tszSeqZ3qBWF3uNGPFc8TzMk2tdiwknnRMWGWjGWH,USDG,49.263437,49.286131023311334
2025-10-10 20:54:10.000 UTC,3fKZQa8tXFiwFsBuoCjwJB1y8qxMsNQXNpj5N6faoDDjAaA9nQYa4fU6sLJtCRVvGcKR2AdDhmj9rSdFJnEay7oN,2,KLend2g3cP87fffoy8q1mQqGKjrxjC8boSyAYavgmjD,kamino,2u1tszSeqZ3qBWF3uNGPFc8TzMk2tdiwknnRMWGWjGWH,USDG,51.713375,51.73719762808333
2025-10-10 20:54:45.000 UTC,ay3Bpeud5gBin653wJ1hPayEH3on9cnxZEudiaFWsC3FkHuok2rTChmViMcdxKtEeBrjq1PtVq3h8fLrgprcsJ2,2,KLend2g3cP87fffoy8q1mQqGKjrxjC8boSyAYavgmjD,kamino,2u1tszSeqZ3qBWF3uNGPFc8TzMk2tdiwknnRMWGWjGWH,USDG,100.82939,100.87583873899334
2025-10-10 20:54:39.000 UTC,584uw4GQUhFFbKBJVybhuBYxJpJyeLue3J5VC4KAPPLgX4Ubbd8jYqi86JvZPDNbmLATCWv3V9XY2TunRPH47Lb6,2,KLend2g3cP87fffoy8q1mQqGKjrxjC8boSyAYavgmjD,kamino,2u1tszSeqZ3qBWF3uNGPFc8TzMk2tdiwknnRMWGWjGWH,USDG,25.339856,25.351529226997336
2025-10-10 20:53:11.000 UTC,2dW6wnaqwRxLi2T5c4TZzbBR2tXGg6N8xSVpfTC8mRYwKDSKZ4whNrv9GnWBKjwYvghZZkuwfp6JZwkrxEiQzhCt,2,KLend2g3cP87fffoy8q1mQqGKjrxjC8boSyAYavgmjD,kamino,2u1tszSeqZ3qBWF3uNGPFc8TzMk2tdiwknnRMWGWjGWH,USDG,26.075841,26.087853270754
2025-10-10 20:54:50.000 UTC,5Ac9oimr2bSSF2AmSrZRKfhVjoNtsSuQuqTRyNmPXqTYvA2bjvN8NfyqYBfQJeEwB3dKqVYxAMBMAhwpjnxQk4NR,2,jupgfSgfuAXv4B6R2Uxu85Z1qdzgju79s6MfZekN6XS,jupiter,2u1tszSeqZ3qBWF3uNGPFc8TzMk2tdiwknnRMWGWjGWH,USDG,81.256992,81.294424387648
2025-10-10 15:34:25.000 UTC,3JeoNxqWnJV83dM6kJwGdbXrP6auUXaUJd4DkerEKgv4oYJQYYeg6tytQherFsUCnaHmctC5UqGPsBJw9oSE8aBT,2,jupgfSgfuAXv4B6R2Uxu85Z1qdzgju79s6MfZekN6XS,jupiter,HzwqbKZw8HxMN6bF2yFZNrht3c2iXXzpKcFu7uBEDKtr,EURC,31.053164,36.055497486650665
2025-10-10 15:34:06.000 UTC,Pxw5GmN266o7b1PZ3fQnnknVWgNU2rTYzZ6vA47CsuT2bGb2NPLW3GZV4hEqDdXuEaHKnryc9jTr1RYeBi9GZPT,3,jupgfSgfuAXv4B6R2Uxu85Z1qdzgju79s6MfZekN6XS,jupiter,HzwqbKZw8HxMN6bF2yFZNrht3c2iXXzpKcFu7uBEDKtr,EURC,34.820025,40.429159613900005
2025-10-10 15:25:42.000 UTC,7iBmD3uXCFS5KaiB1MESGVMfSVqAtSnVySCSybJWioXNdy5c7WbZxV23LDBd5HfH9aBkm2BQu8AfpmDjvxCS1kL,3,jupgfSgfuAXv4B6R2Uxu85Z1qdzgju79s6MfZekN6XS,jupiter,HzwqbKZw8HxMN6bF2yFZNrht3c2iXXzpKcFu7uBEDKtr,EURC,3.945899,4.581541239310667
2025-10-10 15:23:16.000 UTC,3saM7Tgq5bPfHEzEGvgUvC8vBwPgLFYXP1JLdmmn6337hmv5dwe1oPf7BzyFccoBnwEqdupn9uwTHjUtj75oF38U,2,jupgfSgfuAXv4B6R2Uxu85Z1qdzgju79s6MfZekN6XS,jupiter,HzwqbKZw8HxMN6bF2yFZNrht3c2iXXzpKcFu7uBEDKtr,EURC,8.016527,9.307903990078668
2025-10-10 15:25:25.000 UTC,UBHEDcPzTwonEv4aqZ92hoo8WMzKZNDLb2HAGx83JFg44nUMgS6Yhg2VbyEyT9t76MQuxwu1Fhu8uzp4ijDvH8f,3,jupgfSgfuAXv4B6R2Uxu85Z1qdzgju79s6MfZekN6XS,jupiter,HzwqbKZw8HxMN6bF2yFZNrht3c2iXXzpKcFu7uBEDKtr,EURC,3.945899,4.581541239310667
2025-10-10 15:21:12.000 UTC,2QuhjbAXvsCm8RtLbXxkkS8qmXL2UHwc8pxuoBWWWKLSxJc9rh7MNRoQmYJTQ1Fgn6ARv84dUKAuWYU8jP3xDuWS,2,jupgfSgfuAXv4B6R2Uxu85Z1qdzgju79s6MfZekN6XS,jupiter,HzwqbKZw8HxMN6bF2yFZNrht3c2iXXzpKcFu7uBEDKtr,EURC,0.001606,0.0018647094693333335
2025-10-10 18:48:26.000 UTC,3zducxKAc3CV7LXzz9w7v1rMy5v3wBSgYPx2WhU7xM7AgMskgRL8kyp6uQfV3KKsr4s89WzM6kJdW8gfqApJa4yK,2,jupgfSgfuAXv4B6R2Uxu85Z1qdzgju79s6MfZekN6XS,jupiter,HzwqbKZw8HxMN6bF2yFZNrht3c2iXXzpKcFu7uBEDKtr,EURC,8.085594,9.381734258385501
2025-10-10 18:49:32.000 UTC,5zoZ136ZVEDkGsPfyodbQqHR3vjj4kSSaio8d6E134tLvB3cpsm5ArKjR7L9Jn2VKs2XPhoEcMnDvQ8uhmDFq3Sx,2,jupgfSgfuAXv4B6R2Uxu85Z1qdzgju79s6MfZekN6XS,jupiter,HzwqbKZw8HxMN6bF2yFZNrht3c2iXXzpKcFu7uBEDKtr,EURC,30.47482,35.360007293481665
2025-10-10 18:40:29.000 UTC,237kesyj4xAqHX9stDjQaQdpRxK7EF5p515upGCyAGL9joLjsojXyDj2voVnJrQ21cfrPsEmwDoKSZEPG7UPwmYd,2,jupgfSgfuAXv4B6R2Uxu85Z1qdzgju79s6MfZekN6XS,jupiter,HzwqbKZw8HxMN6bF2yFZNrht3c2iXXzpKcFu7uBEDKtr,EURC,8.147022,9.4530093152365
2025-10-10 18:07:45.000 UTC,2A5Z4ERPksSPWXFMESScCiqQMLWAU37XH45QLAsiPdDBAcKPRrfrrGqUo2duYBBtKfbf75nPvo3RRPyDQo2ZkVHa,2,jupgfSgfuAXv4B6R2Uxu85Z1qdzgju79s6MfZekN6XS,jupiter,HzwqbKZw8HxMN6bF2yFZNrht3c2iXXzpKcFu7uBEDKtr,EURC,8.196942,9.5109316118765
2025-10-10 18:50:00.000 UTC,5jwzzn57Bkna9LygpqZSCuTbv4tFuRT44QFzzyJdCdBgRxw9wx45ddMDGFVbynpwgsqoDsV9S1mtyNo9YtdnmFtE,2,jupgfSgfuAXv4B6R2Uxu85Z1qdzgju79s6MfZekN6XS,jupiter,USDSwr9ApdHk5bvJKMjzff41FfuX8bSxdKcR81vTwcA,USDS,4.350927,4.350766740855501
2025-10-10 18:19:54.000 UTC,53EaQ9s7tgiMr68RPrfvPbMZkgZomcGZptymMiG956h1FsZy3rhd9HjGpNJr1EwJ3wb2NL1gygM9FDL3m7ajXCTj,2,jupgfSgfuAXv4B6R2Uxu85Z1qdzgju79s6MfZekN6XS,jupiter,USDSwr9ApdHk5bvJKMjzff41FfuX8bSxdKcR81vTwcA,USDS,4.424289,4.4241260386885
2025-10-10 19:33:26.000 UTC,4VBEP3mTNm21pqGPpRKfUBWeqbv4yxjv4eFyin3sxcm2Aj5rwF5tx2JkmDZNyKvB3maqeRaynYWHVuU6SWSkDdEV,2,jupgfSgfuAXv4B6R2Uxu85Z1qdzgju79s6MfZekN6XS,jupiter,EPjFWdd5AufqSSqeM2qN1xzybapC8G4wEGGkZwyTDt1v,USDC,1394.157368,1394.633821280514
2025-10-10 19:30:26.000 UTC,5ZmZMwvLj8dezTwMuo5KkFWwekoKtWEX8mkZcwT9mKXXXmNw4As6y1hiNer5ZWaKe5QabxBhXSLniLv2VnKqDBn9,3,jupgfSgfuAXv4B6R2Uxu85Z1qdzgju79s6MfZekN6XS,jupiter,EPjFWdd5AufqSSqeM2qN1xzybapC8G4wEGGkZwyTDt1v,USDC,89.179616,89.210093133768
2025-10-10 19:29:36.000 UTC,Wg7yvHzQzhehyGhXZfsyqREc42SRGyxDtjQ6SyTLnGtgjLdRpPoVMSuZmesBRBrTgPYhiakJm2oUe1AengmGo6u,3,jupgfSgfuAXv4B6R2Uxu85Z1qdzgju79s6MfZekN6XS,jupiter,EPjFWdd5AufqSSqeM2qN1xzybapC8G4wEGGkZwyTDt1v,USDC,1402.348558,1402.8278106196965
2025-10-10 19:30:13.000 UTC,YSPrwDm4AD6LavJfCbstthoZKgy99jdMJTrsU2cx1AraaueN9gjh2CCuoZzgsybNzq2eL4LaD5YtRacgMJNciBX,2,jupgfSgfuAXv4B6R2Uxu85Z1qdzgju79s6MfZekN6XS,jupiter,EPjFWdd5AufqSSqeM2qN1xzybapC8G4wEGGkZwyTDt1v,USDC,1.709153,1.70973710303775
2025-10-10 19:29:52.000 UTC,5sX5hXgL3tU8Y8aXx2YxqwHxkEaEotP9EFfjR7w869wrodzLnXVTDF5d4RhoVUXySpaVrG3uv4kq7aJ28dLGNUp1,2,jupgfSgfuAXv4B6R2Uxu85Z1qdzgju79s6MfZekN6XS,jupiter,EPjFWdd5AufqSSqeM2qN1xzybapC8G4wEGGkZwyTDt1v,USDC,1.728201,1.7287916126917502
2025-10-10 19:30:51.000 UTC,4UddESbbHfEpfKNh2zLYjEbe8mZexxf1CK96Y8XpSFc2aaPug6e6KQFhZr9EE7hj72A4vhKPCAsLMXYARm6Le9pe,2,jupgfSgfuAXv4B6R2Uxu85Z1qdzgju79s6MfZekN6XS,jupiter,EPjFWdd5AufqSSqeM2qN1xzybapC8G4wEGGkZwyTDt1v,USDC,7.45661,7.459158296467501
2025-10-10 19:28:42.000 UTC,2YNsjRGhbrjVsgQyqWUrpMCb8CLjR64j9ECYkXhGwujcGU6QBbZiBGpBhDy9WLS2sRZozsg4tGQXHQLfueBioKFT,2,jupgfSgfuAXv4B6R2Uxu85Z1qdzgju79s6MfZekN6XS,jupiter,EPjFWdd5AufqSSqeM2qN1xzybapC8G4wEGGkZwyTDt1v,USDC,0.870921,0.87121863725175
2025-10-10 19:28:43.000 UTC,4BwZ1vSB8wF3zzzxJXZNWehhjhsEVtBfP1zAABiUxv1E4GmpfR3SYfKWzvhPnQxcQb3YprfE46ZQrwr13TjfvKJy,2,jupgfSgfuAXv4B6R2Uxu85Z1qdzgju79s6MfZekN6XS,jupiter,EPjFWdd5AufqSSqeM2qN1xzybapC8G4wEGGkZwyTDt1v,USDC,1279.21412,1279.6512914255102
2025-10-10 19:28:38.000 UTC,4f2PPZgBXd6RmTGwun3zUtCrTB38YLfufnfsjhzCjKqkJnd6ztAVCpKYnepYa9XKbxMphRruzzDSeR7edkQ7G91G,2,jupgfSgfuAXv4B6R2Uxu85Z1qdzgju79s6MfZekN6XS,jupiter,EPjFWdd5AufqSSqeM2qN1xzybapC8G4wEGGkZwyTDt1v,USDC,17.992136,17.998284812477998
2025-10-10 19:29:25.000 UTC,3M5qD4WxMfZhrBvR867gi7xsjGrL7ANj4Mu4J6GXUrB1hAzD1nChZrRnwv15GzSTaoUSnBFFUKJqX2csMVw9oR4,2,jupgfSgfuAXv4B6R2Uxu85Z1qdzgju79s6MfZekN6XS,jupiter,EPjFWdd5AufqSSqeM2qN1xzybapC8G4wEGGkZwyTDt1v,USDC,1415.060996,1415.5445930953829
2025-10-10 19:23:32.000 UTC,4iFS4EhegKkksUDbkAuA4AyRBbJaAvMNaFnBSoyfoiue3MG5tEHbwXPqgvJMFkWg4MFtW6Ync7BJEu3ToLuBbgs6,2,jupgfSgfuAXv4B6R2Uxu85Z1qdzgju79s6MfZekN6XS,jupiter,EPjFWdd5AufqSSqeM2qN1xzybapC8G4wEGGkZwyTDt1v,USDC,15.39492,15.40018121391
2025-10-10 19:22:20.000 UTC,5N2e3tPu5QxgCpRQuS3vf5aH7f1tvBrTSTSW2JagZxdZk9zQK2aYGaJMmsfvKyt6vgbDYpdneVYVv8GUBXkeNjAZ,3,jupgfSgfuAXv4B6R2Uxu85Z1qdzgju79s6MfZekN6XS,jupiter,EPjFWdd5AufqSSqeM2qN1xzybapC8G4wEGGkZwyTDt1v,USDC,0.066179,0.06620161667325
2025-10-10 19:21:49.000 UTC,46wYNStKKLW8kaSsWrtCNx5g6NcpTbamxD8itgkYMhSQfoe1abx4zXVBztQnL5QECHeXDzrztVbHnxJ1mNeYLR2h,2,jupgfSgfuAXv4B6R2Uxu85Z1qdzgju79s6MfZekN6XS,jupiter,EPjFWdd5AufqSSqeM2qN1xzybapC8G4wEGGkZwyTDt1v,USDC,1452.118653,1452.614914549663
2025-10-10 19:22:09.000 UTC,4sWE81zrEeQjLzSQnYQCWPHqi1i6DZ4DhCzWezi9mj99BHDk7BJgeBQhcFQEVEM3bC7iK2K2ZCanYwU7fPCq5Zsx,2,jupgfSgfuAXv4B6R2Uxu85Z1qdzgju79s6MfZekN6XS,jupiter,EPjFWdd5AufqSSqeM2qN1xzybapC8G4wEGGkZwyTDt1v,USDC,15.555288,15.560604019673999
2025-10-10 19:22:06.000 UTC,2pU6xm7MHyRRUqkX17d78v6cdPjknzFfHcxQsga34e7mXHFPQMazBxdDgT3KEh3Pqz6j6uqqnRcdrbQnTxUav1Tk,3,jupgfSgfuAXv4B6R2Uxu85Z1qdzgju79s6MfZekN6XS,jupiter,EPjFWdd5AufqSSqeM2qN1xzybapC8G4wEGGkZwyTDt1v,USDC,0.875701,0.87600027081675
2025-10-10 19:21:54.000 UTC,3feiS8G4LMYHYVDiZSB9GT1tc6pPRxyCmQEgKmAiLyjGPhHxS5XGGh2tc45fn1tNpgaKvRPxmHyCkoZpHgm5pQqQ,3,jupgfSgfuAXv4B6R2Uxu85Z1qdzgju79s6MfZekN6XS,jupiter,EPjFWdd5AufqSSqeM2qN1xzybapC8G4wEGGkZwyTDt1v,USDC,18.338885,18.345152313948752
2025-10-10 19:21:46.000 UTC,589dkh6PZw8bhQyX1kAbgV5ndavbvBhAdbyLDj3L8n8f7VqLTSACKPojodYYC6hTuZBzaqxgcB3JfAJCXAY5aTdp,2,jupgfSgfuAXv4B6R2Uxu85Z1qdzgju79s6MfZekN6XS,jupiter,EPjFWdd5AufqSSqeM2qN1xzybapC8G4wEGGkZwyTDt1v,USDC,0.885786,0.8860887173655
2025-10-10 19:21:59.000 UTC,5ZXrRGBzHTXbZwQuqGpccwfL3rRPJvdhUbxKjzKV7vCxsevjzXDxiqNUyRoFAvuTgotMU8jacYZMG3BPgobdcHg1,2,jupgfSgfuAXv4B6R2Uxu85Z1qdzgju79s6MfZekN6XS,jupiter,EPjFWdd5AufqSSqeM2qN1xzybapC8G4wEGGkZwyTDt1v,USDC,1435.935601,1436.4263319916417
2025-10-10 19:22:27.000 UTC,4VJU5Ku61foXTYZB5mJNYAE1d83rF7VWvv2Kw26p96UNPimxJ6vZZBWWJFyz5GbHq7bNPAHSYFLYH7oy3hXFcLhs,3,jupgfSgfuAXv4B6R2Uxu85Z1qdzgju79s6MfZekN6XS,jupiter,EPjFWdd5AufqSSqeM2qN1xzybapC8G4wEGGkZwyTDt1v,USDC,18.121005,18.12719785345875
2025-10-10 19:20:36.000 UTC,122YwRufp21bhfNZ15jjTb1JspWjfCd6at9k8X3rqcucovf6UjC6MibhFrSB2LV3hVWsKaGW13iFcd6wkX6nzeEF,2,jupgfSgfuAXv4B6R2Uxu85Z1qdzgju79s6MfZekN6XS,jupiter,EPjFWdd5AufqSSqeM2qN1xzybapC8G4wEGGkZwyTDt1v,USDC,15.670892,15.676247527341001
2025-10-10 19:20:22.000 UTC,59LAYuevy6rcWMaL46NmXuLmheesUcWvddmecYUMSKR1gyiKJhv6rQjaCC5TBNHd9Ee8zffNNuS5xB7hw4AQ2J41,2,jupgfSgfuAXv4B6R2Uxu85Z1qdzgju79s6MfZekN6XS,jupiter,EPjFWdd5AufqSSqeM2qN1xzybapC8G4wEGGkZwyTDt1v,USDC,177.413713,177.47434413641776
2025-10-10 19:20:30.000 UTC,2wRjgGcGWMvXea8vKKztNQkodLSte4jfMExtRaPL8whoDku1AGwYybqTpPGjK5VcdkXaqb7F8EduEVLb13WF5G4Z,2,jupgfSgfuAXv4B6R2Uxu85Z1qdzgju79s6MfZekN6XS,jupiter,EPjFWdd5AufqSSqeM2qN1xzybapC8G4wEGGkZwyTDt1v,USDC,18.48928,18.495598711440003
2025-10-10 19:20:37.000 UTC,5pCKPNaJuZjTuKsy8JBhRud1AtdiKgpn9UAmUGFMbgQpSNt2V6eNkYBJz2YGpzHHbZ7Cf2i6fFacg6RcXgtH6HVA,2,jupgfSgfuAXv4B6R2Uxu85Z1qdzgju79s6MfZekN6XS,jupiter,EPjFWdd5AufqSSqeM2qN1xzybapC8G4wEGGkZwyTDt1v,USDC,5.629528,5.631451891194
2025-10-10 19:19:22.000 UTC,gpE9DuPN7LEqA52KSfsRm8hHuAHhbe2hTfiraR19WaqL9i6fZwVWsvGE65WJosdcYcoV9z3hajXZfbycqTahWyp,2,jupgfSgfuAXv4B6R2Uxu85Z1qdzgju79s6MfZekN6XS,jupiter,EPjFWdd5AufqSSqeM2qN1xzybapC8G4wEGGkZwyTDt1v,USDC,15.825064,15.830472215622
2025-10-10 19:11:57.000 UTC,cyHAqTJvU8CN3gEhe6HraRXjwFe4S67m4pmYBEt4a1z72f6XSSUuRvEg4A3KynBQzf9enGhmq8cnVJx4dyTWt6J,2,jupgfSgfuAXv4B6R2Uxu85Z1qdzgju79s6MfZekN6XS,jupiter,EPjFWdd5AufqSSqeM2qN1xzybapC8G4wEGGkZwyTDt1v,USDC,16.143699,16.149216109133253
2025-10-10 19:12:00.000 UTC,3ZUViXYXMdkCczCJ2FRvNFS2sSHP2RQxNnoj9Y9APqymBRTavXcodrG7w3bRp7Y67XMmFjAngJkDEfvpjNmK5Z1F,3,jupgfSgfuAXv4B6R2Uxu85Z1qdzgju79s6MfZekN6XS,jupiter,EPjFWdd5AufqSSqeM2qN1xzybapC8G4wEGGkZwyTDt1v,USDC,180.68832,180.75007023336002
2025-10-10 19:12:09.000 UTC,4aaxNtBA6352Kn1QGPDXBDZagiReGBe1rPrzzSv4kQZAt9TCnqez2TqajNxv4pJer3p3hVKp9xLwvUSDDFXDStJV,2,jupgfSgfuAXv4B6R2Uxu85Z1qdzgju79s6MfZekN6XS,jupiter,EPjFWdd5AufqSSqeM2qN1xzybapC8G4wEGGkZwyTDt1v,USDC,0.048932,0.048948722511000006
2025-10-10 19:11:54.000 UTC,37w78qpZJyAsTpUuXu5ArkifU7svecEiJtJMf4STVxCGMPxK3ANaR7BRkjm3SWYD9ajyVR7CtusA2N6wHE74We5r,3,jupgfSgfuAXv4B6R2Uxu85Z1qdzgju79s6MfZekN6XS,jupiter,EPjFWdd5AufqSSqeM2qN1xzybapC8G4wEGGkZwyTDt1v,USDC,360.921523,361.0448679304852
2025-10-10 19:12:03.000 UTC,5SqdZmeYM7YHcLy9GEGEj6SZQhkFxvCPD5TVXHtb1xGXsef9mGV8Qm1i67pKqkvKo6yXZGMzueqHCBDiHNFaNJrp,3,jupgfSgfuAXv4B6R2Uxu85Z1qdzgju79s6MfZekN6XS,jupiter,EPjFWdd5AufqSSqeM2qN1xzybapC8G4wEGGkZwyTDt1v,USDC,0.071352,0.071376384546
2025-10-10 19:11:42.000 UTC,2Q772Boowcy3k6WYDrDYmNpSh6T9sUX23ZVv7xdJ64Mvn3myncmEnzFYc1W5UoxcMb577Trv4EVBzxxYXXCGUDpm,2,jupgfSgfuAXv4B6R2Uxu85Z1qdzgju79s6MfZekN6XS,jupiter,EPjFWdd5AufqSSqeM2qN1xzybapC8G4wEGGkZwyTDt1v,USDC,16.143699,16.149216109133253
2025-10-10 19:11:53.000 UTC,23ooDthSMmNEo7xeTaoyHXqH6GX52T1EcN4SV68Af12fydm5671N9ogDeLU4nkPooS6dhr6Vj41oRWkCiJnXq5hZ,3,jupgfSgfuAXv4B6R2Uxu85Z1qdzgju79s6MfZekN6XS,jupiter,EPjFWdd5AufqSSqeM2qN1xzybapC8G4wEGGkZwyTDt1v,USDC,18.842487,18.848926419932248
2025-10-10 19:12:25.000 UTC,2LB7q5psxkBptC7sF99k2JRdMyuBDGEUWDKaYnbBZLMyEWpmCQ3pXjWja82oLk6fHUw4xWbhTsagNBitghmcEq5g,2,jupgfSgfuAXv4B6R2Uxu85Z1qdzgju79s6MfZekN6XS,jupiter,EPjFWdd5AufqSSqeM2qN1xzybapC8G4wEGGkZwyTDt1v,USDC,18.634098,18.6404662029915
2025-10-10 19:11:37.000 UTC,SKaM9gBLWrvcQqPhDJMtQUR8GtZ56ezZyW3hmMwCcL6pBPxqVDvKuHSXjjF7Fk55DUqYTL6ZxP7ngWLxv4vRx83,2,jupgfSgfuAXv4B6R2Uxu85Z1qdzgju79s6MfZekN6XS,jupiter,EPjFWdd5AufqSSqeM2qN1xzybapC8G4wEGGkZwyTDt1v,USDC,19.005148,19.011643009329
2025-10-10 19:08:42.000 UTC,3SjYe4FE4Hwpxoqpd1M6djJ7ax1MuYjCMkwBL6GMy1QkuukMpjxDrEm6GYkURb2HU4Hv7ACCq2fa3YoJ5tfAKLA,2,jupgfSgfuAXv4B6R2Uxu85Z1qdzgju79s6MfZekN6XS,jupiter,EPjFWdd5AufqSSqeM2qN1xzybapC8G4wEGGkZwyTDt1v,USDC,16.266395,16.27195404049125
2025-10-10 17:46:39.000 UTC,5W8ZZfjvsPW15VmN3Vmnur6kEHEKbX9zji35MNczwxsqgZKu1gYxNrsq4jEMEqEs46nu5GVbBY91gyeAfuhsP2Uw,2,jupgfSgfuAXv4B6R2Uxu85Z1qdzgju79s6MfZekN6XS,jupiter,Es9vMFrzaCERmJfrF4H2FYD4KCoNkY11McCe8BenwNYB,USDT,13.842202,13.849765609876167
2025-10-10 17:40:46.000 UTC,3yYuGcKxReJZ2NHGduJaWRcRQimRUYeeEhPiQdjcoU1sYyr6FE3Xmce87brP3EjwhgqdVaAtzEpKRALypd8Tr4GL,2,jupgfSgfuAXv4B6R2Uxu85Z1qdzgju79s6MfZekN6XS,jupiter,Es9vMFrzaCERmJfrF4H2FYD4KCoNkY11McCe8BenwNYB,USDT,13.899627,13.90722198785325
2025-10-10 17:39:49.000 UTC,2rdXwS4Q3yqkgUhixAmy6WEqXx6xEsP3eEDYzRJosunwk8q8T1xjDkXM9ZNsLNwBz1QdmSeatbyKx1vtSWq5fiUt,2,jupgfSgfuAXv4B6R2Uxu85Z1qdzgju79s6MfZekN6XS,jupiter,Es9vMFrzaCERmJfrF4H2FYD4KCoNkY11McCe8BenwNYB,USDT,14.018039,14.025698690143583
2025-10-10 22:28:27.000 UTC,4rTDCm3NG8dkPneBvAygiKZqvCffeC14MttdG3nEkAYWJ9rkNEd56g1WEJKrz178MmPNXDRLQUnraEdPAgeg2x2T,3,KLend2g3cP87fffoy8q1mQqGKjrxjC8boSyAYavgmjD,kamino,Es9vMFrzaCERmJfrF4H2FYD4KCoNkY11McCe8BenwNYB,USDT,1237.043833,1244.2801270751056
2025-10-10 19:29:39.000 UTC,5Ykw1QngmmWev8a5cujbCnXFWMfWtQr7RZzMAoqLUHGbybkCDRhR35KP1xH6PHsBSwEgL8VNwi4Qmd5a7r9GfCQg,3,jupgfSgfuAXv4B6R2Uxu85Z1qdzgju79s6MfZekN6XS,jupiter,Es9vMFrzaCERmJfrF4H2FYD4KCoNkY11McCe8BenwNYB,USDT,0.073224,0.07326390708
2025-10-10 19:30:22.000 UTC,Bw1ptYLECx8jfffTvTTPcU1jumYKju5dmGqp8Wr64QHQNPZEmLozEmzisAxBBQKXzGGk4VjWLnih3tocouE72f4,3,jupgfSgfuAXv4B6R2Uxu85Z1qdzgju79s6MfZekN6XS,jupiter,Es9vMFrzaCERmJfrF4H2FYD4KCoNkY11McCe8BenwNYB,USDT,83.748675,83.79431802787501
2025-10-10 19:28:37.000 UTC,3uG4qMXGNkGfdRhkrtzHsXxtXxqYyqsXTv2YV3qJmaV4auRc3HfsJduMr9RDjKxTZDtdmAdbEzoe3MBZsUQLN7ew,2,jupgfSgfuAXv4B6R2Uxu85Z1qdzgju79s6MfZekN6XS,jupiter,Es9vMFrzaCERmJfrF4H2FYD4KCoNkY11McCe8BenwNYB,USDT,17.823802,17.83351597209
2025-10-10 19:29:27.000 UTC,2BdaUWfmQMPTQZd6yHTkeKYNfrgf26nimpBv6Kwing69zqHSN5Uyg3Ao6mHrG2sWDRZtZDMpSWNWxZnqUuRpwJDH,3,jupgfSgfuAXv4B6R2Uxu85Z1qdzgju79s6MfZekN6XS,jupiter,Es9vMFrzaCERmJfrF4H2FYD4KCoNkY11McCe8BenwNYB,USDT,17.647391,17.657008828094998
2025-10-10 19:21:47.000 UTC,igzuNDoTX7rkaFVndod6D5BtWg1KFctNyQETWuuHpoDYqeWKwMLhbgHHCu74SdCGQpUro9PBpnc75ZCQEk7YWPW,2,jupgfSgfuAXv4B6R2Uxu85Z1qdzgju79s6MfZekN6XS,jupiter,Es9vMFrzaCERmJfrF4H2FYD4KCoNkY11McCe8BenwNYB,USDT,18.109308,18.11917757286
2025-10-10 19:21:55.000 UTC,44Sf548wdHeruZxxiH953MEGnN1Qipb79zVkpdxMtyqdPE1NBCD6SmFrXMbbWpN1LMvi5hsoNbPffDg7GNexzgnZ,3,jupgfSgfuAXv4B6R2Uxu85Z1qdzgju79s6MfZekN6XS,jupiter,Es9vMFrzaCERmJfrF4H2FYD4KCoNkY11McCe8BenwNYB,USDT,18.078131,18.087983581395
2025-10-10 19:20:21.000 UTC,5fnpb7NpBGG82yGryEc3dsWL1RMjcfqbfewVUxsy4fwKoM27Mk1L5YzjpwhKo9a5DZ3vfZmkqr5Sc6GPzpkQm9RE,2,jupgfSgfuAXv4B6R2Uxu85Z1qdzgju79s6MfZekN6XS,jupiter,Es9vMFrzaCERmJfrF4H2FYD4KCoNkY11McCe8BenwNYB,USDT,18.19448,18.2043959916
2025-10-10 19:11:58.000 UTC,3nhkTju4V14sXyZMGMZuwV1MBS9VfpCoozrM9bFtn6SHxXuxikdr9fQMC2B8RiSXf2QqnfV2NjVeA59w9eZXT8kd,2,jupgfSgfuAXv4B6R2Uxu85Z1qdzgju79s6MfZekN6XS,jupiter,Es9vMFrzaCERmJfrF4H2FYD4KCoNkY11McCe8BenwNYB,USDT,30.755477,30.772238734965
2025-10-10 19:11:39.000 UTC,49GnsmZpvdCsav4oZG9NqambKfDFc91CeCUH6Md3s3prbMQbnfrLwAu5nXznYAxGnXtoj4FKzLfMGmN9qRcyRiYR,2,jupgfSgfuAXv4B6R2Uxu85Z1qdzgju79s6MfZekN6XS,jupiter,Es9vMFrzaCERmJfrF4H2FYD4KCoNkY11McCe8BenwNYB,USDT,13.49722,13.5045759849
2025-10-10 20:57:16.000 UTC,41RuaNe6HbZWaACwvcm3j1B4yDAiFFWUSx7KQDQM7HUwFqFxMadk6xz15o5FtdChUbx8YzJpXXLg7nXEbGqDeqzS,2,KLend2g3cP87fffoy8q1mQqGKjrxjC8boSyAYavgmjD,kamino,EPjFWdd5AufqSSqeM2qN1xzybapC8G4wEGGkZwyTDt1v,USDC,117.20173,117.23932245489749
2025-10-10 20:54:58.000 UTC,51RV4eSqEFpPadrsnSLW1YNQ3xHofw74o9KMrbzcVNMjiofWsTPc149AZHvNjNYFZUaEL5g6im9zetp7kYA3inrk,2,KLend2g3cP87fffoy8q1mQqGKjrxjC8boSyAYavgmjD,kamino,EPjFWdd5AufqSSqeM2qN1xzybapC8G4wEGGkZwyTDt1v,USDC,0.812266,0.8125265343195001
2025-10-10 20:54:13.000 UTC,623xv6LK7yKLmkR6Z3DJTmYqisktiGksewzKpAcVNVQg5jTdqxsAskHsZsjZ6Ui4GDeizARaeS6ydmsCynwjNbBM,2,KLend2g3cP87fffoy8q1mQqGKjrxjC8boSyAYavgmjD,kamino,EPjFWdd5AufqSSqeM2qN1xzybapC8G4wEGGkZwyTDt1v,USDC,1.673734,1.6742708501805
2025-10-10 20:54:45.000 UTC,2crjxoHTjbs6LaQLgTVgj5Jc2kYz2TX92h4HqsKVdo1ZMHqieBX5wrD5L9oH42xc4tHsiPrtwKW8CS7gMK3J8crT,2,KLend2g3cP87fffoy8q1mQqGKjrxjC8boSyAYavgmjD,kamino,EPjFWdd5AufqSSqeM2qN1xzybapC8G4wEGGkZwyTDt1v,USDC,17.05115,17.0566191563625
2025-10-10 20:54:45.000 UTC,55Pcya44apZooX6rScx1cxp4qZpsPSgBWPPfqUnMvZbCafNYLNCfWLoxMvFsGmvk7C912ertzmYUtdYAhyC5V2Qm,2,KLend2g3cP87fffoy8q1mQqGKjrxjC8boSyAYavgmjD,kamino,EPjFWdd5AufqSSqeM2qN1xzybapC8G4wEGGkZwyTDt1v,USDC,1323.849915,1324.2745398602362
2025-10-10 20:53:16.000 UTC,5Nf7YcgwdW8uBYj2E15FN8qG99YNB4fmtk5UM44n3rvNHWrPrwZB48WkhoPcxo1xJkpaU1kSo6tvPgo8bkuFEt46,2,KLend2g3cP87fffoy8q1mQqGKjrxjC8boSyAYavgmjD,kamino,EPjFWdd5AufqSSqeM2qN1xzybapC8G4wEGGkZwyTDt1v,USDC,1380.86958,1381.312493917785
2025-10-10 20:59:04.000 UTC,3jPoJieB4VmAqVkdCqwHKsBfgQqStcK6gXd37QDieS2ZP2t15UVv4twtjr37oZZjwLsHyQP4XLbDDmVFfeXeAFZX,2,jupgfSgfuAXv4B6R2Uxu85Z1qdzgju79s6MfZekN6XS,jupiter,EPjFWdd5AufqSSqeM2qN1xzybapC8G4wEGGkZwyTDt1v,USDC,337.267157,337.3753354406077
2025-10-10 20:59:05.000 UTC,3q7Xz8SAv1VqxHxs6LbtG8V1TGvwEnNgje3nDCkFn3tf4s4fRgqyxH4vPQgWpbHqbEZeF3Mvji7yFDMNamuMK7Ev,2,jupgfSgfuAXv4B6R2Uxu85Z1qdzgju79s6MfZekN6XS,jupiter,EPjFWdd5AufqSSqeM2qN1xzybapC8G4wEGGkZwyTDt1v,USDC,1.52591,1.5263994356325001
2025-10-10 20:58:07.000 UTC,4omE7AczhbncXKp3MZ5EGkBZyHFRZPP9r32iTeXBNpyM3GSEzsVSgSrvKgtz1hp2uaWYPBwa5aNrxs2BjdUY11FH,2,jupgfSgfuAXv4B6R2Uxu85Z1qdzgju79s6MfZekN6XS,jupiter,EPjFWdd5AufqSSqeM2qN1xzybapC8G4wEGGkZwyTDt1v,USDC,109.345637,109.38070961306775
2025-10-10 20:58:46.000 UTC,4oA7S5gGN24x7s4xJfjssyhN4Ga57jg3VhjVEy2RfjXCb9V5yVcWkjiLTCJCsLEzPn4SdRTyhXn4heHAWnfjLNcJ,3,jupgfSgfuAXv4B6R2Uxu85Z1qdzgju79s6MfZekN6XS,jupiter,EPjFWdd5AufqSSqeM2qN1xzybapC8G4wEGGkZwyTDt1v,USDC,5628.25086,5630.056121463345
2025-10-10 20:55:42.000 UTC,a7MFq72yeHHpJondTbBb784aQNPBfxE8PXXrZDD5VfWXbLoqVjFfTxKbmjDChEFCbXoHxtTZwrgDUUiiYDrn4He,3,jupgfSgfuAXv4B6R2Uxu85Z1qdzgju79s6MfZekN6XS,jupiter,EPjFWdd5AufqSSqeM2qN1xzybapC8G4wEGGkZwyTDt1v,USDC,1214.586405,1214.9759835894038
2025-10-10 20:57:24.000 UTC,3nRVR46B3Mry3fPNrxNri2oTchx9fqth4PgbeGwXb2R8t2jwRkFFeWZQnD2HwW9ZFiwLGzSURU2ULyYStszBUaq7,3,jupgfSgfuAXv4B6R2Uxu85Z1qdzgju79s6MfZekN6XS,jupiter,EPjFWdd5AufqSSqeM2qN1xzybapC8G4wEGGkZwyTDt1v,USDC,1065.655284,1065.9970929323429
2025-10-10 20:56:21.000 UTC,2QjCFjHEzcFRzoYJappT9vskHpqEGzoDJigtYm4u91Q57RmaQRt93z3LaBzycQLSiEtCU426FDWsxWdc15cy2KqH,2,jupgfSgfuAXv4B6R2Uxu85Z1qdzgju79s6MfZekN6XS,jupiter,EPjFWdd5AufqSSqeM2qN1xzybapC8G4wEGGkZwyTDt1v,USDC,1.614703,1.61522091598725
2025-10-10 20:57:17.000 UTC,5kBRxeBvRp6eTk9DKifLTs4T886jCWPv2tD3Bynk1jKAq7KaFxwRgXCrpxDE6ZQYpVea94J492ScW5uMTG8AfpuC,2,jupgfSgfuAXv4B6R2Uxu85Z1qdzgju79s6MfZekN6XS,jupiter,EPjFWdd5AufqSSqeM2qN1xzybapC8G4wEGGkZwyTDt1v,USDC,3.225915,3.22694971223625
2025-10-10 20:57:34.000 UTC,wXknyWDqwc9bWQvxtxAjJt2mJxZm39jyCb4RHwinPvic2L1tpW7JLPtt6YB86LUafmgNFvQs9oBgZtgFuZHjNei,2,jupgfSgfuAXv4B6R2Uxu85Z1qdzgju79s6MfZekN6XS,jupiter,EPjFWdd5AufqSSqeM2qN1xzybapC8G4wEGGkZwyTDt1v,USDC,12.686956,12.691025341137
2025-10-10 20:54:37.000 UTC,4NxfwGXiLbi13Pv3uoPzbJjqfmwjLnT9zS94RJ8rT9ydsYuHaWYwLy7SaPdJeuY8U4XvsHM85P94SeNQTAPpHni1,3,jupgfSgfuAXv4B6R2Uxu85Z1qdzgju79s6MfZekN6XS,jupiter,EPjFWdd5AufqSSqeM2qN1xzybapC8G4wEGGkZwyTDt1v,USDC,2.009312,2.009956486824
2025-10-10 20:55:05.000 UTC,55Hw6Xh6jRMbWDRsvW5wWzXg99n9FceKzvExukX5ahF4uTfALG8e3oevUXQnnjnzTk8RgmJ672axKr4CqXyoToPa,2,jupgfSgfuAXv4B6R2Uxu85Z1qdzgju79s6MfZekN6XS,jupiter,EPjFWdd5AufqSSqeM2qN1xzybapC8G4wEGGkZwyTDt1v,USDC,2849.694581,2850.608620536856
2025-10-10 21:45:18.000 UTC,91jyBT7CnBr6nY4tv3MupwK5CoEgSVH6gp4KSLRQY1RUkQNQTExJFS4J73Zq4hotZBFTcLG8CRMZkbH8Es373ti,2,KLend2g3cP87fffoy8q1mQqGKjrxjC8boSyAYavgmjD,kamino,2u1tszSeqZ3qBWF3uNGPFc8TzMk2tdiwknnRMWGWjGWH,USDG,59.786265,60.17502020597375
2025-10-10 21:45:15.000 UTC,2RzTgCP2Cx95ynSBWDN75BS4SEkqDQGMWUTiW81FWwgbMftZ4GRxrqDT1NsneLfntXTLhYx7r4UGBTWoAoaAfJoY,2,KLend2g3cP87fffoy8q1mQqGKjrxjC8boSyAYavgmjD,kamino,2u1tszSeqZ3qBWF3uNGPFc8TzMk2tdiwknnRMWGWjGWH,USDG,63.024013,63.43382139253142
2025-10-10 21:44:59.000 UTC,2rmiHJH6Hna1d5S5moBmgiSh2hg5ogqgdvsZrs1oeP3jk4goVaKF7siYnGVUCb24Yxfkd7E2eacxVMtHBmTA95ZZ,2,KLend2g3cP87fffoy8q1mQqGKjrxjC8boSyAYavgmjD,kamino,2u1tszSeqZ3qBWF3uNGPFc8TzMk2tdiwknnRMWGWjGWH,USDG,63.02401,63.43381837302417
2025-10-10 21:43:51.000 UTC,bEAx61jGxBybx9peuJeAbC42xrz7WJVRrv4sQdg6X4Je5RhAAzSYpEkAutTEo8fGPfmv7Setr9GNEaBvmmmuyFX,2,KLend2g3cP87fffoy8q1mQqGKjrxjC8boSyAYavgmjD,kamino,2u1tszSeqZ3qBWF3uNGPFc8TzMk2tdiwknnRMWGWjGWH,USDG,3585.302947,3608.6160806376224
2025-10-10 21:17:33.000 UTC,2Hoe1hzcX1ELBWBqR6dn3Np8mbGnfCThoZTcHHg77k3XSFC2fgtB3GDUKrVYB31xFcpCAPjE8fdjeYzbkBNn98Sn,2,KLend2g3cP87fffoy8q1mQqGKjrxjC8boSyAYavgmjD,kamino,2u1tszSeqZ3qBWF3uNGPFc8TzMk2tdiwknnRMWGWjGWH,USDG,152.680886,153.67368073780784
2025-10-10 21:16:05.000 UTC,5uzJXLT8j3uegxe5t7mcezV2Y1CwT7FeSGV3orBNqN8QyfNU6Uuv6GBP37vi51nQMfVDZKYdKL3gR1KFrbgYaG7L,2,KLend2g3cP87fffoy8q1mQqGKjrxjC8boSyAYavgmjD,kamino,2u1tszSeqZ3qBWF3uNGPFc8TzMk2tdiwknnRMWGWjGWH,USDG,166.382456,167.46434405493534
2025-10-10 21:15:07.000 UTC,3fHEjLAvV4NivrJsqcsauqikuo2zPyNSb8J9TfoTdRPuHJnDRD4qeRY2PTQW4YFs8S2o6sRdgUC1GM5iapJ3zuu2,2,KLend2g3cP87fffoy8q1mQqGKjrxjC8boSyAYavgmjD,kamino,2u1tszSeqZ3qBWF3uNGPFc8TzMk2tdiwknnRMWGWjGWH,USDG,99.062186,99.70632960928283
2025-10-10 21:13:53.000 UTC,2Evm7SCPFVZHSii5EUTmjEVLKVrywLPKTAhw5WskjHcrzFM8SwF4Kjbr9hsfBwFXbKRRbdvG4Qo4wJgRuVArbPbx,2,KLend2g3cP87fffoy8q1mQqGKjrxjC8boSyAYavgmjD,kamino,2u1tszSeqZ3qBWF3uNGPFc8TzMk2tdiwknnRMWGWjGWH,USDG,547.054096,550.6112696713986
2025-10-10 21:11:34.000 UTC,4Xn1S4KYNHrPg81nr9zHZJ2NSB99aVHgHRt1P1yPkyJASR14NCas5UEuBgd9DcVopXjz2hJNvBeHMmgyc9fM7gTs,2,KLend2g3cP87fffoy8q1mQqGKjrxjC8boSyAYavgmjD,kamino,2u1tszSeqZ3qBWF3uNGPFc8TzMk2tdiwknnRMWGWjGWH,USDG,61.600897,62.001451699334424
2025-10-10 21:11:37.000 UTC,4TJ6DCuw19Tx9aHS9KAY57ufRNkp8aWJemkNKFmWLdmyVomj2WwrPoEuoW5kvqXT3WbeUU36P1TcCninhn16Srjm,2,KLend2g3cP87fffoy8q1mQqGKjrxjC8boSyAYavgmjD,kamino,2u1tszSeqZ3qBWF3uNGPFc8TzMk2tdiwknnRMWGWjGWH,USDG,312.183042,314.2129862153515
2025-10-10 21:00:52.000 UTC,3gvfdbsR7dz8o62YMVEdkMAsizKSuYc3GvT27eXJqUDWDA3GG9NwucoMkaiawhA7ZWiFJn1UfJJcSLGtTTHibpcX,2,KLend2g3cP87fffoy8q1mQqGKjrxjC8boSyAYavgmjD,kamino,2u1tszSeqZ3qBWF3uNGPFc8TzMk2tdiwknnRMWGWjGWH,USDG,192.677269,193.93013688523342
2025-10-10 21:00:52.000 UTC,4btj9QMjoYxwRNPPh2ZSktpcMQscCvxTUbGovkBxstKi6StZowPeoH5YHqYJ7rHWkgb2BbJc3eYdguZhYA5pKHDD,2,KLend2g3cP87fffoy8q1mQqGKjrxjC8boSyAYavgmjD,kamino,2u1tszSeqZ3qBWF3uNGPFc8TzMk2tdiwknnRMWGWjGWH,USDG,1751.246733,1762.634068944105
2025-10-10 21:09:48.000 UTC,36b1SuNiVWgR3hLiXjUcWtMc1WGidHaSDnwdgU4L4V6xcsxBhfTreCWVCR9QzvFhU4bsSu6ppbfWE8TEztunFf57,3,jupgfSgfuAXv4B6R2Uxu85Z1qdzgju79s6MfZekN6XS,jupiter,2u1tszSeqZ3qBWF3uNGPFc8TzMk2tdiwknnRMWGWjGWH,USDG,177.738245,178.8939731265921
2025-10-10 21:08:26.000 UTC,3WK5B54ifRhTiZbxNnNsX5AYyNAquYJ6VtdtMyXQzQmoHJHudURwcxB4kTe3WPSWQLUVp67PhPsY9wWmuuLEZQ1X,3,jupgfSgfuAXv4B6R2Uxu85Z1qdzgju79s6MfZekN6XS,jupiter,2u1tszSeqZ3qBWF3uNGPFc8TzMk2tdiwknnRMWGWjGWH,USDG,536.341497,539.8290128891177
2025-10-10 17:46:31.000 UTC,5bXZD8z3KeJNCCEVy8CnmdLEUJLJp71qQPWqNofh3Br62e9W56CjV8uZC2KQsYvbfa5edRmF5k1heAj1UivtNpAG,2,jupgfSgfuAXv4B6R2Uxu85Z1qdzgju79s6MfZekN6XS,jupiter,2u1tszSeqZ3qBWF3uNGPFc8TzMk2tdiwknnRMWGWjGWH,USDG,30.25766,30.265653065183336
2025-10-10 17:46:44.000 UTC,GtqcQE6JDpdoUjMmAgxUBn3NbpDsqMFRosBk9xK8UJJzT6C6rtzj6TqChVcQ3CRo6RVqUvvHFXnAzeEgBqXy45D,2,jupgfSgfuAXv4B6R2Uxu85Z1qdzgju79s6MfZekN6XS,jupiter,2u1tszSeqZ3qBWF3uNGPFc8TzMk2tdiwknnRMWGWjGWH,USDG,63.694527,63.71135297088251
2025-10-10 17:47:16.000 UTC,DBANGQoM3L7UpNoXnbPWkree2D4R4fjZngpLFnNt8mpfJJX4GwWYXAUCfwEgFg2FHmvmFBeCVj7vZfobz3dXhqK,2,jupgfSgfuAXv4B6R2Uxu85Z1qdzgju79s6MfZekN6XS,jupiter,2u1tszSeqZ3qBWF3uNGPFc8TzMk2tdiwknnRMWGWjGWH,USDG,98.713048,98.73912469684667
2025-10-10 17:46:30.000 UTC,41FwPTgJvhbCbdthfoZrKHCWZkQfB1fR2gzPbcga6rnjuJ4kfp5uDF94tVaT1Xa9qKNEkW8PRiYWWEf9MdnDYEGV,2,jupgfSgfuAXv4B6R2Uxu85Z1qdzgju79s6MfZekN6XS,jupiter,2u1tszSeqZ3qBWF3uNGPFc8TzMk2tdiwknnRMWGWjGWH,USDG,99.635829,99.66214946482751
2025-10-10 17:40:44.000 UTC,2QVn5mTGymJaoj5AtCCcbDrioT8zvJnBbkP2DGCwKfxR8VHMJvGvni2RANJvPbNXGreHh1boWmdT12Aic42sW2V3,2,jupgfSgfuAXv4B6R2Uxu85Z1qdzgju79s6MfZekN6XS,jupiter,2u1tszSeqZ3qBWF3uNGPFc8TzMk2tdiwknnRMWGWjGWH,USDG,100.454261,100.48079766728084
2025-10-10 17:40:45.000 UTC,KPpHgnky2kMsR2EWeGomHBwCxvgVeZgNvZX2MR8AfDq3ASi4Y7AkqYkeYANqSpLEBx26WEUuqW3dAhNrdJi8fqA,2,jupgfSgfuAXv4B6R2Uxu85Z1qdzgju79s6MfZekN6XS,jupiter,2u1tszSeqZ3qBWF3uNGPFc8TzMk2tdiwknnRMWGWjGWH,USDG,30.573789,30.5818655759275
2025-10-10 17:39:44.000 UTC,4rWvFgspy6AKVLnn3gHxc6yDes3fCN3x5EH2hVJEnjcVfL5qwXgPkS9fPaPexnZJFCe1EdYzTzQdQhEXYsAVShKK,2,jupgfSgfuAXv4B6R2Uxu85Z1qdzgju79s6MfZekN6XS,jupiter,2u1tszSeqZ3qBWF3uNGPFc8TzMk2tdiwknnRMWGWjGWH,USDG,32.040507,32.0489710339325
2025-10-10 17:39:45.000 UTC,32enF64iC1ArBsn8wCU5EAid9RmVuk23teQJumKKafU9Vn2vBdGJmSpuiHZ7PFg2nxdrRZ7gHMz3iH21P7HRbxqX,2,jupgfSgfuAXv4B6R2Uxu85Z1qdzgju79s6MfZekN6XS,jupiter,2u1tszSeqZ3qBWF3uNGPFc8TzMk2tdiwknnRMWGWjGWH,USDG,30.887788,30.895947523996668
2025-10-10 17:38:40.000 UTC,yBnSLeqQL8PrEVNNestQ4pwZUA3ro3GRdTBYdbtcEA7GCT3rvmLmTMaFyRxXxUTEn7S9cptYKfXsWUDeaXwXgzC,2,jupgfSgfuAXv4B6R2Uxu85Z1qdzgju79s6MfZekN6XS,jupiter,2u1tszSeqZ3qBWF3uNGPFc8TzMk2tdiwknnRMWGWjGWH,USDG,100.92919,100.95585212769168
2025-10-10 15:36:03.000 UTC,5WfuSmfReX729m8PKWGkd8FEUP9z5g9ZRW3kwdNkLdxzDjBpRB7nJVu5XUo65CfLF7CVNjBP3XuEtNXGieExAZSa,3,jupgfSgfuAXv4B6R2Uxu85Z1qdzgju79s6MfZekN6XS,jupiter,2u1tszSeqZ3qBWF3uNGPFc8TzMk2tdiwknnRMWGWjGWH,USDG,31.515232,31.527181525466666
2025-10-10 15:36:25.000 UTC,4cipMHwKDCrYkkpEfweUSHFsnDWJ1ckiRUtCeQjWyACLzzKo5FeCReEk9kbdS8SmqNm3MLDfLe2jzP43JxTs6LJT,3,jupgfSgfuAXv4B6R2Uxu85Z1qdzgju79s6MfZekN6XS,jupiter,2u1tszSeqZ3qBWF3uNGPFc8TzMk2tdiwknnRMWGWjGWH,USDG,32.343095,32.355358423520826
2025-10-10 15:36:26.000 UTC,3XoxD4k4oc2dYBMV6266dmA5VFsSpqoypwnbVH4jrjrtUBCJW8Hg1NMnMxSwjTPrxBpFMgAPwbXdKEV6gwh7gyfQ,3,jupgfSgfuAXv4B6R2Uxu85Z1qdzgju79s6MfZekN6XS,jupiter,2u1tszSeqZ3qBWF3uNGPFc8TzMk2tdiwknnRMWGWjGWH,USDG,102.167136,102.20587437239999
2025-10-10 15:35:34.000 UTC,4uw44TdVUVVGWrGuqqtwoc5goJgzhZWYHAVebdRWebDis1xtEtodzX4MhtAJyDNr8ndpxZRGdtnbZJ3osTFqXr6H,3,jupgfSgfuAXv4B6R2Uxu85Z1qdzgju79s6MfZekN6XS,jupiter,2u1tszSeqZ3qBWF3uNGPFc8TzMk2tdiwknnRMWGWjGWH,USDG,31.515242,31.52719152925833
2025-10-10 15:32:46.000 UTC,5M4x3F1ybfHphamZLEKKhSQbXb9rUbC9VWpcgEwfSYACRnEcWw7J1Sv7pwe7h6obTGrTyq28VYktm9kgMMHCnWUe,3,jupgfSgfuAXv4B6R2Uxu85Z1qdzgju79s6MfZekN6XS,jupiter,2u1tszSeqZ3qBWF3uNGPFc8TzMk2tdiwknnRMWGWjGWH,USDG,283.811924,283.91953602118326
2025-10-10 15:32:33.000 UTC,5pLk6k4qoFjbFkZmViXsY8VoyoKruC9VD2EvteJ57ArAGN9EoGi9DBpS3hjBqPu6BueNPgnGRE321zLxhfbmUv9L,3,jupgfSgfuAXv4B6R2Uxu85Z1qdzgju79s6MfZekN6XS,jupiter,2u1tszSeqZ3qBWF3uNGPFc8TzMk2tdiwknnRMWGWjGWH,USDG,35.67036,35.6838850115
2025-10-10 15:35:20.000 UTC,4r7d15sSezgFKKaGNYxEAov9zxNbtRxT1TAQHFzPmjW8PKH5EaFe8PxveL5tGKSUL28hRjhtzsXJvM5r2cYBxo8e,3,jupgfSgfuAXv4B6R2Uxu85Z1qdzgju79s6MfZekN6XS,jupiter,2u1tszSeqZ3qBWF3uNGPFc8TzMk2tdiwknnRMWGWjGWH,USDG,65.949159,65.97416472278749
2025-10-10 15:33:37.000 UTC,41fjU8fHRfbZ7KCNByTSTgGPH5ZJdx9oZt6ymVUxjr6vAaQXEC9twmqZ2yQ4TTbnv7fbHmt2mj9h2sujrPPmurxD,3,jupgfSgfuAXv4B6R2Uxu85Z1qdzgju79s6MfZekN6XS,jupiter,2u1tszSeqZ3qBWF3uNGPFc8TzMk2tdiwknnRMWGWjGWH,USDG,31.907592,31.9196902953
2025-10-10 15:33:42.000 UTC,38oNtEY63yo1SYaSeWfZ4BRWNU7EdM3eLWLMhWXa59SytzmfoTda135GBVJCzzFpW9HPEE4ZAQaHLzdJAgXJoEgS,3,jupgfSgfuAXv4B6R2Uxu85Z1qdzgju79s6MfZekN6XS,jupiter,2u1tszSeqZ3qBWF3uNGPFc8TzMk2tdiwknnRMWGWjGWH,USDG,206.813533,206.89194979792916
2025-10-10 15:33:02.000 UTC,pqZLWhompuZnMtNXhZQBeLLJmB1sLFxcsLiQaRHDeSfaCvfVHYFTnghGH5pMLkxBnbtSATy3VSJTwvXUTH8ve5p,3,jupgfSgfuAXv4B6R2Uxu85Z1qdzgju79s6MfZekN6XS,jupiter,2u1tszSeqZ3qBWF3uNGPFc8TzMk2tdiwknnRMWGWjGWH,USDG,104.761496,104.80121806723332
2025-10-10 15:30:16.000 UTC,JLijhBmqy74f1LU8Z1yvGrHYMjFNrg5HfJ2KH5YwZLs1wSicZDV6MQe8Q868jY6v8XZiQKvcxQKhpqgY8HuiuDS,3,jupgfSgfuAXv4B6R2Uxu85Z1qdzgju79s6MfZekN6XS,jupiter,2u1tszSeqZ3qBWF3uNGPFc8TzMk2tdiwknnRMWGWjGWH,USDG,108.420074,108.46118327805833
2025-10-10 15:30:24.000 UTC,3B1UXaVwbEkKTJWnbbVSag5LVwVKcS61Fhqs3fN5BL968tfMo7C9wCpaUarKzDpMTbWCRC4T8pR8aanAFB2iDJEU,3,jupgfSgfuAXv4B6R2Uxu85Z1qdzgju79s6MfZekN6XS,jupiter,2u1tszSeqZ3qBWF3uNGPFc8TzMk2tdiwknnRMWGWjGWH,USDG,0.04501,0.04502706629166667
2025-10-10 15:31:17.000 UTC,T3sCYqwWQGm8vdob5vkejE6KA1kXYY1iZeXnDvjd9NPbkn6XdHqXc9wZvMVmFc5S41NAF3KPkrnDq1UpaBTwH8T,3,jupgfSgfuAXv4B6R2Uxu85Z1qdzgju79s6MfZekN6XS,jupiter,2u1tszSeqZ3qBWF3uNGPFc8TzMk2tdiwknnRMWGWjGWH,USDG,431.38242,431.54598583425
2025-10-10 15:31:40.000 UTC,4c7ze4TcpDRCGXet1hU6no8CKcDjTyzmCEzs8U2QiehgLaxfYBDRnV25iF7FrhaN5tY6W5cXZQSwVZKfdtcD9hu2,3,jupgfSgfuAXv4B6R2Uxu85Z1qdzgju79s6MfZekN6XS,jupiter,2u1tszSeqZ3qBWF3uNGPFc8TzMk2tdiwknnRMWGWjGWH,USDG,168.094449,168.1581848119125
2025-10-10 15:27:23.000 UTC,3jcoX1wuQKoCyrBT1LPbkGjPKXSa6UCaq1PAF1jYtBfRP8rh3SaN5P8TCUCSAkbaW1C3MWpKXEfon6y2dRiFWoGY,2,jupgfSgfuAXv4B6R2Uxu85Z1qdzgju79s6MfZekN6XS,jupiter,2u1tszSeqZ3qBWF3uNGPFc8TzMk2tdiwknnRMWGWjGWH,USDG,36.115461,36.1291547789625
2025-10-10 15:26:28.000 UTC,5s7JSsWkV6TM82TTzMWcbSvvexGU6GNW57CYhBYhExMnGeWtuGAjTqYHq4a3PGQs4KdZy3ehxQm8LuVfpX5RUetB,3,jupgfSgfuAXv4B6R2Uxu85Z1qdzgju79s6MfZekN6XS,jupiter,2u1tszSeqZ3qBWF3uNGPFc8TzMk2tdiwknnRMWGWjGWH,USDG,220.850147,220.93388601407082
2025-10-10 15:26:31.000 UTC,6cJCGMwQhEpr7yFkEjihHtMPRzEwR7UNmucWDmQxzMLZEuQXr5KJCvmMnXkvY2NjyCSeV9BekhTQZAdZNuukYXo,3,jupgfSgfuAXv4B6R2Uxu85Z1qdzgju79s6MfZekN6XS,jupiter,2u1tszSeqZ3qBWF3uNGPFc8TzMk2tdiwknnRMWGWjGWH,USDG,68.551886,68.57787859010833
2025-10-10 15:24:58.000 UTC,3norgr8uogJgFSQZDtddac3vUGtH7Zv2ZEFiN5d6CJTgH15SMhAjRn5WYgzTDmWjgSW41b5NhQt32H7HWWTbiYms,3,jupgfSgfuAXv4B6R2Uxu85Z1qdzgju79s6MfZekN6XS,jupiter,2u1tszSeqZ3qBWF3uNGPFc8TzMk2tdiwknnRMWGWjGWH,USDG,34.642398,34.655533242575
2025-10-10 15:23:15.000 UTC,4PhqF4ChbK6ZeWrVd5uRENBbgnke64qMgUsWsfXWGafcL2nhuA4S7Kx1HVxzfYTmb3iwCTzHL2vyFSrTcN6jrDAj,3,jupgfSgfuAXv4B6R2Uxu85Z1qdzgju79s6MfZekN6XS,jupiter,2u1tszSeqZ3qBWF3uNGPFc8TzMk2tdiwknnRMWGWjGWH,USDG,2.493632,2.494577502133333
2025-10-10 15:22:40.000 UTC,5EsyajzSDFkR2z4KUCZAQsf7PQCapyV8jgdhwLa7RSf6vtLyLwX61DcZKz2hYEw2cDZXfx8Jk4ZR8pYezdkYg3iG,3,jupgfSgfuAXv4B6R2Uxu85Z1qdzgju79s6MfZekN6XS,jupiter,2u1tszSeqZ3qBWF3uNGPFc8TzMk2tdiwknnRMWGWjGWH,USDG,576.015093,576.2334987227624
2025-10-10 15:22:50.000 UTC,L2PYaQaUsgwHxft8JBXaqXAzHHAugyY7toBsCCQhH4jqRPZ5p5NepKTKXtRdeBS5L2Ak2fhinfPinDV6GcGQRNx,3,jupgfSgfuAXv4B6R2Uxu85Z1qdzgju79s6MfZekN6XS,jupiter,2u1tszSeqZ3qBWF3uNGPFc8TzMk2tdiwknnRMWGWjGWH,USDG,219.591577,219.67483880627915
2025-10-10 15:24:19.000 UTC,5oDHwW9aQ8Tg9Q2xaGcz6gNZe6ehdEUujMEaQtb19u7piGYrp2gzugqcvp644oSc5PPCnvLk1ExKBzrNKY22wcQD,3,jupgfSgfuAXv4B6R2Uxu85Z1qdzgju79s6MfZekN6XS,jupiter,2u1tszSeqZ3qBWF3uNGPFc8TzMk2tdiwknnRMWGWjGWH,USDG,110.898667,110.94071607790416
2025-10-10 15:22:39.000 UTC,64uW1Z45yoJ2ayppHiQx6nffanhRRUje2tBTtWrs5EYHi6Yhns7Ax3UXRRDTLaVAfpFbg9rm7KwTrqnqTipBXKoc,3,jupgfSgfuAXv4B6R2Uxu85Z1qdzgju79s6MfZekN6XS,jupiter,2u1tszSeqZ3qBWF3uNGPFc8TzMk2tdiwknnRMWGWjGWH,USDG,227.801269,227.88764364782915
2025-10-10 15:21:21.000 UTC,WXmbXJeo83Gk6r4mAmm3nSxUN3o5NQy2o6i5ESfJQEKZMF8rmY5kVuK8g1J7GZzSRXbwGBagE6cVP4JHiyQcmCv,2,jupgfSgfuAXv4B6R2Uxu85Z1qdzgju79s6MfZekN6XS,jupiter,2u1tszSeqZ3qBWF3uNGPFc8TzMk2tdiwknnRMWGWjGWH,USDG,116.331433,116.37554200167916
2025-10-10 15:20:22.000 UTC,2En38jhshKn4vEi3wGmap7PmseDf3NwDXa1qC4VXR7JthZiRGwYyh12bJJVKhRcgoNyqtXAMH3DGhNTM2Sm9rWem,3,jupgfSgfuAXv4B6R2Uxu85Z1qdzgju79s6MfZekN6XS,jupiter,2u1tszSeqZ3qBWF3uNGPFc8TzMk2tdiwknnRMWGWjGWH,USDG,356.720059,356.85531535570414
2025-10-10 15:20:21.000 UTC,jQTXvRoirS59z52gYbJ9474jFMYcATEnbLd6KqR534eB8M9khc5bQuNewdx1MHfZiPiEEJiAbQj8BygtCYNt3X6,3,jupgfSgfuAXv4B6R2Uxu85Z1qdzgju79s6MfZekN6XS,jupiter,2u1tszSeqZ3qBWF3uNGPFc8TzMk2tdiwknnRMWGWjGWH,USDG,319.105124,319.2261180261833
2025-10-10 15:21:01.000 UTC,P85ipjQwT3KMRcVHnmTYLNR4RxjyVMiYQRHdKJXjZdpC4jwCoKBGyfqooX9hi64myYr7pgTurN4BpSvGs21rckG,3,jupgfSgfuAXv4B6R2Uxu85Z1qdzgju79s6MfZekN6XS,jupiter,2u1tszSeqZ3qBWF3uNGPFc8TzMk2tdiwknnRMWGWjGWH,USDG,402.513026,402.6656455223583
2025-10-10 15:20:58.000 UTC,HamjTzWuLQXnNnJreApT3EwePHEaeAYTyFYTV1rHNPiQWQBkx9F3anJzrKYyjDQSWqFQAZiUjaAuf7opNowEH4y,3,jupgfSgfuAXv4B6R2Uxu85Z1qdzgju79s6MfZekN6XS,jupiter,2u1tszSeqZ3qBWF3uNGPFc8TzMk2tdiwknnRMWGWjGWH,USDG,37.019402,37.03343852325833
2025-10-10 15:32:09.000 UTC,45FTPgFZFt2MbuBsgSSenrt7khuCPom5xF5LMzeWoE6iXwjSmHfWATNgKVHBxmb75qaR6jVsbDSGGrwjxjncyxw8,2,jupgfSgfuAXv4B6R2Uxu85Z1qdzgju79s6MfZekN6XS,jupiter,EPjFWdd5AufqSSqeM2qN1xzybapC8G4wEGGkZwyTDt1v,USDC,1.701217,1.7017129047554997
2025-10-10 15:34:26.000 UTC,5K97cb2vpuJfq9JNyXEhzcNCizw7C2nbcXNCgjUp9uAVUr9oZE7NJhUV8hrVH4PExnHTrYPV4qiQ5vbK4hgQGm1k,3,jupgfSgfuAXv4B6R2Uxu85Z1qdzgju79s6MfZekN6XS,jupiter,EPjFWdd5AufqSSqeM2qN1xzybapC8G4wEGGkZwyTDt1v,USDC,433.526331,433.6527039254865
2025-10-10 15:35:01.000 UTC,LJW9rM4vtd745FotW6GgA2NRGimoUNu2DGVGpPcNmCv1vKqSRTTsuzBzXuyxLoxJiMqa24RVMGHVX8V58Z1W1Ws,2,jupgfSgfuAXv4B6R2Uxu85Z1qdzgju79s6MfZekN6XS,jupiter,EPjFWdd5AufqSSqeM2qN1xzybapC8G4wEGGkZwyTDt1v,USDC,17.541585,17.5466983720275
2025-10-10 15:33:14.000 UTC,3WgDtSDTqfBu8C4tq6VeW1gHnSkECbCxGn7v1M5rB92Py9Sqs49CQ721dLdsuidujc8jHUBvTR9xifbJDJYM7fSy,3,jupgfSgfuAXv4B6R2Uxu85Z1qdzgju79s6MfZekN6XS,jupiter,EPjFWdd5AufqSSqeM2qN1xzybapC8G4wEGGkZwyTDt1v,USDC,218.446161,218.50983805593145
2025-10-10 15:34:49.000 UTC,4WuALA96xiriDcY1SJWfQP57pTroTHrRfAUdGJPcwzBkmfxs52oe9FzRt2HfULKvjiU6vEJkupfRVeptKtpC8pVi,3,jupgfSgfuAXv4B6R2Uxu85Z1qdzgju79s6MfZekN6XS,jupiter,EPjFWdd5AufqSSqeM2qN1xzybapC8G4wEGGkZwyTDt1v,USDC,83.651107,83.67549129769048
2025-10-10 15:33:32.000 UTC,4CN6kHLEcgkP8hUzhehJUbNxyeNWiNBaVyUtZytBxAB846McongqKLDdSoNwCnF7hksXVJ5UC7ZUpiRyfAXGo1bw,3,jupgfSgfuAXv4B6R2Uxu85Z1qdzgju79s6MfZekN6XS,jupiter,EPjFWdd5AufqSSqeM2qN1xzybapC8G4wEGGkZwyTDt1v,USDC,21.134158,21.140318607056997
2025-10-10 15:34:33.000 UTC,2NikZLi7zmBLvjuqGFFQboyrFHBNwUgFLWJvA8RZYhPEas3LJ2RFafbe5xf2uJajtgP2XH6m9ctyzdm9MG6yrKVZ,2,jupgfSgfuAXv4B6R2Uxu85Z1qdzgju79s6MfZekN6XS,jupiter,EPjFWdd5AufqSSqeM2qN1xzybapC8G4wEGGkZwyTDt1v,USDC,53.175008,53.19050851483199
2025-10-10 15:32:19.000 UTC,4nF5ydkJGvN7vBJW4DUbHjvYBwBvetEtDML3gHNsEvMKANgrQyB1bQF4ggTRUgDhURHAHiHSqJdC1NJjvMCv7mFE,3,jupgfSgfuAXv4B6R2Uxu85Z1qdzgju79s6MfZekN6XS,jupiter,EPjFWdd5AufqSSqeM2qN1xzybapC8G4wEGGkZwyTDt1v,USDC,23.617494,23.624378499501
2025-10-10 15:32:25.000 UTC,54dq8oFHkoK3xPT38SxPChVZsZkeKw6cSWwyFU7NBqwuSeEYWd6LcPeJD9BkqruzqmCmRDNE6KTdTEEtoRZXLjUm,3,jupgfSgfuAXv4B6R2Uxu85Z1qdzgju79s6MfZekN6XS,jupiter,EPjFWdd5AufqSSqeM2qN1xzybapC8G4wEGGkZwyTDt1v,USDC,1366.255279,1366.6535424138283
2025-10-10 15:34:39.000 UTC,5VRWGaEtEyvp9GBJCF7p8oY2Y2uJr1d6nUQu2bNdQQdfSTFraUi6zZRxdqhHYfryYwTtqyYXrjcCgSU2oALUsKSr,3,jupgfSgfuAXv4B6R2Uxu85Z1qdzgju79s6MfZekN6XS,jupiter,EPjFWdd5AufqSSqeM2qN1xzybapC8G4wEGGkZwyTDt1v,USDC,2116.59591,2117.2128977077646
2025-10-10 15:31:53.000 UTC,VnPVixPKizT7Q8ncw9yqaCtfNx6psdE17Uk78Jpgw4tJFEWc1T3c68srZQCki9UaYTWg4jUaVD5bL1qWEyqP5nG,2,jupgfSgfuAXv4B6R2Uxu85Z1qdzgju79s6MfZekN6XS,jupiter,EPjFWdd5AufqSSqeM2qN1xzybapC8G4wEGGkZwyTDt1v,USDC,1.135694,1.1360250548009998
2025-10-10 15:31:48.000 UTC,2ENTNh6YqbkTRa53moEQkWZxovvii1b6WtAZ6JQn4iCSXij5jVeT9dj5rEZPwxmnM3RMZWHKoKSDd4AviYAmfjCG,2,jupgfSgfuAXv4B6R2Uxu85Z1qdzgju79s6MfZekN6XS,jupiter,EPjFWdd5AufqSSqeM2qN1xzybapC8G4wEGGkZwyTDt1v,USDC,54.622652,54.638574503057995
2025-10-10 15:30:21.000 UTC,45gePioaN1GGsBaqtLWxN1vy9q8zifWP7Ga6CvZ9kU1uVBPyQSEwCWegs6keiFtCFCdapYK2n4pJC2xEoyAYpApx,2,jupgfSgfuAXv4B6R2Uxu85Z1qdzgju79s6MfZekN6XS,jupiter,EPjFWdd5AufqSSqeM2qN1xzybapC8G4wEGGkZwyTDt1v,USDC,0.002397,0.0023976987254999997
2025-10-10 15:31:33.000 UTC,2iGKyeCLqKNJM7FLpfuMfP5SwnyZpVoSZQZUH6VqoUGsvw39Dae276C4W9Coirn7N3wvkCSspFTCwWana3h4TKKo,3,jupgfSgfuAXv4B6R2Uxu85Z1qdzgju79s6MfZekN6XS,jupiter,EPjFWdd5AufqSSqeM2qN1xzybapC8G4wEGGkZwyTDt1v,USDC,111.319989,111.35243877679349
2025-10-10 15:30:35.000 UTC,4qxinYgABbMvxRZwz7ZfjiSduyAtFRh59LTtnuFKTwZ3phYpuzVdFMen64G84vgB2D6MmD6DUEGjojW9SewxEYWb,3,jupgfSgfuAXv4B6R2Uxu85Z1qdzgju79s6MfZekN6XS,jupiter,EPjFWdd5AufqSSqeM2qN1xzybapC8G4wEGGkZwyTDt1v,USDC,19.189527,19.195120747120495
2025-10-10 15:30:53.000 UTC,28SWZHqBdYSAn86brQwHgXbmXzsekVzurrttB3fShsv7SqjghjEWNPKCYzRLmRb1Eq8wzrMqcEPffjP1wtox7MwY,2,jupgfSgfuAXv4B6R2Uxu85Z1qdzgju79s6MfZekN6XS,jupiter,EPjFWdd5AufqSSqeM2qN1xzybapC8G4wEGGkZwyTDt1v,USDC,19.142505,19.148085040207498
2025-10-10 15:31:05.000 UTC,3zurPAEfmQKLJ9qZQ8QE5qCozk8GPTvHY851VbjsqsYDSZMwsqWTEEie1y6Qg7SApwz7Xwu33R617YRHFqxNeY1n,2,jupgfSgfuAXv4B6R2Uxu85Z1qdzgju79s6MfZekN6XS,jupiter,EPjFWdd5AufqSSqeM2qN1xzybapC8G4wEGGkZwyTDt1v,USDC,37.521902,37.532839634432996
2025-10-10 15:30:39.000 UTC,4eNUhEE1Qu9WTX18c9FnTqWmRuKMLBFxURMiKxHJ1cjWoLVx46CFxLCYK7qYKgZjm6cUVzip6EKzQjge7SADdiTc,2,jupgfSgfuAXv4B6R2Uxu85Z1qdzgju79s6MfZekN6XS,jupiter,EPjFWdd5AufqSSqeM2qN1xzybapC8G4wEGGkZwyTDt1v,USDC,19.189526,19.195119746828997
2025-10-10 15:31:01.000 UTC,R96CVhtsfeey7bANNVCz3e4YfM3WRrvofcSrqKcHSULnjyosQBAR38eqkdzMCg5Eg31bhrxa99iSG9RNwdV23i7,2,jupgfSgfuAXv4B6R2Uxu85Z1qdzgju79s6MfZekN6XS,jupiter,EPjFWdd5AufqSSqeM2qN1xzybapC8G4wEGGkZwyTDt1v,USDC,1.190908,1.1912551496819999
2025-10-10 15:30:18.000 UTC,3aekFxq5zbP3h4MZqw3yBsA1bTpiw4u5SYRGw6b8eozcCL4BigNwheon6CFZDsAhF5bUKHus9LCsMsRiE8bYwDBm,3,jupgfSgfuAXv4B6R2Uxu85Z1qdzgju79s6MfZekN6XS,jupiter,EPjFWdd5AufqSSqeM2qN1xzybapC8G4wEGGkZwyTDt1v,USDC,22.596264,22.602850810956
2025-10-10 15:31:15.000 UTC,iehu3zikHgkSzhj1i7RuYuYPckCeCmbQe7ns4xgG2YGX7WGrT1iuafcECDhk8kqqe6TNcJPSHshYqezTeMvEj5d,3,jupgfSgfuAXv4B6R2Uxu85Z1qdzgju79s6MfZekN6XS,jupiter,EPjFWdd5AufqSSqeM2qN1xzybapC8G4wEGGkZwyTDt1v,USDC,1.764557,1.7650713683654997
2025-10-10 15:26:27.000 UTC,3pRgKatsFSRg9EGC7yS9gv3Wbjdv9yi8Td9Zt8rdW48UGkmhUCnEVjEs7gZisRHFUgGKyKyVbB7xzLZ9gLiDQd4G,2,jupgfSgfuAXv4B6R2Uxu85Z1qdzgju79s6MfZekN6XS,jupiter,EPjFWdd5AufqSSqeM2qN1xzybapC8G4wEGGkZwyTDt1v,USDC,463.571323,463.7064540406545
2025-10-10 15:26:00.000 UTC,596ywdtmidDvuxmXsrX45NqTcFsuH261k4HEDon82mAcoCi2A7Qyz4cLCcGTLnc2dFNMdxocGCFucRXPgeYn14tX,2,jupgfSgfuAXv4B6R2Uxu85Z1qdzgju79s6MfZekN6XS,jupiter,EPjFWdd5AufqSSqeM2qN1xzybapC8G4wEGGkZwyTDt1v,USDC,19.323304,19.328936743116
2025-10-10 15:26:24.000 UTC,2AHTwmvphVUowGavnQmJt8P6x2StuEBv9AvBB9eFyHqYjexaR2Nn8UEUKsAoa2oEXfhVjtQaoYgGKS128HbEduRV,3,jupgfSgfuAXv4B6R2Uxu85Z1qdzgju79s6MfZekN6XS,jupiter,EPjFWdd5AufqSSqeM2qN1xzybapC8G4wEGGkZwyTDt1v,USDC,46.190248,46.20371245729199
2025-10-10 15:25:40.000 UTC,4EwgoPNkmykbaQQRjvxQrKegtqrsFaniPHGqssukPXRgRxQGYTQDy5anJkwh75hLp2CrLejSkCU9oTHr8DpUgZNV,2,jupgfSgfuAXv4B6R2Uxu85Z1qdzgju79s6MfZekN6XS,jupiter,EPjFWdd5AufqSSqeM2qN1xzybapC8G4wEGGkZwyTDt1v,USDC,1.223988,1.224344792502
2025-10-10 15:25:09.000 UTC,5b3wFfAcGnBuvV7Z3jhkaRW1ucKZNJzv8rHuSKDeXL8NnL9j6U7fT5VJpKLZAtbxZJeKkTjmkPtpCP3RgMasYCe2,3,jupgfSgfuAXv4B6R2Uxu85Z1qdzgju79s6MfZekN6XS,jupiter,EPjFWdd5AufqSSqeM2qN1xzybapC8G4wEGGkZwyTDt1v,USDC,19.69881,19.704552203115
2025-10-10 15:22:32.000 UTC,5dCFaDNkT1qPe39ocWsGV3BGhWiwuZ4di6yxSeANR4PgKmmzqJ15d8bT97TBKdS2gS7amXogp5QSn49bs8V2SFSq,2,jupgfSgfuAXv4B6R2Uxu85Z1qdzgju79s6MfZekN6XS,jupiter,EPjFWdd5AufqSSqeM2qN1xzybapC8G4wEGGkZwyTDt1v,USDC,1.24218,1.24254209547
2025-10-10 15:25:13.000 UTC,617WnuoVvyLY5AjbfNeMwjhHk1fsUT4TJ46GdDRCNJfr5Ro4U8Re4Z7mnThvwLJyMfYJg7YHvnUjJX9bUxxtv5e5,3,jupgfSgfuAXv4B6R2Uxu85Z1qdzgju79s6MfZekN6XS,jupiter,EPjFWdd5AufqSSqeM2qN1xzybapC8G4wEGGkZwyTDt1v,USDC,233.571847,233.63993319340045
2025-10-10 15:22:48.000 UTC,61ACJS8P3Y3uaF7nCsKcwXv1pjZrnVSVj16w4g8ekbD4LCiSz8oY5hiq7jX9Qba3qPg6AXbzUYgWTW2yFJfrHbaw,3,jupgfSgfuAXv4B6R2Uxu85Z1qdzgju79s6MfZekN6XS,jupiter,EPjFWdd5AufqSSqeM2qN1xzybapC8G4wEGGkZwyTDt1v,USDC,145.414594,145.45698235415097
2025-10-10 15:22:25.000 UTC,63JpS3XLVXgzFp8dCLvTHj5CeEafPHeQAbxf6KwbnTGmWcFHMKaFLBiw2prSdBbUAVU2i6SRLCPPgFYWakSRsKs1,2,jupgfSgfuAXv4B6R2Uxu85Z1qdzgju79s6MfZekN6XS,jupiter,EPjFWdd5AufqSSqeM2qN1xzybapC8G4wEGGkZwyTDt1v,USDC,21.299095,21.3053036861925
2025-10-10 15:24:31.000 UTC,2gHNKcMmTk4ChaX8WZBKxpNKFbj9L4bRUXcaSyjJY33eBGu5u6rHiEjze2My2kk3RddSHvBmMPdjWD3aMWddskUF,2,jupgfSgfuAXv4B6R2Uxu85Z1qdzgju79s6MfZekN6XS,jupiter,EPjFWdd5AufqSSqeM2qN1xzybapC8G4wEGGkZwyTDt1v,USDC,97.231929,97.26027210730348
2025-10-10 15:25:15.000 UTC,29THDoqKtFfSCsqdTnXGFJTHBEy99c95snkQueUMH2KtZmR3mjtpmvZUi6yVbxY8yeaystngRUhiqm2H7cnCXn2v,2,jupgfSgfuAXv4B6R2Uxu85Z1qdzgju79s6MfZekN6XS,jupiter,EPjFWdd5AufqSSqeM2qN1xzybapC8G4wEGGkZwyTDt1v,USDC,19.69881,19.704552203115
2025-10-10 15:22:45.000 UTC,2K58f7QvAaryxEshRXwhU1wF8xyMjPJ9FXHiERJKEm4dzrdeTSkzxShFh6QMqdCi1FZMVy4exdj74kradfRdiowk,2,jupgfSgfuAXv4B6R2Uxu85Z1qdzgju79s6MfZekN6XS,jupiter,EPjFWdd5AufqSSqeM2qN1xzybapC8G4wEGGkZwyTDt1v,USDC,19.17824,19.183830456959996
2025-10-10 15:22:22.000 UTC,5MyAVtLDpMVk8MRoDi54fsyarMs3nTSCQbUji6JPzEvAyiFKfZqTtErojyjQDTCAQ8LwYdyj1p2KqKJeHp3vdt54,2,jupgfSgfuAXv4B6R2Uxu85Z1qdzgju79s6MfZekN6XS,jupiter,EPjFWdd5AufqSSqeM2qN1xzybapC8G4wEGGkZwyTDt1v,USDC,21.299093,21.305301685609496
2025-10-10 15:22:37.000 UTC,5BzSj3KJgthq8rwYWJVd2a1u5t9UwyirTkKCauPHmeeEDiwDeGa16RYpXgjCnoiFqZ7G2r31w1iEqDe4ceLPCBNZ,3,jupgfSgfuAXv4B6R2Uxu85Z1qdzgju79s6MfZekN6XS,jupiter,EPjFWdd5AufqSSqeM2qN1xzybapC8G4wEGGkZwyTDt1v,USDC,1461.630384,1462.0564492569358
2025-10-10 15:22:01.000 UTC,4yjikoPZpgCAsziGBahELqidEMCc3rMUfneoiR5CrbrTbsEsB2GPbhhZHfqnmvzQoLRQfx2EviLdcDidUQzv9c8L,2,jupgfSgfuAXv4B6R2Uxu85Z1qdzgju79s6MfZekN6XS,jupiter,EPjFWdd5AufqSSqeM2qN1xzybapC8G4wEGGkZwyTDt1v,USDC,62.382891,62.401075612726494
2025-10-10 15:20:30.000 UTC,2XBN3dbaGBLqAWU5kPAzh3RmZFLrEU3j43vR21DdJtLe53AZXLWVU3T2mFZLngy3DrwYbXNR1nYTqzPQPp8PoHPN,2,jupgfSgfuAXv4B6R2Uxu85Z1qdzgju79s6MfZekN6XS,jupiter,EPjFWdd5AufqSSqeM2qN1xzybapC8G4wEGGkZwyTDt1v,USDC,1.329514,1.329901553331
2025-10-10 15:21:16.000 UTC,2sBpLuBHcompi7qnkmZV2Pfuo5Div8fANMPuWGGoEsVtWLLZduDGpQhQPE7dKD7mAS4wALbGx2x1sSHwpypHtpRa,2,jupgfSgfuAXv4B6R2Uxu85Z1qdzgju79s6MfZekN6XS,jupiter,EPjFWdd5AufqSSqeM2qN1xzybapC8G4wEGGkZwyTDt1v,USDC,24.557504,24.564662512416
2025-10-10 15:19:24.000 UTC,4TewDrYfka9sUCEqzRgU12VzvVthjnPEiy7ArRzjxXTcKvvtkj7RPj31wF4QvsmP5XJeYS8WnsyTh7MRcobwDvYH,3,jupgfSgfuAXv4B6R2Uxu85Z1qdzgju79s6MfZekN6XS,jupiter,EPjFWdd5AufqSSqeM2qN1xzybapC8G4wEGGkZwyTDt1v,USDC,0.668394,0.668588836851
2025-10-10 15:20:50.000 UTC,vaupfNDZKX9siireKzdK63ZVpqzJMxarsw3LWeBdSZuRMHTFptd2soXiYaRq2nMgtK5X24YAniBsPyrcLYWnUpR,3,jupgfSgfuAXv4B6R2Uxu85Z1qdzgju79s6MfZekN6XS,jupiter,EPjFWdd5AufqSSqeM2qN1xzybapC8G4wEGGkZwyTDt1v,USDC,246.103543,246.17528218278449
2025-10-10 15:20:25.000 UTC,28Kwh9JQzdWHmwhcoj1FKjBw7oGiC1wLrFexz8g2U1bLwQnRwEANGLSgzdUjPjZFhJVscGKwfoveZYLAuvU3UwNu,2,jupgfSgfuAXv4B6R2Uxu85Z1qdzgju79s6MfZekN6XS,jupiter,EPjFWdd5AufqSSqeM2qN1xzybapC8G4wEGGkZwyTDt1v,USDC,42.754837,42.767300034985496
2025-10-10 15:20:40.000 UTC,26uqrvaV2p4BpJDhVx1oSWCaD4gU6zpDLh1x1CAUxNxAfdZAeetbVRvEyjwk54saNLtt1NonJMSgkU1fgXs4h3zd,3,jupgfSgfuAXv4B6R2Uxu85Z1qdzgju79s6MfZekN6XS,jupiter,EPjFWdd5AufqSSqeM2qN1xzybapC8G4wEGGkZwyTDt1v,USDC,128.503326,128.54078471952897
2025-10-10 15:21:06.000 UTC,3X68LmDstW6d1uRydtCE2khLtKnPymt5GBeyaHJHhoa7cWxWT1DyBJq9M7EwF3PZ4TvD9ZtgTzKWktYrDokQ3FzD,2,jupgfSgfuAXv4B6R2Uxu85Z1qdzgju79s6MfZekN6XS,jupiter,EPjFWdd5AufqSSqeM2qN1xzybapC8G4wEGGkZwyTDt1v,USDC,0.650567,0.6507566402805
2025-10-10 15:22:10.000 UTC,2aYCQCGyPnvfuwa6b3JvFLzMs1qvyBztETXenyChtWXnvANaH1gUBbmNBsDvz1bYDnhe8igWMv3TCKiAanXVekbz,2,jupgfSgfuAXv4B6R2Uxu85Z1qdzgju79s6MfZekN6XS,jupiter,EPjFWdd5AufqSSqeM2qN1xzybapC8G4wEGGkZwyTDt1v,USDC,2.589087,2.5898417188605
2025-10-10 15:21:00.000 UTC,3Msw3SXXaFo7ox8Zn5DTnKJVNtWsUJTa5f8VDsprREkS5eExqRbEQSN8drbL6UsKmKcRuR8o9cFCfncu2KV8HFaf,2,jupgfSgfuAXv4B6R2Uxu85Z1qdzgju79s6MfZekN6XS,jupiter,EPjFWdd5AufqSSqeM2qN1xzybapC8G4wEGGkZwyTDt1v,USDC,21.265908,21.272107012181998
2025-10-10 15:20:34.000 UTC,4TEA15E1QyAKz8JQiWVE3qEbHFzdQj5eKCHv6tqzsdrSDC826pPda3Q2YpBxgZgUi3FAxHkQBy2UoFugrF5ntPMY,3,jupgfSgfuAXv4B6R2Uxu85Z1qdzgju79s6MfZekN6XS,jupiter,EPjFWdd5AufqSSqeM2qN1xzybapC8G4wEGGkZwyTDt1v,USDC,500.149732,500.29552564687793
2025-10-10 15:21:07.000 UTC,2BcjajEPNLu4E39upi16fP1F6eXa2hQYzt2D2NmW7AppBUim3EeMoJvoZhxMqhpB1enz4MEm6YnzManYjFMRrb1J,3,jupgfSgfuAXv4B6R2Uxu85Z1qdzgju79s6MfZekN6XS,jupiter,EPjFWdd5AufqSSqeM2qN1xzybapC8G4wEGGkZwyTDt1v,USDC,0.184004,0.184057637166
2025-10-10 23:55:10.000 UTC,5thV4Ua4udpQbt8myeWQE61EbJtT1SaCESwNZYoWRCNZWxRkhe7g4f2yh8jLgDXRqL3PrXw99TyN3g6siddMFkeh,3,jupgfSgfuAXv4B6R2Uxu85Z1qdzgju79s6MfZekN6XS,jupiter,EPjFWdd5AufqSSqeM2qN1xzybapC8G4wEGGkZwyTDt1v,USDC,6043.009321,6046.87130754023
2025-10-10 23:55:48.000 UTC,cYiy37g4HRKPZkRjv8uXk7bRQJjBssprHp42gzDYGtLqG9s3R1a42rhAZbmTaPgZE5Grw83uiY9hRP2rB2GFpp1,3,jupgfSgfuAXv4B6R2Uxu85Z1qdzgju79s6MfZekN6XS,jupiter,EPjFWdd5AufqSSqeM2qN1xzybapC8G4wEGGkZwyTDt1v,USDC,69.749174,69.79374953461716
2025-10-10 23:56:36.000 UTC,9LQyoFggNvVhYCS6FRQss1rZcQx1a6HduK6im9ru9c3AXDEZH78Z9BnXkwrxfSJ2eszCNsb9TFduQUhxcwSwPuo,3,jupgfSgfuAXv4B6R2Uxu85Z1qdzgju79s6MfZekN6XS,jupiter,EPjFWdd5AufqSSqeM2qN1xzybapC8G4wEGGkZwyTDt1v,USDC,1435.85926,1436.7768937220783
2025-10-10 23:57:15.000 UTC,35DgK4xNf1MzihuNw6yWiWiJmyXiRQyf6TChDnYwVjrjfVWWzxGWZTZKASJMPZ23ZtpTQXqsPva6v4UHUDkbSmeL,3,jupgfSgfuAXv4B6R2Uxu85Z1qdzgju79s6MfZekN6XS,jupiter,EPjFWdd5AufqSSqeM2qN1xzybapC8G4wEGGkZwyTDt1v,USDC,1435.85926,1436.7768937220783
2025-10-10 23:53:18.000 UTC,5Rv9EF4w6iHYcEuo5BwzEEovF1j5R4o1HGGzGCFH5qqoxX5a5iVyvphx6BxfCEYWTACJGB9thyGMSQggdA5HEtcg,3,jupgfSgfuAXv4B6R2Uxu85Z1qdzgju79s6MfZekN6XS,jupiter,EPjFWdd5AufqSSqeM2qN1xzybapC8G4wEGGkZwyTDt1v,USDC,92.93948,92.99887607267668
2025-10-10 23:50:52.000 UTC,4U5LhbEYpe8GJPWLLw1v2pRFj78x4Ug9wnqnFYYnxaygXgUzR63d7N5agL7GwTGFt8eBLGLBR2Rw5QG8YxtfXyc6,3,jupgfSgfuAXv4B6R2Uxu85Z1qdzgju79s6MfZekN6XS,jupiter,EPjFWdd5AufqSSqeM2qN1xzybapC8G4wEGGkZwyTDt1v,USDC,36.870855,36.89441854891625
2025-10-10 23:54:04.000 UTC,2ZwbigqBKw1T2JrPPRHgkctmMdoaQiN4mbn1KYmqssoE7qSnaq5akpimHxSxi9LuRwb5ZVPfGADBuoDu9pfHSpcP,3,jupgfSgfuAXv4B6R2Uxu85Z1qdzgju79s6MfZekN6XS,jupiter,EPjFWdd5AufqSSqeM2qN1xzybapC8G4wEGGkZwyTDt1v,USDC,115.002757,115.07625334528609
2025-10-10 23:49:41.000 UTC,2rCqUHnboyNPti6TD1Y7iXAzNiz2LPYV2K9HfGqxe6vDCRXCkzrJbzvKMD5Scn68CMsKa7tgkkKu7SEVCkW3u7xR,3,jupgfSgfuAXv4B6R2Uxu85Z1qdzgju79s6MfZekN6XS,jupiter,EPjFWdd5AufqSSqeM2qN1xzybapC8G4wEGGkZwyTDt1v,USDC,1119.902704,1120.6184151530815
2025-10-10 23:50:28.000 UTC,o3LaUsxAZe6zN915ViYZSHKrfZCFEmgehdE33yJqyaGEiD7q5U2MLdJibsW3fS6HfnmXqcWe5Na8S1Ueq9bWNJQ,3,jupgfSgfuAXv4B6R2Uxu85Z1qdzgju79s6MfZekN6XS,jupiter,EPjFWdd5AufqSSqeM2qN1xzybapC8G4wEGGkZwyTDt1v,USDC,36.870855,36.89441854891625
2025-10-10 23:36:00.000 UTC,4HjQo9DQ92fTwyfkjnnK3JgSpd9KtLmnsdYDoaUAzqWWo892US7SyxNHcGx33HiF63Uju5fVSz4NPPpyYUsbXUJF,3,jupgfSgfuAXv4B6R2Uxu85Z1qdzgju79s6MfZekN6XS,jupiter,EPjFWdd5AufqSSqeM2qN1xzybapC8G4wEGGkZwyTDt1v,USDC,466.285353,466.58334819767975
2025-10-10 23:35:32.000 UTC,3Pt9KoACktTC83GUNk6RtkVR5sSpNdoUunPmXDYyMaFckKDrvwyu8ryGXjNaf8ajVGdCFJyxbt3wRJrba8nHaG7F,3,jupgfSgfuAXv4B6R2Uxu85Z1qdzgju79s6MfZekN6XS,jupiter,EPjFWdd5AufqSSqeM2qN1xzybapC8G4wEGGkZwyTDt1v,USDC,4.082417,4.085026004664417
2025-10-10 23:34:15.000 UTC,29cE8nyqM16KjBjDsmexH9znVfeXTeUMTtwB1wpL6mqjvAzgqdvLFbavFuiQKm897abBLUTe1U2VgVjnqLAC5gNY,3,jupgfSgfuAXv4B6R2Uxu85Z1qdzgju79s6MfZekN6XS,jupiter,EPjFWdd5AufqSSqeM2qN1xzybapC8G4wEGGkZwyTDt1v,USDC,660.950741,661.3731436027275
2025-10-10 23:34:19.000 UTC,5MP3DrVVCrttynBRahWjR1gvG7DGkF55u9iJjsPf1PQodNH61d9xvhZ1ECUnwJeKiRTM8u2tDUmj3UxKnvdkCCkS,3,jupgfSgfuAXv4B6R2Uxu85Z1qdzgju79s6MfZekN6XS,jupiter,EPjFWdd5AufqSSqeM2qN1xzybapC8G4wEGGkZwyTDt1v,USDC,40.059764,40.08536552750967
2025-10-10 23:34:47.000 UTC,5abTWGwXukSzyFzwJt9nqUfoTiaEoWi8gBAochu8koaYWhTcN7iA2GS1hqyDDkaopPJk2HZURQBEZt3beZpZuwo2,3,jupgfSgfuAXv4B6R2Uxu85Z1qdzgju79s6MfZekN6XS,jupiter,EPjFWdd5AufqSSqeM2qN1xzybapC8G4wEGGkZwyTDt1v,USDC,69.652043,69.69655645981393
2025-10-10 23:34:49.000 UTC,2k2xeuTs3URRJFkUXDbYPvRq4QwytxEFT6gwyaKVbAFCU7UuKZwEAG7HWKDM4ihpeTamPAYBadyNXWccqQMA7XPT,3,jupgfSgfuAXv4B6R2Uxu85Z1qdzgju79s6MfZekN6XS,jupiter,EPjFWdd5AufqSSqeM2qN1xzybapC8G4wEGGkZwyTDt1v,USDC,163.772156,163.87682005536368
2025-10-10 23:34:58.000 UTC,37cgbyzmqQCarEftchB7Y76b3GqT1vXy8mkxq3faJu57HneRrx5HkECgWBuZgKc4fsicna2NEG8iAPLDiHzvXaFT,3,jupgfSgfuAXv4B6R2Uxu85Z1qdzgju79s6MfZekN6XS,jupiter,EPjFWdd5AufqSSqeM2qN1xzybapC8G4wEGGkZwyTDt1v,USDC,491.472877,491.7869691244761
2025-10-10 23:34:26.000 UTC,4jQSXf8NC1fUhBsw6Msn4Axn1xuUcmHoVy1hT75m7HYvygDp93TqUnZuLXtsgC3Dzf3JYsn4buUSAk9p2hxf8h1P,3,jupgfSgfuAXv4B6R2Uxu85Z1qdzgju79s6MfZekN6XS,jupiter,EPjFWdd5AufqSSqeM2qN1xzybapC8G4wEGGkZwyTDt1v,USDC,899.993833,900.5690040587731
2025-10-10 23:35:02.000 UTC,2Lz5DgngjcEMGbzNqy6dCL81iY3qzDoaKDYpqJHMNj5ox9PE7Xy7FZoaPBZujTzpS3vQVNVg1PUQWfVrjGbPTUkA,3,jupgfSgfuAXv4B6R2Uxu85Z1qdzgju79s6MfZekN6XS,jupiter,EPjFWdd5AufqSSqeM2qN1xzybapC8G4wEGGkZwyTDt1v,USDC,455.437306,455.72836839164285
2025-10-10 23:35:39.000 UTC,JpkwuTQ9Yjixy7QezYveaMBMFmkA1q18upzxbF8zpgcJDzXnzfepmJPWNhcZASnNxEcWAuaLiWp6JqXAqENhUvB,3,jupgfSgfuAXv4B6R2Uxu85Z1qdzgju79s6MfZekN6XS,jupiter,EPjFWdd5AufqSSqeM2qN1xzybapC8G4wEGGkZwyTDt1v,USDC,2.009343,2.01062713762225
2025-10-10 23:34:56.000 UTC,5i3yMBFVMvPsugTj98ji8xxQwQJMkspRw9vu9z3FssZ7VnG1ce4PD6D72iZmGx2K589DhjxmjgeCSTiSsc2xXoA5,3,jupgfSgfuAXv4B6R2Uxu85Z1qdzgju79s6MfZekN6XS,jupiter,EPjFWdd5AufqSSqeM2qN1xzybapC8G4wEGGkZwyTDt1v,USDC,26.632436,26.649456345973668
2025-10-10 23:35:06.000 UTC,3DoB7zxLPVRn8RX4iQVdapnSnGuAzNQLTyQQWKPeES5JRp3suqbE8x75WPbbuQiPo3uvm5D6PSGL1hhdu9Yjz6iY,3,jupgfSgfuAXv4B6R2Uxu85Z1qdzgju79s6MfZekN6XS,jupiter,EPjFWdd5AufqSSqeM2qN1xzybapC8G4wEGGkZwyTDt1v,USDC,4.082417,4.085026004664417
2025-10-10 20:56:11.000 UTC,3caLiSunegboF1qH8icfNq2752XcvccoQHAN4MnuYUA91wrWAvZ92UQroqG9HVnw94BubdGQ4FXVTuoESeurLqm4,2,KLend2g3cP87fffoy8q1mQqGKjrxjC8boSyAYavgmjD,kamino,HzwqbKZw8HxMN6bF2yFZNrht3c2iXXzpKcFu7uBEDKtr,EURC,128.939221,149.63710349154434
2025-10-10 20:56:32.000 UTC,ZW1qgCY3LsZ4RMkvUZ6Jci9fvufeCZWWta9kmPWL5HwfNdsHuaDFMXmW2z97xZY6iF1FxaFNCxSD1jGcEmTnWvC,2,KLend2g3cP87fffoy8q1mQqGKjrxjC8boSyAYavgmjD,kamino,HzwqbKZw8HxMN6bF2yFZNrht3c2iXXzpKcFu7uBEDKtr,EURC,0.201723,0.23410445009300002
2025-10-10 20:56:29.000 UTC,4qJoyf3P6ugWUjiDv3NukVCdPCHjVAwVQu9DP8Lv2Ex7QuLaG25vYQXymzuMCUoBDujmdtcn55gJYX1kp5KCXYRc,2,KLend2g3cP87fffoy8q1mQqGKjrxjC8boSyAYavgmjD,kamino,HzwqbKZw8HxMN6bF2yFZNrht3c2iXXzpKcFu7uBEDKtr,EURC,0.346111,0.40167023753433334
2025-10-10 20:54:10.000 UTC,4z8cqWXAZEAMXwjGGev48YGRCF9YABS9KNnE13qP4nTEm1YtP5GScdgDA1A1KrUBniZbK6AYtS79q494nGsCPPZA,2,KLend2g3cP87fffoy8q1mQqGKjrxjC8boSyAYavgmjD,kamino,HzwqbKZw8HxMN6bF2yFZNrht3c2iXXzpKcFu7uBEDKtr,EURC,88.203113,102.36185891224966
2025-10-10 20:54:39.000 UTC,3wHoLx1R3UdxwgpcigU16PoGEJrmVMryYsXVEcWJMrh5Pd5fCi4zL7aXarcQYsP4UngVouCAzzMQr8XzpuBJYFQy,2,KLend2g3cP87fffoy8q1mQqGKjrxjC8boSyAYavgmjD,kamino,HzwqbKZw8HxMN6bF2yFZNrht3c2iXXzpKcFu7uBEDKtr,EURC,43.373494,50.33599520868733
2025-10-10 22:28:11.000 UTC,tkYBQJaZEw54Lu7F1vtrrTtHY7hGZZT2V2pB7e4ueRoM2EKk7CaqbK8AA1MZASFpb39WjJZNGg2rRCXxkkVPMbx,3,KLend2g3cP87fffoy8q1mQqGKjrxjC8boSyAYavgmjD,kamino,2u1tszSeqZ3qBWF3uNGPFc8TzMk2tdiwknnRMWGWjGWH,USDG,679.000332,678.508000175939
2025-10-10 22:25:56.000 UTC,byadoYi6NoMUDcNHxXCTkTaxiGB9us9afR9GuCqPfcmQ9fk8m8qozzhcaThnbcH5CELUC8RshMMoMA1HoZi5pWp,3,KLend2g3cP87fffoy8q1mQqGKjrxjC8boSyAYavgmjD,kamino,2u1tszSeqZ3qBWF3uNGPFc8TzMk2tdiwknnRMWGWjGWH,USDG,158.067891,157.95327860670076
2025-10-10 22:25:22.000 UTC,521yZbQxnyFTga18vUZiHCC8SG5XYD28BLCY6MMJhrPdyf6BTsUqLJ84Sz1BAcj6Mk7WGpT8zXnXCmsWA3FZTZD3,3,KLend2g3cP87fffoy8q1mQqGKjrxjC8boSyAYavgmjD,kamino,2u1tszSeqZ3qBWF3uNGPFc8TzMk2tdiwknnRMWGWjGWH,USDG,159.774403,159.65855324329144
2025-10-10 22:25:44.000 UTC,4LeNHNLFs6k5oAyRMTgDLupcc27a8NMMuhue1CkP4NYFok3pyUExYrXkmbPJ3Wkj9Mdpzhj7Tyk4G2829wrYXAXs,3,KLend2g3cP87fffoy8q1mQqGKjrxjC8boSyAYavgmjD,kamino,2u1tszSeqZ3qBWF3uNGPFc8TzMk2tdiwknnRMWGWjGWH,USDG,159.383929,159.2683623694809
2025-10-10 22:19:07.000 UTC,5Ni4GHhEtunAhhj2jrZPrVtw9JadGbhNkvhaYMrLSVUofvDNt9tf4aQiSRcy6DCfypNCWvb6QJGMwi4kKosWQeCu,3,KLend2g3cP87fffoy8q1mQqGKjrxjC8boSyAYavgmjD,kamino,2u1tszSeqZ3qBWF3uNGPFc8TzMk2tdiwknnRMWGWjGWH,USDG,667.373664,666.889762479128
2025-10-10 22:19:21.000 UTC,5sgDs2FRxiF7gkdWimUN9QLmnYnrL2NvZ5xXKj9cp7Ni4oHdbWDESkRGtfvihpd7YHqzqHveb6e2hgYpFGjPAkhb,3,KLend2g3cP87fffoy8q1mQqGKjrxjC8boSyAYavgmjD,kamino,2u1tszSeqZ3qBWF3uNGPFc8TzMk2tdiwknnRMWGWjGWH,USDG,164.519493,164.40020265761726
2025-10-10 22:31:13.000 UTC,49B6t4q1XdXYgFARygjkg3rDnpHfYZYPKDsHjTGhVcFhG98DkNAKCZNYjrp2UcxZRnsYzGk29Sa1p419ysHvhhZL,3,jupgfSgfuAXv4B6R2Uxu85Z1qdzgju79s6MfZekN6XS,jupiter,2u1tszSeqZ3qBWF3uNGPFc8TzMk2tdiwknnRMWGWjGWH,USDG,409.246162,408.9494244287032
2025-10-10 22:13:53.000 UTC,5bNvyWUtVYPhamiCf5nH12MT4xVHQMJtdktTEq9QGwaSRzM6meX3pNbztsF9N2rbsk7vWyVAdqXgBRxjqV72petV,3,jupgfSgfuAXv4B6R2Uxu85Z1qdzgju79s6MfZekN6XS,jupiter,2u1tszSeqZ3qBWF3uNGPFc8TzMk2tdiwknnRMWGWjGWH,USDG,192.049192,191.90994033170068
2025-10-10 22:02:59.000 UTC,5wtwR4epzT8mAsRuxHG9NqUEXCYjrgBkaW9xRv22NSJcX8Aqpd8skJtbVqSfynDojyQVujQeVcU9zVL9ZWTgMRRf,3,jupgfSgfuAXv4B6R2Uxu85Z1qdzgju79s6MfZekN6XS,jupiter,2u1tszSeqZ3qBWF3uNGPFc8TzMk2tdiwknnRMWGWjGWH,USDG,237.168307,236.9963402133994
2025-10-10 21:43:19.000 UTC,2irwLb1evrXG6rUwjY48yYaJnBUv19HS8DJoESF892Xb8vTW5pfcJyLj1EkZyBzjAc54a4tjUJmiZk3Rpd6XxLrk,2,KLend2g3cP87fffoy8q1mQqGKjrxjC8boSyAYavgmjD,kamino,Es9vMFrzaCERmJfrF4H2FYD4KCoNkY11McCe8BenwNYB,USDT,27321.089569,27598.54434060305
2025-10-10 21:11:34.000 UTC,3gvT8Xutpu6kV3FW1KmESs91FBSRY1ikbzCacWRofuTq5REohRvVPz1QHVh9dGKJu4w8XZLozpib85LL45s2yFLj,2,KLend2g3cP87fffoy8q1mQqGKjrxjC8boSyAYavgmjD,kamino,Es9vMFrzaCERmJfrF4H2FYD4KCoNkY11McCe8BenwNYB,USDT,905.387744,914.5822583362346
2025-10-10 21:00:47.000 UTC,2ToHtRTn3BjC58m73G1BHDRwpgWsztznegAdrNoMziicFfGLdwHPZbTPKPvjSAeQodEcuU1Ve5o4L3ciCi7nnUuZ,2,KLend2g3cP87fffoy8q1mQqGKjrxjC8boSyAYavgmjD,kamino,Es9vMFrzaCERmJfrF4H2FYD4KCoNkY11McCe8BenwNYB,USDT,7614.829497,7692.160628818533
2025-10-10 15:36:37.000 UTC,4TMno2wxRtfwMrBsjJFLY4NnP9kb2stgpU1evVFVA4EXB3uV4nhvbr1nhspoSokfiw5SKtTacYoTBACbACsvbVuv,2,jupgfSgfuAXv4B6R2Uxu85Z1qdzgju79s6MfZekN6XS,jupiter,Es9vMFrzaCERmJfrF4H2FYD4KCoNkY11McCe8BenwNYB,USDT,14.130731,14.140569521458751
2025-10-10 15:35:27.000 UTC,dfpDs7PwdzigDGRQYfW25EJ6XSfmSeUPdxfz4XRSJJg6yvMP3QuRA9A2b56nYeah9e1Z86tq2xaNz8bGtYLmqeu,3,jupgfSgfuAXv4B6R2Uxu85Z1qdzgju79s6MfZekN6XS,jupiter,Es9vMFrzaCERmJfrF4H2FYD4KCoNkY11McCe8BenwNYB,USDT,14.256504,14.266430090910001
2025-10-10 15:33:46.000 UTC,U67aBrguq7QEFLNUPohJX1CLFLSYHniQb2AupmfikeNNSaUGAfbviNNfqZ2LXnRiYsVuDzgFt9cJuLFzDeX8gkz,3,jupgfSgfuAXv4B6R2Uxu85Z1qdzgju79s6MfZekN6XS,jupiter,Es9vMFrzaCERmJfrF4H2FYD4KCoNkY11McCe8BenwNYB,USDT,14.402765,14.412792925131251
2025-10-10 15:32:34.000 UTC,49LfgPzohSKjM8Ec6qjouLUoVr2b3W292rqD1ahpBD838ciHn5FFqSdsbt95vPByaZFzc3beRrTbAzwwNCpioBYv,3,jupgfSgfuAXv4B6R2Uxu85Z1qdzgju79s6MfZekN6XS,jupiter,Es9vMFrzaCERmJfrF4H2FYD4KCoNkY11McCe8BenwNYB,USDT,59.817614,59.859262013747504
2025-10-10 15:30:26.000 UTC,5cC8fifPBG14sccmEJht9caWZtcH3m5BRmWvuKZcoQzkmppyv6SVMZRAN4SQ74jy1ntdvSV37fyJo3oASbHV1bC8,3,jupgfSgfuAXv4B6R2Uxu85Z1qdzgju79s6MfZekN6XS,jupiter,Es9vMFrzaCERmJfrF4H2FYD4KCoNkY11McCe8BenwNYB,USDT,25.921474,25.9395218262725
2025-10-10 15:31:12.000 UTC,aXv8Sm9CnvgETs3pDLJRBRT8kbDqXG6Jtt1gagLzkEZ3RH3qoTBUHREamQ6RJBXSBxFe9QHGTKM6F317bbb8EFN,3,jupgfSgfuAXv4B6R2Uxu85Z1qdzgju79s6MfZekN6XS,jupiter,Es9vMFrzaCERmJfrF4H2FYD4KCoNkY11McCe8BenwNYB,USDT,30.225996,30.247040849715
2025-10-10 15:24:56.000 UTC,4fepYrVC8RqASiZz5YR48oh37fSpo6aZG4HPpmB4BumxoHtnnTSyJsNymiLSZiHzRK7PNfZ4T7nH4twf8DtudSdZ,3,jupgfSgfuAXv4B6R2Uxu85Z1qdzgju79s6MfZekN6XS,jupiter,Es9vMFrzaCERmJfrF4H2FYD4KCoNkY11McCe8BenwNYB,USDT,10.687539,10.69498019902875
2025-10-10 15:22:55.000 UTC,2WLXTYLk2FTBGtq93oa1wMepy78CDy4gk6MpgwM87gBUz9ETo5WQumibebtB4HaZjUcBLu4L4hZQmm6D5D1FJ8ei,3,jupgfSgfuAXv4B6R2Uxu85Z1qdzgju79s6MfZekN6XS,jupiter,Es9vMFrzaCERmJfrF4H2FYD4KCoNkY11McCe8BenwNYB,USDT,67.068696,67.11539257959001
2025-10-10 15:19:29.000 UTC,2YfZfDDYJsjKgUapsvgFHGHykxUd6bNjcwQjj9JVDFovNYXMEgcWD31Fi1UcdiTRoNhMWaYJjXnJpFWpz1mbvTm7,2,jupgfSgfuAXv4B6R2Uxu85Z1qdzgju79s6MfZekN6XS,jupiter,Es9vMFrzaCERmJfrF4H2FYD4KCoNkY11McCe8BenwNYB,USDT,11.550383,11.558424954163751
2025-10-10 15:20:28.000 UTC,P6VEqKdFnLMM8JygVVriZzjLnuN2DuYJztZNUJZjaayrtH5F5fbPcXy59hHAoXJj6asuUVFGszugtcTaEpL4Z8j,3,jupgfSgfuAXv4B6R2Uxu85Z1qdzgju79s6MfZekN6XS,jupiter,Es9vMFrzaCERmJfrF4H2FYD4KCoNkY11McCe8BenwNYB,USDT,22.974188,22.990183778395004
2025-10-10 15:20:47.000 UTC,yr3GC8eAyY678znbkEPiszxCj6ZXiV3M3ERcaPDtJKuapMZkKTXoj4jMmP1QJZXHMAtaWKNrsihdmUDNammyYNe,3,jupgfSgfuAXv4B6R2Uxu85Z1qdzgju79s6MfZekN6XS,jupiter,Es9vMFrzaCERmJfrF4H2FYD4KCoNkY11McCe8BenwNYB,USDT,11.292732,11.300594564655002
2025-10-10 19:37:29.000 UTC,52VMgqgu8pD5c5dWVcx6KkJaqGdvQPMsQ1vPVvoL9jqiREhZfFK9s6EYRU8katrc4wstzYZBto3eXvAFhYq4ugGM,2,jupgfSgfuAXv4B6R2Uxu85Z1qdzgju79s6MfZekN6XS,jupiter,USDSwr9ApdHk5bvJKMjzff41FfuX8bSxdKcR81vTwcA,USDS,4.01639,4.016875313791667
2025-10-10 19:30:47.000 UTC,3YeRqHf15LXytb45q3tNbY4GtHCxN8ErtUbPRsMCYCsc3Xt8yg6ihj7vE4wF2eXdmjMh3EYAKJbZio8TY4qnx1Fy,2,jupgfSgfuAXv4B6R2Uxu85Z1qdzgju79s6MfZekN6XS,jupiter,USDSwr9ApdHk5bvJKMjzff41FfuX8bSxdKcR81vTwcA,USDS,4.116734,4.117231438691666
2025-10-10 19:22:40.000 UTC,43HhwxCgvzpZsq3gkpxfLjPaAq8dtNhECuU5quPNkTcpjcPd9xGbXW3zEv1nishjeX4LfdnsLTk1UPRcQzAAcnKw,2,jupgfSgfuAXv4B6R2Uxu85Z1qdzgju79s6MfZekN6XS,jupiter,USDSwr9ApdHk5bvJKMjzff41FfuX8bSxdKcR81vTwcA,USDS,4.149963,4.1504644538625
2025-10-10 19:21:30.000 UTC,27jb82jUzMqX7PPu3ECsmpmCtfVymWChCE5Ut4XP2hUB1krmRpofmiu3SGXK3KhPrMS4J48jzGQWCR8r53TxhVxn,2,jupgfSgfuAXv4B6R2Uxu85Z1qdzgju79s6MfZekN6XS,jupiter,USDSwr9ApdHk5bvJKMjzff41FfuX8bSxdKcR81vTwcA,USDS,8.587934,8.588971708691668
2025-10-10 20:56:20.000 UTC,3kJ7WArJxPhaPYw7oQEfb1refW997A7oGEsEP8tgzcv6RaBLeeXizNvcGPPiRTLSzJf5UyXa9i8j3FN2BXMJEAMj,2,KLend2g3cP87fffoy8q1mQqGKjrxjC8boSyAYavgmjD,kamino,Es9vMFrzaCERmJfrF4H2FYD4KCoNkY11McCe8BenwNYB,USDT,28.349201,28.36497969278992
2025-10-10 20:56:19.000 UTC,5HhniQoTzxe1FXGtDZL1RAFzLKaoUsSAJkZfQ7wnXLjtdQzVdwuh83fibtaEACvuthmepkQq75kccvWQLQxStFgQ,2,KLend2g3cP87fffoy8q1mQqGKjrxjC8boSyAYavgmjD,kamino,Es9vMFrzaCERmJfrF4H2FYD4KCoNkY11McCe8BenwNYB,USDT,60.08127,60.11471023352751
2025-10-10 20:56:19.000 UTC,5WkYinDTuyeVhoqsznhePYbRuwCsWTUdn9ZUjsX3Dc6oM5ZQ3epFkgVA86yvDNZ9hg5r5sjcjMjjZidxwocAmynk,2,KLend2g3cP87fffoy8q1mQqGKjrxjC8boSyAYavgmjD,kamino,Es9vMFrzaCERmJfrF4H2FYD4KCoNkY11McCe8BenwNYB,USDT,60.08127,60.11471023352751
2025-10-10 20:56:19.000 UTC,3SMUmFW3bpBjyoGvzu2yWomMpBTYK51jr6MWBvKJaZuYgsRwHvuqZRgSCdZEMyCJTTQ4H4eXppVdHgMi3PEsjKmx,2,KLend2g3cP87fffoy8q1mQqGKjrxjC8boSyAYavgmjD,kamino,Es9vMFrzaCERmJfrF4H2FYD4KCoNkY11McCe8BenwNYB,USDT,60.08127,60.11471023352751
2025-10-10 20:56:32.000 UTC,5UhiCD974ts1eojVwfGy3QeqnRWqyei5Aktz1pd4kets2vqM8WuqczhRmFui5dQU3nSdGTkETB1c7EenqsMxrsuc,2,KLend2g3cP87fffoy8q1mQqGKjrxjC8boSyAYavgmjD,kamino,Es9vMFrzaCERmJfrF4H2FYD4KCoNkY11McCe8BenwNYB,USDT,0.132773,0.13284689923891668
2025-10-10 20:56:32.000 UTC,EgywuwWbtn1GmqB94PCqZsBpyaj3uDNWmLeeVg8dARcMUNrzCP87dkNhpKeDm4Jd99RwdC8rJQ1vyTidMBb8bSY,2,KLend2g3cP87fffoy8q1mQqGKjrxjC8boSyAYavgmjD,kamino,Es9vMFrzaCERmJfrF4H2FYD4KCoNkY11McCe8BenwNYB,USDT,0.132773,0.13284689923891668
2025-10-10 20:56:32.000 UTC,3ZUAdeUDCh41DKFEgxuZ3vXmGWXU1hehjN1gC1Ug48Q9VmVFGsJZWyZwf5AUbBn6gm44XHYhVTRdndDdpbscGQJg,2,KLend2g3cP87fffoy8q1mQqGKjrxjC8boSyAYavgmjD,kamino,Es9vMFrzaCERmJfrF4H2FYD4KCoNkY11McCe8BenwNYB,USDT,0.132773,0.13284689923891668
2025-10-10 20:56:32.000 UTC,3c8owGGzULThznUe2Dony5KWqHgCrb4mmrDh4aLhH1RvtbsBkvjhaYX3j52n2d6pL8XyqCMdbgopRY94dqiMAXxQ,2,KLend2g3cP87fffoy8q1mQqGKjrxjC8boSyAYavgmjD,kamino,Es9vMFrzaCERmJfrF4H2FYD4KCoNkY11McCe8BenwNYB,USDT,0.132773,0.13284689923891668
2025-10-10 20:56:32.000 UTC,54RaYxj8BPAerpFGBvjWXs1Dzg7eHpZKmWXswdjZStkakqNxwbm66iD3VD8whxa5BBU4oDt8M3AiKgFnQgNa2Uae,2,KLend2g3cP87fffoy8q1mQqGKjrxjC8boSyAYavgmjD,kamino,Es9vMFrzaCERmJfrF4H2FYD4KCoNkY11McCe8BenwNYB,USDT,0.132773,0.13284689923891668
2025-10-10 20:56:32.000 UTC,5avRLhCZC3Tr8NZGivuTSJLaWECjhcFRq2kkkr4G2bZQWZrgxU5ugnyXV7D7AEyaLYAigRXkSJV89R3VXMQCNHeM,2,KLend2g3cP87fffoy8q1mQqGKjrxjC8boSyAYavgmjD,kamino,Es9vMFrzaCERmJfrF4H2FYD4KCoNkY11McCe8BenwNYB,USDT,0.132773,0.13284689923891668
2025-10-10 20:56:32.000 UTC,4G7MLTZavqULHkT5WWMf6zARWy5DyMFf6o26fdFuindqxDGFxNYgdY4pkXnRTWscbQTpFE32gQ5oe91xRp4q7mnR,2,KLend2g3cP87fffoy8q1mQqGKjrxjC8boSyAYavgmjD,kamino,Es9vMFrzaCERmJfrF4H2FYD4KCoNkY11McCe8BenwNYB,USDT,0.132773,0.13284689923891668
2025-10-10 20:56:32.000 UTC,4sattV2qwMbYZoKocqJLsSRArefLXcrgQ8ttXEaQ3JoZDXJFp3pnqyZJaoYAQhP83kQwVk2h7Wct4F4aFkFrsHeA,2,KLend2g3cP87fffoy8q1mQqGKjrxjC8boSyAYavgmjD,kamino,Es9vMFrzaCERmJfrF4H2FYD4KCoNkY11McCe8BenwNYB,USDT,0.132773,0.13284689923891668
2025-10-10 20:56:32.000 UTC,2amSkx4ydV4gdg8jsW1F8i4vDkS1TyjGzbXUBoNSaxCaKJWj63iXYpDrXS7Pvf3VCUiAL8M8ktyQTDVuhZVAdEoX,2,KLend2g3cP87fffoy8q1mQqGKjrxjC8boSyAYavgmjD,kamino,Es9vMFrzaCERmJfrF4H2FYD4KCoNkY11McCe8BenwNYB,USDT,0.132773,0.13284689923891668
2025-10-10 20:56:33.000 UTC,zg3YW3qDf5iGz394c4jwHVaRokLHf6jUUppgTXhYuJRaXhhxEay3HQHngvDjBd8xJifzq1gbjSTwrbpV4MD4FGn,2,KLend2g3cP87fffoy8q1mQqGKjrxjC8boSyAYavgmjD,kamino,Es9vMFrzaCERmJfrF4H2FYD4KCoNkY11McCe8BenwNYB,USDT,55.906195,55.937311456367084
2025-10-10 20:56:33.000 UTC,3ZLdPeeJBbYB43sW8KHs2kUk3qawZx7nnN296yYyG2Db6iMVwyjptoUYgjk2mJwh3xce8P68uPrkssjgPQt1igsx,2,KLend2g3cP87fffoy8q1mQqGKjrxjC8boSyAYavgmjD,kamino,Es9vMFrzaCERmJfrF4H2FYD4KCoNkY11McCe8BenwNYB,USDT,55.906195,55.937311456367084
2025-10-10 20:56:24.000 UTC,44kEFRAWUyqhsvMfdPze1coo3xVUepgvy4yehXeiPtgfAKyUC56MCWxYPZ7iyZGFf71EA8iuEFK18t13rpphzjhD,2,KLend2g3cP87fffoy8q1mQqGKjrxjC8boSyAYavgmjD,kamino,Es9vMFrzaCERmJfrF4H2FYD4KCoNkY11McCe8BenwNYB,USDT,56.911788,56.943464152671005
2025-10-10 20:54:58.000 UTC,35T8TQUPUSZwrRJTPNNraaeJnVNCxjkhCDXkxgVHF5qeNMxpev1yHvUMtjtkbnaPdQNJ3m2JjrE622jXphypVvST,2,KLend2g3cP87fffoy8q1mQqGKjrxjC8boSyAYavgmjD,kamino,Es9vMFrzaCERmJfrF4H2FYD4KCoNkY11McCe8BenwNYB,USDT,30.158725,30.175510843689587
2025-10-10 20:54:10.000 UTC,2Nt7XHXoEmaHiSjGsBWK83H1DLUE4VG5SKUX1HsnzhGofGQBy3TwtrbZgEn9dpZLxTnZuq6Dzp61gMVNP1p63ErT,2,KLend2g3cP87fffoy8q1mQqGKjrxjC8boSyAYavgmjD,kamino,Es9vMFrzaCERmJfrF4H2FYD4KCoNkY11McCe8BenwNYB,USDT,30.421548,30.438480126591003
2025-10-10 17:46:42.000 UTC,5g1fLkNLvAekVUyYrwD37jMRFkUCN4Krv9YCDKeQ8FBV2yCax34hDCjBJs8uMrDsw2kzgJuJYBqTLSkZuPodFTCk,2,jupgfSgfuAXv4B6R2Uxu85Z1qdzgju79s6MfZekN6XS,jupiter,EPjFWdd5AufqSSqeM2qN1xzybapC8G4wEGGkZwyTDt1v,USDC,0.535449,0.53555381414175
2025-10-10 17:46:41.000 UTC,2y7KGSQPCyU9Rh9m1gQwmKTVpjezZkPHCjLyxRRHHEjSuSsPZPvwrC6Ns7D14DL6fykmYJUcEqTmYUYrnnozH64S,2,jupgfSgfuAXv4B6R2Uxu85Z1qdzgju79s6MfZekN6XS,jupiter,EPjFWdd5AufqSSqeM2qN1xzybapC8G4wEGGkZwyTDt1v,USDC,20.148256,20.152200021112
2025-10-10 17:46:36.000 UTC,KkUQeT51tZ6kGLJ8Vad7WkXGtu4g5Fifcd7cfv2SZ8vPqBQop8pXwHBnDk5FuqaodMCquZKhkQfsMLgCZ8mQY7T,2,jupgfSgfuAXv4B6R2Uxu85Z1qdzgju79s6MfZekN6XS,jupiter,EPjFWdd5AufqSSqeM2qN1xzybapC8G4wEGGkZwyTDt1v,USDC,171.57272,171.60630535994002
2025-10-10 17:40:55.000 UTC,4tbdBzeFt4j5hr2MvZ6MC7sfPSzkSdiBuuNE261F4LW1AQUvm2K34v77i6rDPHjDuSMPkczGKKACncYk54eCGqdt,2,jupgfSgfuAXv4B6R2Uxu85Z1qdzgju79s6MfZekN6XS,jupiter,EPjFWdd5AufqSSqeM2qN1xzybapC8G4wEGGkZwyTDt1v,USDC,0.537829,0.53793428002675
2025-10-10 21:46:44.000 UTC,5ukN28kE1wBy5NyxXeyToCGT52XpwMg8SJi3LPgXhCWC8G3442t4uTttyHNuFPhK7rGqrvY1Lruz81apQZNQ1z5F,2,KLend2g3cP87fffoy8q1mQqGKjrxjC8boSyAYavgmjD,kamino,HzwqbKZw8HxMN6bF2yFZNrht3c2iXXzpKcFu7uBEDKtr,EURC,758.854192,883.9643957860119
2025-10-10 21:46:41.000 UTC,3rbDQCW8odb1uEZSiPKLWb2pa9x7wSZUJ2mCCm7Ajwn33hpxzL87kAT8MSh3yoGsoM36MEbjN4NwtigSAXFAegLm,2,KLend2g3cP87fffoy8q1mQqGKjrxjC8boSyAYavgmjD,kamino,HzwqbKZw8HxMN6bF2yFZNrht3c2iXXzpKcFu7uBEDKtr,EURC,3038.563039,3539.5225711915728
2025-10-10 21:45:47.000 UTC,5ecbgKqCEqvfB7N6BsoJfVA71BT74sNtRoJN5FhhM8Q7D147djuqftzvwFxhmw55AdYi5jMRbNw6vT9cVQvHHsRn,2,KLend2g3cP87fffoy8q1mQqGKjrxjC8boSyAYavgmjD,kamino,HzwqbKZw8HxMN6bF2yFZNrht3c2iXXzpKcFu7uBEDKtr,EURC,4541.779051,5290.56967324598
2025-10-10 21:46:15.000 UTC,216dg9tyFUqb88qS6wWTEt6mfv97mvPbH84fXcsdKR6ABUGRBwNCUseSz5cfzb2xb3yY7wCRVkhEPByBfpoM8dma,2,KLend2g3cP87fffoy8q1mQqGKjrxjC8boSyAYavgmjD,kamino,HzwqbKZw8HxMN6bF2yFZNrht3c2iXXzpKcFu7uBEDKtr,EURC,2162.550928,2519.084752484308
2025-10-10 21:29:21.000 UTC,2eTKgaxti1R6qu1JthmZQznaTuaYdV6PB9H9TRBxtfPP4fAMNPFVKC58r6QZNuvyu7QGoEJH8DUc75D9Xaaxjzve,2,KLend2g3cP87fffoy8q1mQqGKjrxjC8boSyAYavgmjD,kamino,HzwqbKZw8HxMN6bF2yFZNrht3c2iXXzpKcFu7uBEDKtr,EURC,6758.732313,7873.025922930449
2025-10-10 21:27:30.000 UTC,5QXdSTKe7PDHdPF73JaRdjbE9LNwRfvS2A1ZrHhBTXYkG7fT783yihNknAYGhDwSY4kWZBvBhNyDvz9ZinQus5rm,2,KLend2g3cP87fffoy8q1mQqGKjrxjC8boSyAYavgmjD,kamino,HzwqbKZw8HxMN6bF2yFZNrht3c2iXXzpKcFu7uBEDKtr,EURC,1156.244189,1346.8709887689101
2025-10-10 21:26:54.000 UTC,3GJoLxhr2oon7fFjUK3cTifJ5whqSMgVSKFYfRCPQWxzvCD2XLLGJ5RFkJQcamqz2mqgE8Y9bVW9Wnx3pcvZbKSX,2,KLend2g3cP87fffoy8q1mQqGKjrxjC8boSyAYavgmjD,kamino,HzwqbKZw8HxMN6bF2yFZNrht3c2iXXzpKcFu7uBEDKtr,EURC,1171.029018,1364.0933518678603
2025-10-10 21:27:33.000 UTC,dgnk91EeeFEbp5DGg2fRbfdhxN3xNh6Gy5vxs6MP4arZVXw9fybVBCCdQpc8osnjrrfpymJCkqY18GTGZ55o6yu,2,KLend2g3cP87fffoy8q1mQqGKjrxjC8boSyAYavgmjD,kamino,HzwqbKZw8HxMN6bF2yFZNrht3c2iXXzpKcFu7uBEDKtr,EURC,2308.905857,2689.568816152483
2025-10-10 21:25:06.000 UTC,5xMQBUTLRNmtdLkbShSwvYNajB69jhvW5nmQEd5vGGWVJfHmFKdhQ8LdV84U1BUouo8RCLZF8CPDTVD4PzkdtDP8,2,KLend2g3cP87fffoy8q1mQqGKjrxjC8boSyAYavgmjD,kamino,HzwqbKZw8HxMN6bF2yFZNrht3c2iXXzpKcFu7uBEDKtr,EURC,1174.70077,1368.3704555227823
2025-10-10 21:24:44.000 UTC,hZxCGa7g74jJJYBfAt7UinfJAr6mRrSAnsxXpQtz2HUGVvZkmgiPkawbRWcP2g8Siugqpv6EAjC2uNM9cJMKhm5,2,KLend2g3cP87fffoy8q1mQqGKjrxjC8boSyAYavgmjD,kamino,HzwqbKZw8HxMN6bF2yFZNrht3c2iXXzpKcFu7uBEDKtr,EURC,14294.35656,16651.02781656666
2025-10-10 21:21:52.000 UTC,62fFSfyPVhBLdxrfUUc5PrK6rARUyuidFc3tNyAoFa7dtEZaC8o1UNMFzfDZrZs3PhiQHhpkgbVAhWbU82nApAqM,2,KLend2g3cP87fffoy8q1mQqGKjrxjC8boSyAYavgmjD,kamino,HzwqbKZw8HxMN6bF2yFZNrht3c2iXXzpKcFu7uBEDKtr,EURC,9792.736039,11407.237499725821
2025-10-10 21:09:27.000 UTC,2dun1nRvdCGTB9ubk6yGtmZA6XpPZSmnMp6kkQ2pCaQEiy7DY1Bk7QbbQidp8HMQvFSw2XzpyshtHUfmzoP2aCGQ,2,KLend2g3cP87fffoy8q1mQqGKjrxjC8boSyAYavgmjD,kamino,HzwqbKZw8HxMN6bF2yFZNrht3c2iXXzpKcFu7uBEDKtr,EURC,0.123487,0.14384596210074999
2025-10-10 21:03:24.000 UTC,CNJGQaqmdyXgfrgPwz1ufGUKfdQWNqgU4PKjQgZKEgcfZhx5HEhzyDW5HB4o7C8TYWVwBAEnyiEq8pNqPRYiiG8,2,KLend2g3cP87fffoy8q1mQqGKjrxjC8boSyAYavgmjD,kamino,HzwqbKZw8HxMN6bF2yFZNrht3c2iXXzpKcFu7uBEDKtr,EURC,0.064637,0.07529352443824999
2025-10-10 21:07:00.000 UTC,DrehALKD1sizxr3sCS2z117vZ9eai28kQ97iF8wQB1xegQVvkmm8sThtQ6ZruPeRaSsCVAquNNwjKXYWqFxpnWR,2,jupgfSgfuAXv4B6R2Uxu85Z1qdzgju79s6MfZekN6XS,jupiter,HzwqbKZw8HxMN6bF2yFZNrht3c2iXXzpKcFu7uBEDKtr,EURC,0.19041,0.22180237307249998
2025-10-10 15:57:43.000 UTC,59Xb6qe9MHM8X886R2vyp6PpxV4rhQfEehXx6N9JH1gSqRGb7GK5rvx5592egED1aaKEKuMZQT4ej7CPhBBoQ6PR,2,jupgfSgfuAXv4B6R2Uxu85Z1qdzgju79s6MfZekN6XS,jupiter,USDSwr9ApdHk5bvJKMjzff41FfuX8bSxdKcR81vTwcA,USDS,4.653798,4.654000440213
2025-10-10 15:35:30.000 UTC,2pHaLW3Ureg1PcdA54voYQ5KQYwrTGAeWVVD7xE5VW7RFh2jx3meXuHfxw49PqxSV4bpoan1SUxZ5yQCCCGEeART,3,jupgfSgfuAXv4B6R2Uxu85Z1qdzgju79s6MfZekN6XS,jupiter,USDSwr9ApdHk5bvJKMjzff41FfuX8bSxdKcR81vTwcA,USDS,25.786101,25.7872226953935
2025-10-10 15:36:34.000 UTC,RoZEFc64uQMU3GjFtYhB6qGTwhpoBJbv1zFb5LS7Jo8efbyN528uaXamUXbNWqc63jqARdV11pNG7GdeXpfWJdy,2,jupgfSgfuAXv4B6R2Uxu85Z1qdzgju79s6MfZekN6XS,jupiter,USDSwr9ApdHk5bvJKMjzff41FfuX8bSxdKcR81vTwcA,USDS,4.723786,4.723991484691
2025-10-10 18:59:36.000 UTC,2AfE5x24ZVVicKcrJbVxETtXq1xmBybTSVaLioS4suftbrwZHouQQX8xTXbKxmqcodwmVda9Vy3SVQbE578XdcWf,2,jupgfSgfuAXv4B6R2Uxu85Z1qdzgju79s6MfZekN6XS,jupiter,2u1tszSeqZ3qBWF3uNGPFc8TzMk2tdiwknnRMWGWjGWH,USDG,30.007809,30.016243694979753
2025-10-10 18:48:25.000 UTC,3n1eCqx8CgRmmbATffPqfEnbJ4LQNsGxg6CXUPHK2RGytCCdiHpCUFPV18nmuGfwU59tH95NFM16rV5L47goe6ZJ,2,jupgfSgfuAXv4B6R2Uxu85Z1qdzgju79s6MfZekN6XS,jupiter,2u1tszSeqZ3qBWF3uNGPFc8TzMk2tdiwknnRMWGWjGWH,USDG,29.14259,29.150781496339164
2025-10-10 18:48:28.000 UTC,5zTihzRvJUGo5qsBNeB9BGgR12W6JaZUy5rFXuUbQx7RsJxmEW9cYvkXQtr6UGF6nxeA1Lvo4vVDo5bCwHUUqntH,2,jupgfSgfuAXv4B6R2Uxu85Z1qdzgju79s6MfZekN6XS,jupiter,2u1tszSeqZ3qBWF3uNGPFc8TzMk2tdiwknnRMWGWjGWH,USDG,61.137497,61.15468173144842
2025-10-10 18:49:23.000 UTC,5Y3ua35D4pk2pTCeHvVoicCx9kTiM51KvWf7mgtUx64wDw9LdmAgbKsxSTyWW7sCaQJjcMxbRWTw6TAg33XMnPwn,3,jupgfSgfuAXv4B6R2Uxu85Z1qdzgju79s6MfZekN6XS,jupiter,2u1tszSeqZ3qBWF3uNGPFc8TzMk2tdiwknnRMWGWjGWH,USDG,28.917779,28.925907305713917
2025-10-10 18:49:03.000 UTC,4f2y9YgunP7ZwhSBkRTK59CAdLCewcCHgrc5HiMwK5qjADGsdTUBrSTapaCuohzsEvDo6LaDx26y7a9xRF636DHp,2,jupgfSgfuAXv4B6R2Uxu85Z1qdzgju79s6MfZekN6XS,jupiter,2u1tszSeqZ3qBWF3uNGPFc8TzMk2tdiwknnRMWGWjGWH,USDG,95.871447,95.89839486589425
2025-10-10 18:48:13.000 UTC,5XQRzNwbHfi68waKf98YE6wZrUALjesj6TQNDHejVxd391F69fNP3CC5zCiKefCMSwnWWzB92H54nnoasKSWsRq5,2,jupgfSgfuAXv4B6R2Uxu85Z1qdzgju79s6MfZekN6XS,jupiter,2u1tszSeqZ3qBWF3uNGPFc8TzMk2tdiwknnRMWGWjGWH,USDG,96.326177,96.35325268291842
2025-10-10 18:40:36.000 UTC,3yGcN98rQhxYF2YS6qosRmotgbmA6Yvk8Sy3CU2eGCQ5WauoCL5osAVUTKkD7ZXj2PN3m4TXRnH2ne4RGuwCqSmR,2,jupgfSgfuAXv4B6R2Uxu85Z1qdzgju79s6MfZekN6XS,jupiter,2u1tszSeqZ3qBWF3uNGPFc8TzMk2tdiwknnRMWGWjGWH,USDG,29.47661,29.484895383794168
2025-10-10 18:13:48.000 UTC,3Dv3z7VYPMr3Gdwosu4G97CrjFieXFWVD2K3k5arZafznYVDGXhv8wSqnPWbPomysXrm9gqpsmrAz5s9jvUGLRan,2,jupgfSgfuAXv4B6R2Uxu85Z1qdzgju79s6MfZekN6XS,jupiter,2u1tszSeqZ3qBWF3uNGPFc8TzMk2tdiwknnRMWGWjGWH,USDG,97.111529,97.13882543227642
2025-10-10 18:07:33.000 UTC,4K9FToSsCL5gquUwDBgTAHd4fi5MrRMawbwm8Xc9TbYNxkceyfQhdyad4m2KgrtWnqR62KuXhJyoSKTXGbXL2ZeC,2,jupgfSgfuAXv4B6R2Uxu85Z1qdzgju79s6MfZekN6XS,jupiter,2u1tszSeqZ3qBWF3uNGPFc8TzMk2tdiwknnRMWGWjGWH,USDG,97.868527,97.89603621179758
2025-10-10 18:07:35.000 UTC,fYwrCueXautV5qw541fhkfvihWbmPEjiyBdBxjqFdany2reipiwMFTYJwjrdQMs2kbzji3QRGaj6EeUfPYVStL5,2,jupgfSgfuAXv4B6R2Uxu85Z1qdzgju79s6MfZekN6XS,jupiter,2u1tszSeqZ3qBWF3uNGPFc8TzMk2tdiwknnRMWGWjGWH,USDG,30.125961,30.13442890553775
2025-10-10 18:07:39.000 UTC,sfLjcvkedqvQRaEGn6e6tBprdoXh2fRjLf2uEA4GTZWVZq84hbQD7xHvQuYMwP5jsaTf4BXYK1VyrboxExfUHA1,3,jupgfSgfuAXv4B6R2Uxu85Z1qdzgju79s6MfZekN6XS,jupiter,2u1tszSeqZ3qBWF3uNGPFc8TzMk2tdiwknnRMWGWjGWH,USDG,29.754421,29.762784471836085
2025-10-10 18:07:47.000 UTC,4t2i6z33rEq1rGPTE2EfzgRak2UnH19PDJWt6Ksvi3J9GotBj7ba5u2htgAWM6Z2K36tMKqg2epRM59hCVGM6svM,2,jupgfSgfuAXv4B6R2Uxu85Z1qdzgju79s6MfZekN6XS,jupiter,2u1tszSeqZ3qBWF3uNGPFc8TzMk2tdiwknnRMWGWjGWH,USDG,62.26075,62.27825045914584
2025-10-10 21:46:17.000 UTC,ZsLu9DTMagTPYt6sTcTE96pe16Qd9Azb82p23Wy3ZPGa9gZYAxCEJmPrmkeqeGC9UqR35g8MVxJaYKRBacNQM1p,2,KLend2g3cP87fffoy8q1mQqGKjrxjC8boSyAYavgmjD,kamino,EPjFWdd5AufqSSqeM2qN1xzybapC8G4wEGGkZwyTDt1v,USDC,14322.708074,14431.528429269232
2025-10-10 21:46:41.000 UTC,2V59WtrFv1ERRyfZ6qw8Nw2Cu7dSzCjwWMM7ncb7dHfFjLQGGVqo6KtQLsmGPwsnhUQy5Q4ng5Dos7YvieRMCKN7,2,KLend2g3cP87fffoy8q1mQqGKjrxjC8boSyAYavgmjD,kamino,EPjFWdd5AufqSSqeM2qN1xzybapC8G4wEGGkZwyTDt1v,USDC,28464.511205,28680.777445007785
2025-10-10 21:45:12.000 UTC,wmo8MfPDT4Q9T1k4g17Qytfdvt9666Db7kWw6en9zisompSnANd8wA85nMwoXBbdtsKFCC3WvejrtZtVxV3LNy8,2,KLend2g3cP87fffoy8q1mQqGKjrxjC8boSyAYavgmjD,kamino,EPjFWdd5AufqSSqeM2qN1xzybapC8G4wEGGkZwyTDt1v,USDC,14432.992462,14542.65073047816
2025-10-10 21:29:43.000 UTC,3QoGLoe43uzAWnpXAq7727pVcjnbGZymnddAdx4hytsvtTYXQ5Q7QjuZaEPyKmmctmUBze6gXjFian4zbLNz8qWh,2,KLend2g3cP87fffoy8q1mQqGKjrxjC8boSyAYavgmjD,kamino,EPjFWdd5AufqSSqeM2qN1xzybapC8G4wEGGkZwyTDt1v,USDC,6363.216122,6411.562247290925
2025-10-10 21:28:40.000 UTC,dXW5YPCt68yWbEyrcSm5zWB5sSGEtp6dkWqWAt9GE1EmR7fPgpFdbJH8Ku4JAwCrpLfevx7S8JVAhpdkJBG9bmU,2,KLend2g3cP87fffoy8q1mQqGKjrxjC8boSyAYavgmjD,kamino,EPjFWdd5AufqSSqeM2qN1xzybapC8G4wEGGkZwyTDt1v,USDC,5460.860404,5502.350656134491
2025-10-10 21:28:15.000 UTC,5pYEWyJgs8hRr8TBjMqav9vughAxfxdjgFMvLcQXYQ12NKXiYtLWVTJM8ChpjpfoexpV5u2XcX6SUFDebV1986Wq,2,KLend2g3cP87fffoy8q1mQqGKjrxjC8boSyAYavgmjD,kamino,EPjFWdd5AufqSSqeM2qN1xzybapC8G4wEGGkZwyTDt1v,USDC,43485.132235,43815.52139843847
2025-10-10 21:24:45.000 UTC,22ukiGKhBCA73XQLm8h9DYGKfXRM9j6URed1nhqzmzeP3ZJwPHKnWoGbMde1eFXFuusV6zw95VQZzyMfypD69hjL,2,KLend2g3cP87fffoy8q1mQqGKjrxjC8boSyAYavgmjD,kamino,EPjFWdd5AufqSSqeM2qN1xzybapC8G4wEGGkZwyTDt1v,USDC,66816.442707,67324.0973345771
2025-10-10 21:24:45.000 UTC,4emR4QRRb3jNVbVtuo2S15HGcA46FqDK4DBHuu5gC8j3MbRBYcsNeV68yZycHKy1RPf6VM9BUtmRQVPwNPok4zU4,2,KLend2g3cP87fffoy8q1mQqGKjrxjC8boSyAYavgmjD,kamino,EPjFWdd5AufqSSqeM2qN1xzybapC8G4wEGGkZwyTDt1v,USDC,2605.094652,2624.887509892233
2025-10-10 21:25:06.000 UTC,ANfjradZR9SihynMDHkcP9ZhcpfMoeMUMi6v1WKw4Txd1izk5nahR7PZVPfcxNfqde9B6CTXYP6ZkAP6Arev4tF,2,KLend2g3cP87fffoy8q1mQqGKjrxjC8boSyAYavgmjD,kamino,EPjFWdd5AufqSSqeM2qN1xzybapC8G4wEGGkZwyTDt1v,USDC,3137.996903,3161.8386189697685
2025-10-10 21:25:06.000 UTC,3ByCSTyKjjE4yLKnoXiuPhw6XBYrYhnVChpuaJWUoenuhKjUT6ou3NQpw84druZ7fJnUJGFiQ6cte1sTX6P7aR65,2,KLend2g3cP87fffoy8q1mQqGKjrxjC8boSyAYavgmjD,kamino,EPjFWdd5AufqSSqeM2qN1xzybapC8G4wEGGkZwyTDt1v,USDC,787.519471,793.5028470607901
2025-10-10 21:21:20.000 UTC,s9APYDK8MMmdRj21rPCehavbz1gcFtqnkvNHMVESvwADu98v25DdqEj1e67qBEFqPk9nuf8jb4yuGFGYk2TLzVu,2,KLend2g3cP87fffoy8q1mQqGKjrxjC8boSyAYavgmjD,kamino,EPjFWdd5AufqSSqeM2qN1xzybapC8G4wEGGkZwyTDt1v,USDC,1844.351435,1858.3643561152712
2025-10-10 21:21:53.000 UTC,2RuBhASmUVbyJuJoqHastY9Mokb5QzWXMfmNCrDMpGqMmgrkVcPnQGRf9C6y8tszb2DMXWDwFs9Mxy8dogvTCETL,2,KLend2g3cP87fffoy8q1mQqGKjrxjC8boSyAYavgmjD,kamino,EPjFWdd5AufqSSqeM2qN1xzybapC8G4wEGGkZwyTDt1v,USDC,4516.866067,4551.184086160549
2025-10-10 21:17:32.000 UTC,5wMnctU73q7KuVKyJiLGqXbKFQ4djQoDaABuFvk6kGQGDUpVqkChFLdKWUgX9VkUDsmnnyeduvW54vg6fArMiHYu,2,KLend2g3cP87fffoy8q1mQqGKjrxjC8boSyAYavgmjD,kamino,EPjFWdd5AufqSSqeM2qN1xzybapC8G4wEGGkZwyTDt1v,USDC,41833.60191,42151.4431589117
2025-10-10 21:17:36.000 UTC,2NakY3qCz7pMrnYC9dwz9YnNehkhcrfsCXj2jpiYeYdHskGsKkstMUzqDfbBrS8USseBUojQfDAzoUMpun4TCHiA,2,KLend2g3cP87fffoy8q1mQqGKjrxjC8boSyAYavgmjD,kamino,EPjFWdd5AufqSSqeM2qN1xzybapC8G4wEGGkZwyTDt1v,USDC,9518.139898,9590.456345410028
2025-10-10 21:17:36.000 UTC,5BA49ZG5p873ttGdwE3KF9Ay6NSqxwXeGzWgofoAu9J3qNMaV3PPQNRQXtYV98w4YCD7h5WEwm5m3veY1Lgjo85m,2,KLend2g3cP87fffoy8q1mQqGKjrxjC8boSyAYavgmjD,kamino,EPjFWdd5AufqSSqeM2qN1xzybapC8G4wEGGkZwyTDt1v,USDC,68.391522,68.9111436862755
2025-10-10 21:16:05.000 UTC,NZUo143xtfSpNFvruVEj4gPzQsy7pTPWHNdcAeT1EdgrLDC28b8MtvyXKfERBXGY7KhCZG3RzSriWJXvhCJAPcg,2,KLend2g3cP87fffoy8q1mQqGKjrxjC8boSyAYavgmjD,kamino,EPjFWdd5AufqSSqeM2qN1xzybapC8G4wEGGkZwyTDt1v,USDC,72510.403772,73061.31969225871
2025-10-10 21:16:05.000 UTC,5SiUa1KkV5arGHGECtu2H8m9LSq2mED41LgbyXSD9gA7bRWvSzKw75wZiP3iDMe8PYJLX9iL83gNxVh1YrpUH9MN,2,KLend2g3cP87fffoy8q1mQqGKjrxjC8boSyAYavgmjD,kamino,EPjFWdd5AufqSSqeM2qN1xzybapC8G4wEGGkZwyTDt1v,USDC,6628.625762,6678.988403383235
2025-10-10 21:15:21.000 UTC,2SBSNe9mJganhatJk93bnX1ndsEzjfSSZt5muxCYdmJnkGmB3WFz5gmRdPcBepWMP8LfFwypeWRpC69M9KZCF2Lq,2,KLend2g3cP87fffoy8q1mQqGKjrxjC8boSyAYavgmjD,kamino,EPjFWdd5AufqSSqeM2qN1xzybapC8G4wEGGkZwyTDt1v,USDC,451.900667,455.3340952926992
2025-10-10 21:16:56.000 UTC,3zpzhUG1uafYW5sZEz5mFnaMgcjNa6pMaycVbJ83GHxWjWbuvU5RwFPkMpGxgtuwUZYs9oLwETzAZh3etdXvkHoM,2,KLend2g3cP87fffoy8q1mQqGKjrxjC8boSyAYavgmjD,kamino,EPjFWdd5AufqSSqeM2qN1xzybapC8G4wEGGkZwyTDt1v,USDC,795.200926,801.2426638355164
2025-10-10 21:13:21.000 UTC,3my44Ucmnv1HMsbwro8CudxcqofBpY1YeWiYN5u7vx8enMexRNXqLTZqx3HsWH2S9ZYyhh9D28Lcqe8UDbpLKY4U,2,KLend2g3cP87fffoy8q1mQqGKjrxjC8boSyAYavgmjD,kamino,EPjFWdd5AufqSSqeM2qN1xzybapC8G4wEGGkZwyTDt1v,USDC,13.296351,13.397373350810248
2025-10-10 21:11:34.000 UTC,2FNgBbCgjWVsYmi7Mx6Yr5aJb6NZrLjtNxRytdWLi7CQFfDbwNnhkvCzHsMQruARwMNfWsHWu7Z11o6Fgcwj1CkX,2,KLend2g3cP87fffoy8q1mQqGKjrxjC8boSyAYavgmjD,kamino,EPjFWdd5AufqSSqeM2qN1xzybapC8G4wEGGkZwyTDt1v,USDC,27.26858,27.475759853695
2025-10-10 21:11:51.000 UTC,2BM14zmWy4zhJkcdv8aPquEiD3TgX1qWAe3gxdA1NrBCmjthj9SSZYRQMB92xq2m7dUM8kUpYcBUuJKJAqucm3Cx,2,KLend2g3cP87fffoy8q1mQqGKjrxjC8boSyAYavgmjD,kamino,EPjFWdd5AufqSSqeM2qN1xzybapC8G4wEGGkZwyTDt1v,USDC,57024.995751,57458.25741246716
2025-10-10 21:11:30.000 UTC,2FiVY4psdRtGESL88NCz6VD9UbKkS2DgF5u1hoiACG2ht27RErLikt2oDKNgjVpcyit8wZQ5Qs3A1HwGZB36KDVc,2,KLend2g3cP87fffoy8q1mQqGKjrxjC8boSyAYavgmjD,kamino,EPjFWdd5AufqSSqeM2qN1xzybapC8G4wEGGkZwyTDt1v,USDC,1.967455,1.9824032312262498
2025-10-10 21:09:27.000 UTC,3oF4ZMeTLDztkMCNBwqJRAaHUchMEprVSGeibAApmE8gpwff6sVtRtqeDXep3knhfursEcwdfHRRrKZwnzMKDXaH,2,KLend2g3cP87fffoy8q1mQqGKjrxjC8boSyAYavgmjD,kamino,EPjFWdd5AufqSSqeM2qN1xzybapC8G4wEGGkZwyTDt1v,USDC,14464.909877,14574.810646017977
2025-10-10 21:00:47.000 UTC,5DgbFisagdDWvx167qMngncSnEqNFCSTubsrW1UkKZinNKgvoS2TbTiMHkyMezNvuxGkVCCD6gSHR8v5dZhQ1HBR,2,KLend2g3cP87fffoy8q1mQqGKjrxjC8boSyAYavgmjD,kamino,EPjFWdd5AufqSSqeM2qN1xzybapC8G4wEGGkZwyTDt1v,USDC,2132.198986,2148.398900845881
2025-10-10 21:00:47.000 UTC,2ugkHwQbaw1aN4No3oemAWVS9h4YAdrwgAughWNEbERiDXoCS3rctHH2NkiofWJtCYaUdMjB7cTeir85kwxj5nYA,2,KLend2g3cP87fffoy8q1mQqGKjrxjC8boSyAYavgmjD,kamino,EPjFWdd5AufqSSqeM2qN1xzybapC8G4wEGGkZwyTDt1v,USDC,9.672388,9.745876385927
2025-10-10 21:00:47.000 UTC,A5Yz3MTxYBSUG5d8HH8uQDBrmadMeAaUjwU4MDyRbGAfvQoDfUMC64E44bmn1nxmCNL3DKbr6vn5fmADUoR5Lb6,2,KLend2g3cP87fffoy8q1mQqGKjrxjC8boSyAYavgmjD,kamino,EPjFWdd5AufqSSqeM2qN1xzybapC8G4wEGGkZwyTDt1v,USDC,233.424239,235.19773801186224
2025-10-10 21:26:07.000 UTC,4sf4twdNpnrZrPwug3QabkGUrQ4KZseknozNEwboQ9Et1og1jC3BCR1ZpmcGSHsEgft35eJhM22FGYULVPgageu6,2,jupgfSgfuAXv4B6R2Uxu85Z1qdzgju79s6MfZekN6XS,jupiter,EPjFWdd5AufqSSqeM2qN1xzybapC8G4wEGGkZwyTDt1v,USDC,20269.096129,20423.09565411411
2025-10-10 21:26:21.000 UTC,2o1M45FFDcE6dUAD9XjnEhd1tQ1Gu6yRWqRy74cSRFWxmDgadz1XYTUbjt2Nv5xAgn3MHWDXF4t8A4cdPR8ALnDL,2,jupgfSgfuAXv4B6R2Uxu85Z1qdzgju79s6MfZekN6XS,jupiter,EPjFWdd5AufqSSqeM2qN1xzybapC8G4wEGGkZwyTDt1v,USDC,52213.588007,52610.29379528018
2025-10-10 21:22:34.000 UTC,2oR4SkMpg6agAMNfbm8fFjT8zTSsa2boZ6CKHy4zt8PN7VQNUiGD2hFU5655NB6oZbQdRE66bjDtu1hF1TUp36HK,2,jupgfSgfuAXv4B6R2Uxu85Z1qdzgju79s6MfZekN6XS,jupiter,EPjFWdd5AufqSSqeM2qN1xzybapC8G4wEGGkZwyTDt1v,USDC,4902.178717,4939.424245347086
2025-10-10 21:24:16.000 UTC,2MhFhex9CvEYPXDXHauRjMyoeHV8Nq6vbTriRDUq5QyjY9QwVrNP37QPCeBvNEcbCi6jSA5r9ZCPcJcYBLYp4YAR,2,jupgfSgfuAXv4B6R2Uxu85Z1qdzgju79s6MfZekN6XS,jupiter,EPjFWdd5AufqSSqeM2qN1xzybapC8G4wEGGkZwyTDt1v,USDC,141470.301982,142545.15796888375
2025-10-10 21:23:43.000 UTC,4Df2eo5373QtA5JqXCQw2aHkJBBSUqCXQXKh56mXN3CrPPXHGsLyHvHhAV56jdGhgGPMFArLncWMwZFto41eddri,2,jupgfSgfuAXv4B6R2Uxu85Z1qdzgju79s6MfZekN6XS,jupiter,EPjFWdd5AufqSSqeM2qN1xzybapC8G4wEGGkZwyTDt1v,USDC,6034.97937,6080.831634508418
2025-10-10 21:23:49.000 UTC,4J7YvykueKMmsQxkfwARSBvgmR4AbnBf46SA4o1qohxov2xFPU2RQXtCzLvKZMGJfQPAZuj7JTMrGdjr1HZVJfKp,2,jupgfSgfuAXv4B6R2Uxu85Z1qdzgju79s6MfZekN6XS,jupiter,EPjFWdd5AufqSSqeM2qN1xzybapC8G4wEGGkZwyTDt1v,USDC,173.405215,174.72270447226623
2025-10-10 21:18:15.000 UTC,3FAYVGTT64PvzhxQYeZUhHASxP3mYYnmyTTuGucvbY6nDtoznGJZQoGKd2rcpbmfBAYpK2bbesngckpchnh7tQQ5,2,jupgfSgfuAXv4B6R2Uxu85Z1qdzgju79s6MfZekN6XS,jupiter,EPjFWdd5AufqSSqeM2qN1xzybapC8G4wEGGkZwyTDt1v,USDC,147302.156664,148421.3216247939
2025-10-10 21:15:35.000 UTC,3UJ4SciiW5nEJyUfrMD6rbCuk56HYJ1ScJVpCAPEgHy5s3n34EiFp7bjRNQgV7YG471oRedyMYQGRmokWterhAmW,2,jupgfSgfuAXv4B6R2Uxu85Z1qdzgju79s6MfZekN6XS,jupiter,EPjFWdd5AufqSSqeM2qN1xzybapC8G4wEGGkZwyTDt1v,USDC,101.748459,102.52151835436725
2025-10-10 21:12:23.000 UTC,4uDbxtZw5LRHaUEpXy3sNSfk9MYQF4fAF1PySsKu1Jci6UT3r5h7iP7DrdgSCN5NdBEEUpC5GbvJW3kExJoC7NJU,2,jupgfSgfuAXv4B6R2Uxu85Z1qdzgju79s6MfZekN6XS,jupiter,EPjFWdd5AufqSSqeM2qN1xzybapC8G4wEGGkZwyTDt1v,USDC,20.480016,20.635618041563998
2025-10-10 21:08:38.000 UTC,4pmj3SXehFkD38YyxUnQpEUHnhFufAdAHryCmo1Lrj98Ze1kbrVocW5NKrrjLjDgQeBNtKeyjpurMW1KM6iPevCD,2,jupgfSgfuAXv4B6R2Uxu85Z1qdzgju79s6MfZekN6XS,jupiter,EPjFWdd5AufqSSqeM2qN1xzybapC8G4wEGGkZwyTDt1v,USDC,20.754071,20.91175524294025
2025-10-10 21:01:36.000 UTC,29L7B74FcUawhLpQaojbfMgRvJzRUxm3yPQea5eKCMDYsxc6S1MKoaWveXYK8Mkw7guuqunV5ppuceLkAjbB4SAg,2,jupgfSgfuAXv4B6R2Uxu85Z1qdzgju79s6MfZekN6XS,jupiter,EPjFWdd5AufqSSqeM2qN1xzybapC8G4wEGGkZwyTDt1v,USDC,20.94903,21.1081954926825
2025-10-10 21:01:26.000 UTC,2eHCFykYmPub5LTYncoFQUcCgESakCccnYinjPhwY2msrcGL9DV1CwftLbSBKP8E8uPsf9yN7VAFPPjy6p3SQNiY,2,jupgfSgfuAXv4B6R2Uxu85Z1qdzgju79s6MfZekN6XS,jupiter,EPjFWdd5AufqSSqeM2qN1xzybapC8G4wEGGkZwyTDt1v,USDC,577.685119,582.0742261128822
2025-10-10 21:00:41.000 UTC,QmYV3MtvZU6u8MNHTktfdrYSSuKakmcyNaUivX8ueVU2Z76x2GiJtZ1FoW9Zkkwtfnz25DjCAtfcY5ffptGbxLW,2,jupgfSgfuAXv4B6R2Uxu85Z1qdzgju79s6MfZekN6XS,jupiter,EPjFWdd5AufqSSqeM2qN1xzybapC8G4wEGGkZwyTDt1v,USDC,21.059091,21.21909270864525
2025-10-10 21:02:24.000 UTC,2mkr8Ww6qircD6A9bLAd8BFBMasU34fJHMgeL9dj1szCBAVRWiEdbrQnNGHoGpmsyQ3hGskXfLnEezUcP9mKxdDE,3,jupgfSgfuAXv4B6R2Uxu85Z1qdzgju79s6MfZekN6XS,jupiter,EPjFWdd5AufqSSqeM2qN1xzybapC8G4wEGGkZwyTDt1v,USDC,76134.934922,76713.38912380362
