block_time,tx_id,outer_instruction_index,debt_mint,debt_symbol,collateral_mint,collateral_symbol,liquidator,position,collateral_seized_token,collateral_seized_usd,debt_repaid_token,debt_repaid_usd
2025-10-10 19:11:59.000 UTC,3XBhH5bTsS1mMUoPXmWs4KPpnD2CGwEmKT2NYBc361J1Fb6dJTFNr37CXAoSGmJitPAA1mokmsmuEEieL5qycNon,5,2u1tszSeqZ3qBWF3uNGPFc8TzMk2tdiwknnRMWGWjGWH,USDG,So11111111111111111111111111111111111111112,SOL,3ue9E1xfztuuNtpezARKBRiZxNHSKfjaTjwNcKShSJsz,86qvvWArhChtJ9H77MqtHMy3d13tzUkjPhiAv8tpHrtf,0.457932569,94.55010074237833,93.699654,93.737430577171
2025-10-10 19:23:25.000 UTC,2JwwP5SbomVE5xdBYYLcMk71w8YuRnVm8CzrXex574L2g8knhjaa853KG1i81ieKJXvBope5849EHR5ZkyGqQpur,4,HzwqbKZw8HxMN6bF2yFZNrht3c2iXXzpKcFu7uBEDKtr,EURC,So11111111111111111111111111111111111111112,SOL,3ue9E1xfztuuNtpezARKBRiZxNHSKfjaTjwNcKShSJsz,5BmVETKMwv139B8A833okt3GgeJHiQpSjZDMp6YwinNJ,0.254561048,52.55964384897334,44.634708,51.817176429
2025-10-10 19:30:06.000 UTC,d1jYspZ1jW6HL3JTCsMKpe1yY5m5nmfTnYbPKmgvQeGFd2QDAXgzcgXKF9cEYnuszycEnhpGEC7ZAGzB2pDZ8ao,4,2u1tszSeqZ3qBWF3uNGPFc8TzMk2tdiwknnRMWGWjGWH,USDG,So11111111111111111111111111111111111111112,SOL,3ue9E1xfztuuNtpezARKBRiZxNHSKfjaTjwNcKShSJsz,86qvvWArhChtJ9H77MqtHMy3d13tzUkjPhiAv8tpHrtf,0.520124794,107.39103309183666,104.870494,104.91277428749765
2025-10-10 19:21:59.000 UTC,4gWvEGeSjZviicuoPvDbmiTNZBBXCapcXSoy94MGqy234q1QhxoskHn8ZyfheM4masyKEBU3mJ1RFvs16gY47qCD,3,EPjFWdd5AufqSSqeM2qN1xzybapC8G4wEGGkZwyTDt1v,USDC,So11111111111111111111111111111111111111112,SOL,ariZPxRj8PmzUR5mB3FVopbPUmYmCiTCLdvjW8tTQQ9,8W2SoErPPcYvbBvfSBHZECTXsFu8ZSLSYfQkaTatxKVv,0.004908892,1.0135471127266666,0.999999,1.00034074965825
2025-10-10 19:21:59.000 UTC,i8tu3jxKhtJ3KJ2x7km3cLrhiSoVXq2vUk1rwnYMW7DfqnCynmTLvwaCdLTeYGQGBafaaTafeBFRVmLEVsNjUtK,3,EPjFWdd5AufqSSqeM2qN1xzybapC8G4wEGGkZwyTDt1v,USDC,So11111111111111111111111111111111111111112,SOL,ariZPxRj8PmzUR5mB3FVopbPUmYmCiTCLdvjW8tTQQ9,8W2SoErPPcYvbBvfSBHZECTXsFu8ZSLSYfQkaTatxKVv,0.004908892,1.0135471127266666,0.999999,1.00034074965825
2025-10-10 19:28:37.000 UTC,3XJbmbHncXiap6e3wGfkqkwU13ASgNQCzinuGgAZq598iBDFRDqZTbVWpxJN7jjet1qy9sRPjQkMkESEveeYzYTP,3,EPjFWdd5AufqSSqeM2qN1xzybapC8G4wEGGkZwyTDt1v,USDC,So11111111111111111111111111111111111111112,SOL,ariZPxRj8PmzUR5mB3FVopbPUmYmCiTCLdvjW8tTQQ9,8W2SoErPPcYvbBvfSBHZECTXsFu8ZSLSYfQkaTatxKVv,0.737983989,152.37278418214498,149.999999,150.05126149965827
2025-10-10 19:28:43.000 UTC,4BwZ1vSB8wF3zzzxJXZNWehhjhsEVtBfP1zAABiUxv1E4GmpfR3SYfKWzvhPnQxcQb3YprfE46ZQrwr13TjfvKJy,3,EPjFWdd5AufqSSqeM2qN1xzybapC8G4wEGGkZwyTDt1v,USDC,So11111111111111111111111111111111111111112,SOL,CxX1RcmT7qGFKDkXAGRgFzF6EJ9MgFKGGqoF8rRizwvQ,8W2SoErPPcYvbBvfSBHZECTXsFu8ZSLSYfQkaTatxKVv,6.293596923,1299.4494460200149,1279.214117,1279.6512884244848
2025-10-10 20:56:39.000 UTC,2dqvMQSZ5PE1mj5KQuMQgRpDj53u1j2459CwCeU1Sq7iPkh5X9DgV3W7QGn4mEv4RdtH4Abry67beq6WAvPfnoS3,4,USDSwr9ApdHk5bvJKMjzff41FfuX8bSxdKcR81vTwcA,USDS,27G8MtK7VtTcCHkpASjSDdkWWYfoqT6ggEuKidVJidD4,JLP,68Z9juTBhG3ybnbMYwTHP8z4jmEJndYtxzq3dLpQMz64,Ga45AjXSkZZ2oHXEFCBtVM64dfKRJB5rmxEGiMfAdGSj,1.466618,8.228949161666666,7.925775,7.92697641539375
2025-10-10 20:56:24.000 UTC,osZQtN8ZWyD1UDRCswgH8G84zqphCW1NTtCHYpYxsWQav3VMLcgK4sCTK5zJptxqpnVEt3QAJ2ZRdDnSpdp4VgY,4,2u1tszSeqZ3qBWF3uNGPFc8TzMk2tdiwknnRMWGWjGWH,USDG,J1toso1uCk3RLmjorhTtrVwY9HJ7X8V9yYac6Y7kGCPn,JITOSOL,68Z9juTBhG3ybnbMYwTHP8z4jmEJndYtxzq3dLpQMz64,J8UDDPMj9Fp1RYZEiKX7qa72BraGZNf7SNz2tVGZVVBK,0.208785059,53.306131326134164,49.263436,49.286130022850664
2025-10-10 22:22:55.000 UTC,F3xGNsdbaYNs7JxcMxA9odW3BP53h8K76fWcneUZuVsjPNBsBBP2KvSfHWanzjvEB34GQj9G648LgAWui58T2ag,5,HzwqbKZw8HxMN6bF2yFZNrht3c2iXXzpKcFu7uBEDKtr,EURC,So11111111111111111111111111111111111111112,SOL,68Z9juTBhG3ybnbMYwTHP8z4jmEJndYtxzq3dLpQMz64,5BmVETKMwv139B8A833okt3GgeJHiQpSjZDMp6YwinNJ,0.002481876,0.47349023505000004,0.402922,0.466386042759
2025-10-10 22:06:37.000 UTC,4MDhaSJ4AWvfWyHmaQ7msERnmwkT6XTjNBPxNLG5bEpSbdR56oH4QJpHhXmtoVFrFKWMDDyjNKtu6c5nNk6xWa17,5,EPjFWdd5AufqSSqeM2qN1xzybapC8G4wEGGkZwyTDt1v,USDC,So11111111111111111111111111111111111111112,SOL,68Z9juTBhG3ybnbMYwTHP8z4jmEJndYtxzq3dLpQMz64,8W2SoErPPcYvbBvfSBHZECTXsFu8ZSLSYfQkaTatxKVv,120.481648846,22985.38856546584,22785.384828,22810.4240671439
2025-10-10 22:14:11.000 UTC,kJHdUCg5hCNw2JX6DWKfTc8dv5UaRaq5E8QTrNw9pviv18JgngKNCxNsXEdj6ygxWaeVroVvj3ZP4ZEucBuujty,5,EPjFWdd5AufqSSqeM2qN1xzybapC8G4wEGGkZwyTDt1v,USDC,So11111111111111111111111111111111111111112,SOL,68Z9juTBhG3ybnbMYwTHP8z4jmEJndYtxzq3dLpQMz64,8W2SoErPPcYvbBvfSBHZECTXsFu8ZSLSYfQkaTatxKVv,42.216716658,8054.070023416026,7925.069205,7933.77819563386
2025-10-10 22:17:48.000 UTC,5Y6qgtFRzSoUiEyoNJxBKHAozTYd6uAXRRkGSh3tYYn2rigRDMB7xNQjooUn5sSS3VDu8QxzbqYmkWZU4efk2AZp,5,EPjFWdd5AufqSSqeM2qN1xzybapC8G4wEGGkZwyTDt1v,USDC,So11111111111111111111111111111111111111112,SOL,68Z9juTBhG3ybnbMYwTHP8z4jmEJndYtxzq3dLpQMz64,8W2SoErPPcYvbBvfSBHZECTXsFu8ZSLSYfQkaTatxKVv,42.634504772,8133.775291648183,7994.228657,8003.013648108321
2025-10-10 22:25:22.000 UTC,521yZbQxnyFTga18vUZiHCC8SG5XYD28BLCY6MMJhrPdyf6BTsUqLJ84Sz1BAcj6Mk7WGpT8zXnXCmsWA3FZTZD3,5,2u1tszSeqZ3qBWF3uNGPFc8TzMk2tdiwknnRMWGWjGWH,USDG,So11111111111111111111111111111111111111112,SOL,68Z9juTBhG3ybnbMYwTHP8z4jmEJndYtxzq3dLpQMz64,86qvvWArhChtJ9H77MqtHMy3d13tzUkjPhiAv8tpHrtf,0.862511182,164.54916454264168,159.774402,159.6585522440165
2025-10-10 22:28:11.000 UTC,tkYBQJaZEw54Lu7F1vtrrTtHY7hGZZT2V2pB7e4ueRoM2EKk7CaqbK8AA1MZASFpb39WjJZNGg2rRCXxkkVPMbx,5,2u1tszSeqZ3qBWF3uNGPFc8TzMk2tdiwknnRMWGWjGWH,USDG,So11111111111111111111111111111111111111112,SOL,68Z9juTBhG3ybnbMYwTHP8z4jmEJndYtxzq3dLpQMz64,86qvvWArhChtJ9H77MqtHMy3d13tzUkjPhiAv8tpHrtf,3.699567207,705.8003487787875,679.000331,678.507999176664
2025-10-10 20:53:16.000 UTC,5Nf7YcgwdW8uBYj2E15FN8qG99YNB4fmtk5UM44n3rvNHWrPrwZB48WkhoPcxo1xJkpaU1kSo6tvPgo8bkuFEt46,4,EPjFWdd5AufqSSqeM2qN1xzybapC8G4wEGGkZwyTDt1v,USDC,So11111111111111111111111111111111111111112,SOL,68Z9juTBhG3ybnbMYwTHP8z4jmEJndYtxzq3dLpQMz64,8W2SoErPPcYvbBvfSBHZECTXsFu8ZSLSYfQkaTatxKVv,6.829183458,1411.484092030515,1380.869563,1381.3124769123322
2025-10-10 20:55:05.000 UTC,55Hw6Xh6jRMbWDRsvW5wWzXg99n9FceKzvExukX5ahF4uTfALG8e3oevUXQnnjnzTk8RgmJ672axKr4CqXyoToPa,3,EPjFWdd5AufqSSqeM2qN1xzybapC8G4wEGGkZwyTDt1v,USDC,So11111111111111111111111111111111111111112,SOL,HEyJLdMfZhhQ7FHCtjD5DWDFNFQhaeAVAsHeWqoY6dSD,8W2SoErPPcYvbBvfSBHZECTXsFu8ZSLSYfQkaTatxKVv,14.158357968,2926.30841798444,2849.69458,2850.6086195365347
2025-10-10 20:55:42.000 UTC,a7MFq72yeHHpJondTbBb784aQNPBfxE8PXXrZDD5VfWXbLoqVjFfTxKbmjDChEFCbXoHxtTZwrgDUUiiYDrn4He,4,EPjFWdd5AufqSSqeM2qN1xzybapC8G4wEGGkZwyTDt1v,USDC,So11111111111111111111111111111111111111112,SOL,3ue9E1xfztuuNtpezARKBRiZxNHSKfjaTjwNcKShSJsz,8W2SoErPPcYvbBvfSBHZECTXsFu8ZSLSYfQkaTatxKVv,6.034523018,1247.2403612061482,1214.586294,1214.9758725538004
2025-10-10 19:11:38.000 UTC,4fJmLr69FJoTb1GcwdoZ5UQwxfwBDUs3ddbtV97BfTJNY4s8s7RterEcPatihghitTFVG7DU9zKz9koEqqfqpY3d,3,2u1tszSeqZ3qBWF3uNGPFc8TzMk2tdiwknnRMWGWjGWH,USDG,J1toso1uCk3RLmjorhTtrVwY9HJ7X8V9yYac6Y7kGCPn,JITOSOL,CxX1RcmT7qGFKDkXAGRgFzF6EJ9MgFKGGqoF8rRizwvQ,J8UDDPMj9Fp1RYZEiKX7qa72BraGZNf7SNz2tVGZVVBK,0.234748098,59.90967084375,57.217221,57.2402890762665
2025-10-10 15:36:37.000 UTC,4TMno2wxRtfwMrBsjJFLY4NnP9kb2stgpU1evVFVA4EXB3uV4nhvbr1nhspoSokfiw5SKtTacYoTBACbACsvbVuv,3,Es9vMFrzaCERmJfrF4H2FYD4KCoNkY11McCe8BenwNYB,USDT,So11111111111111111111111111111111111111112,SOL,CxX1RcmT7qGFKDkXAGRgFzF6EJ9MgFKGGqoF8rRizwvQ,8wEzcmbTczEui1Y4JwiuaqvCycCoYGAUpHtVmYNAJ64r,0.067939529,14.5956188638925,14.130731,14.140569521458751
2025-10-10 18:07:39.000 UTC,sfLjcvkedqvQRaEGn6e6tBprdoXh2fRjLf2uEA4GTZWVZq84hbQD7xHvQuYMwP5jsaTf4BXYK1VyrboxExfUHA1,4,2u1tszSeqZ3qBWF3uNGPFc8TzMk2tdiwknnRMWGWjGWH,USDG,J1toso1uCk3RLmjorhTtrVwY9HJ7X8V9yYac6Y7kGCPn,JITOSOL,CxX1RcmT7qGFKDkXAGRgFzF6EJ9MgFKGGqoF8rRizwvQ,J8UDDPMj9Fp1RYZEiKX7qa72BraGZNf7SNz2tVGZVVBK,0.121190991,31.292927771095,29.754421,29.762784471836085
2025-10-10 21:22:34.000 UTC,2oR4SkMpg6agAMNfbm8fFjT8zTSsa2boZ6CKHy4zt8PN7VQNUiGD2hFU5655NB6oZbQdRE66bjDtu1hF1TUp36HK,3,EPjFWdd5AufqSSqeM2qN1xzybapC8G4wEGGkZwyTDt1v,USDC,LBTCgU4b3wsFKsPwBn1rRZDx5DoFutM6RPiEt1TPDsY,LBTC,NtGjjRApkTWG8MQbpiTuP1gbLpjEBQJAxvn4ftmDsVw,9LC5SXdfpmV6HwRPA4MKDRGt2KbvVBFVLGgJRQsBApTc,0.04654918,5166.08141158405,4902.178716,4939.424244339489
2025-10-10 19:30:13.000 UTC,YSPrwDm4AD6LavJfCbstthoZKgy99jdMJTrsU2cx1AraaueN9gjh2CCuoZzgsybNzq2eL4LaD5YtRacgMJNciBX,3,EPjFWdd5AufqSSqeM2qN1xzybapC8G4wEGGkZwyTDt1v,USDC,jupSoLaHXQiZZTSfEWMTRRgpnyFm8f6sZdosWBjx93v,JUPSOL,NtGjjRApkTWG8MQbpiTuP1gbLpjEBQJAxvn4ftmDsVw,79sNeDBuT4numgu16Rps5ViSppqnJYNsgYW32E954JeL,0.007700897,1.8189005320866667,1.709152,1.709736102696
2025-10-10 23:59:03.000 UTC,8J1ckH1T6No4kRvWNLNR8XmHKQewJdWq9MZ26P8Nmvdhm49r8TbPNoPCdbMdk5e9bjEToLUX1e7p6LmeyMEky3g,3,CtzPWv73Sn1dMGVU3ZtLv9yWSyUAanBni19YWDaznnkn,xBTC,So11111111111111111111111111111111111111112,SOL,HEyJLdMfZhhQ7FHCtjD5DWDFNFQhaeAVAsHeWqoY6dSD,C9WSxUQwjLjBdad6i4j7tVRGSxgLwTCb619LDsg88ivo,2.267295253,434.651836476365,0.00366553,417.3950343596917
2025-10-10 15:36:34.000 UTC,RoZEFc64uQMU3GjFtYhB6qGTwhpoBJbv1zFb5LS7Jo8efbyN528uaXamUXbNWqc63jqARdV11pNG7GdeXpfWJdy,3,USDSwr9ApdHk5bvJKMjzff41FfuX8bSxdKcR81vTwcA,USDS,27G8MtK7VtTcCHkpASjSDdkWWYfoqT6ggEuKidVJidD4,JLP,CxX1RcmT7qGFKDkXAGRgFzF6EJ9MgFKGGqoF8rRizwvQ,Ga45AjXSkZZ2oHXEFCBtVM64dfKRJB5rmxEGiMfAdGSj,0.858496,4.904873813333333,4.723787,4.7239924847345005
2025-10-10 19:22:20.000 UTC,5N2e3tPu5QxgCpRQuS3vf5aH7f1tvBrTSTSW2JagZxdZk9zQK2aYGaJMmsfvKyt6vgbDYpdneVYVv8GUBXkeNjAZ,4,EPjFWdd5AufqSSqeM2qN1xzybapC8G4wEGGkZwyTDt1v,USDC,5oVNBeEEQvYi1cX3ir8Dx5n1P7pdxydbGF2X4TxVusJm,SCNSOL,3ue9E1xfztuuNtpezARKBRiZxNHSKfjaTjwNcKShSJsz,HuwayEtJX8tCh8VBoTnpPahqsjmxnK1uKMj4uUQ9i8Lt,0.000246914,0.06980279356166666,0.066178,0.0662006163315
2025-10-10 19:12:25.000 UTC,2LB7q5psxkBptC7sF99k2JRdMyuBDGEUWDKaYnbBZLMyEWpmCQ3pXjWja82oLk6fHUw4xWbhTsagNBitghmcEq5g,3,EPjFWdd5AufqSSqeM2qN1xzybapC8G4wEGGkZwyTDt1v,USDC,5oVNBeEEQvYi1cX3ir8Dx5n1P7pdxydbGF2X4TxVusJm,SCNSOL,CxX1RcmT7qGFKDkXAGRgFzF6EJ9MgFKGGqoF8rRizwvQ,HuwayEtJX8tCh8VBoTnpPahqsjmxnK1uKMj4uUQ9i8Lt,0.069210203,19.565782063269165,18.634098,18.6404662029915
2025-10-10 19:20:53.000 UTC,4dUu1Ly8ez5GYU8398vjGSCmDVUNV5ei9TkvzEL5HxahmqM238ZWbRGTBBxhYpyqoTRQbc2VymvKCa94MpNhX2DW,3,2u1tszSeqZ3qBWF3uNGPFc8TzMk2tdiwknnRMWGWjGWH,USDG,J1toso1uCk3RLmjorhTtrVwY9HJ7X8V9yYac6Y7kGCPn,JITOSOL,CxX1RcmT7qGFKDkXAGRgFzF6EJ9MgFKGGqoF8rRizwvQ,J8UDDPMj9Fp1RYZEiKX7qa72BraGZNf7SNz2tVGZVVBK,0.113508106,28.968214552083335,27.548007,27.559113438155496
2025-10-10 15:30:16.000 UTC,JLijhBmqy74f1LU8Z1yvGrHYMjFNrg5HfJ2KH5YwZLs1wSicZDV6MQe8Q868jY6v8XZiQKvcxQKhpqgY8HuiuDS,4,2u1tszSeqZ3qBWF3uNGPFc8TzMk2tdiwknnRMWGWjGWH,USDG,So11111111111111111111111111111111111111112,SOL,3ue9E1xfztuuNtpezARKBRiZxNHSKfjaTjwNcKShSJsz,86qvvWArhChtJ9H77MqtHMy3d13tzUkjPhiAv8tpHrtf,0.514686656,110.57142102512,108.420073,108.46118227767916
2025-10-10 15:33:42.000 UTC,38oNtEY63yo1SYaSeWfZ4BRWNU7EdM3eLWLMhWXa59SytzmfoTda135GBVJCzzFpW9HPEE4ZAQaHLzdJAgXJoEgS,5,2u1tszSeqZ3qBWF3uNGPFc8TzMk2tdiwknnRMWGWjGWH,USDG,So11111111111111111111111111111111111111112,SOL,3ue9E1xfztuuNtpezARKBRiZxNHSKfjaTjwNcKShSJsz,86qvvWArhChtJ9H77MqtHMy3d13tzUkjPhiAv8tpHrtf,0.992185152,213.15361666704,206.813532,206.89194879755
2025-10-10 15:33:14.000 UTC,3WgDtSDTqfBu8C4tq6VeW1gHnSkECbCxGn7v1M5rB92Py9Sqs49CQ721dLdsuidujc8jHUBvTR9xifbJDJYM7fSy,4,EPjFWdd5AufqSSqeM2qN1xzybapC8G4wEGGkZwyTDt1v,USDC,So11111111111111111111111111111111111111112,SOL,3ue9E1xfztuuNtpezARKBRiZxNHSKfjaTjwNcKShSJsz,8W2SoErPPcYvbBvfSBHZECTXsFu8ZSLSYfQkaTatxKVv,1.04799253,225.142855201225,218.44616,218.50983705563996
2025-10-10 17:39:45.000 UTC,32enF64iC1ArBsn8wCU5EAid9RmVuk23teQJumKKafU9Vn2vBdGJmSpuiHZ7PFg2nxdrRZ7gHMz3iH21P7HRbxqX,3,2u1tszSeqZ3qBWF3uNGPFc8TzMk2tdiwknnRMWGWjGWH,USDG,J1toso1uCk3RLmjorhTtrVwY9HJ7X8V9yYac6Y7kGCPn,JITOSOL,CxX1RcmT7qGFKDkXAGRgFzF6EJ9MgFKGGqoF8rRizwvQ,J8UDDPMj9Fp1RYZEiKX7qa72BraGZNf7SNz2tVGZVVBK,0.125055223,32.52936460676,30.887788,30.895947523996668
2025-10-10 19:19:21.000 UTC,3j8rxzjLoZTqfKgYBWE3nNZbBSyz74wD8t98R6ZBB7zMLuQkTAdqxwqXi1YbHVTvjFXR9wMWJ86JYZsDJgB4CqJ6,3,2u1tszSeqZ3qBWF3uNGPFc8TzMk2tdiwknnRMWGWjGWH,USDG,J1toso1uCk3RLmjorhTtrVwY9HJ7X8V9yYac6Y7kGCPn,JITOSOL,CxX1RcmT7qGFKDkXAGRgFzF6EJ9MgFKGGqoF8rRizwvQ,J8UDDPMj9Fp1RYZEiKX7qa72BraGZNf7SNz2tVGZVVBK,0.114398147,29.195360432291668,27.805756,27.816966353960666
2025-10-10 19:22:05.000 UTC,26D9DCK2Aa94UnhUoecD3m2xagp3HgTZqxQrersWgL5PAjrstL8a1bRQVTYgFDVCTSmTdmyQasETwycA8FijAC92,4,2u1tszSeqZ3qBWF3uNGPFc8TzMk2tdiwknnRMWGWjGWH,USDG,J1toso1uCk3RLmjorhTtrVwY9HJ7X8V9yYac6Y7kGCPn,JITOSOL,3ue9E1xfztuuNtpezARKBRiZxNHSKfjaTjwNcKShSJsz,J8UDDPMj9Fp1RYZEiKX7qa72BraGZNf7SNz2tVGZVVBK,0.112818774,28.79229128125,27.332032,27.343051364234668
2025-10-10 15:20:28.000 UTC,P6VEqKdFnLMM8JygVVriZzjLnuN2DuYJztZNUJZjaayrtH5F5fbPcXy59hHAoXJj6asuUVFGszugtcTaEpL4Z8j,4,Es9vMFrzaCERmJfrF4H2FYD4KCoNkY11McCe8BenwNYB,USDT,So11111111111111111111111111111111111111112,SOL,3ue9E1xfztuuNtpezARKBRiZxNHSKfjaTjwNcKShSJsz,8wEzcmbTczEui1Y4JwiuaqvCycCoYGAUpHtVmYNAJ64r,0.10741367,23.075947260275,22.974187,22.990182777698752
2025-10-10 15:19:29.000 UTC,2YfZfDDYJsjKgUapsvgFHGHykxUd6bNjcwQjj9JVDFovNYXMEgcWD31Fi1UcdiTRoNhMWaYJjXnJpFWpz1mbvTm7,3,Es9vMFrzaCERmJfrF4H2FYD4KCoNkY11McCe8BenwNYB,USDT,So11111111111111111111111111111111111111112,SOL,CxX1RcmT7qGFKDkXAGRgFzF6EJ9MgFKGGqoF8rRizwvQ,8wEzcmbTczEui1Y4JwiuaqvCycCoYGAUpHtVmYNAJ64r,0.053802009,11.5584200984925,11.550382,11.558423953467502
2025-10-10 22:02:59.000 UTC,5wtwR4epzT8mAsRuxHG9NqUEXCYjrgBkaW9xRv22NSJcX8Aqpd8skJtbVqSfynDojyQVujQeVcU9zVL9ZWTgMRRf,4,2u1tszSeqZ3qBWF3uNGPFc8TzMk2tdiwknnRMWGWjGWH,USDG,jupSoLaHXQiZZTSfEWMTRRgpnyFm8f6sZdosWBjx93v,JUPSOL,3ue9E1xfztuuNtpezARKBRiZxNHSKfjaTjwNcKShSJsz,2UcfVZLJxovLb5GcAbszyyseFbNxRsmaM2ZzR99nS3V6,1.125438175,244.22664903102083,236.718796,236.54715514633367
2025-10-10 15:34:06.000 UTC,Pxw5GmN266o7b1PZ3fQnnknVWgNU2rTYzZ6vA47CsuT2bGb2NPLW3GZV4hEqDdXuEaHKnryc9jTr1RYeBi9GZPT,4,HzwqbKZw8HxMN6bF2yFZNrht3c2iXXzpKcFu7uBEDKtr,EURC,So11111111111111111111111111111111111111112,SOL,3ue9E1xfztuuNtpezARKBRiZxNHSKfjaTjwNcKShSJsz,5BmVETKMwv139B8A833okt3GgeJHiQpSjZDMp6YwinNJ,0.194096719,41.6982833845675,34.820024,40.42915845281067
2025-10-10 19:23:30.000 UTC,4DxTGyMXnsGVogf7LkmZUfeLCssWwU4QaJizitcZqAZoomaHW4GMhXu82XC1fdgjkNeDrGziPn1MySXc9Y1cgF5e,3,2u1tszSeqZ3qBWF3uNGPFc8TzMk2tdiwknnRMWGWjGWH,USDG,J1toso1uCk3RLmjorhTtrVwY9HJ7X8V9yYac6Y7kGCPn,JITOSOL,CxX1RcmT7qGFKDkXAGRgFzF6EJ9MgFKGGqoF8rRizwvQ,J8UDDPMj9Fp1RYZEiKX7qa72BraGZNf7SNz2tVGZVVBK,0.111802546,28.532941427083337,27.050511,27.0614168643515
2025-10-10 19:33:29.000 UTC,2t6QktfhvpjF5gZr7xBHBZw8bXaWFiRzegVp7YcPhdL74TRDLQ58TqHZNUnQbPVMNU2L6KGwnPgAY1MYr9vdBCzi,4,2u1tszSeqZ3qBWF3uNGPFc8TzMk2tdiwknnRMWGWjGWH,USDG,J1toso1uCk3RLmjorhTtrVwY9HJ7X8V9yYac6Y7kGCPn,JITOSOL,3ue9E1xfztuuNtpezARKBRiZxNHSKfjaTjwNcKShSJsz,J8UDDPMj9Fp1RYZEiKX7qa72BraGZNf7SNz2tVGZVVBK,0.109576589,27.96485865104167,26.378107,26.388741773472166
2025-10-10 15:31:12.000 UTC,aXv8Sm9CnvgETs3pDLJRBRT8kbDqXG6Jtt1gagLzkEZ3RH3qoTBUHREamQ6RJBXSBxFe9QHGTKM6F317bbb8EFN,4,Es9vMFrzaCERmJfrF4H2FYD4KCoNkY11McCe8BenwNYB,USDT,So11111111111111111111111111111111111111112,SOL,3ue9E1xfztuuNtpezARKBRiZxNHSKfjaTjwNcKShSJsz,8wEzcmbTczEui1Y4JwiuaqvCycCoYGAUpHtVmYNAJ64r,0.144498773,31.043032650522502,30.225995,30.24703984901875
2025-10-10 15:25:42.000 UTC,7iBmD3uXCFS5KaiB1MESGVMfSVqAtSnVySCSybJWioXNdy5c7WbZxV23LDBd5HfH9aBkm2BQu8AfpmDjvxCS1kL,4,HzwqbKZw8HxMN6bF2yFZNrht3c2iXXzpKcFu7uBEDKtr,EURC,So11111111111111111111111111111111111111112,SOL,jprPHx4x653augept4HG61rR7SFQ3mYb4nSV1AkZgv3,5BmVETKMwv139B8A833okt3GgeJHiQpSjZDMp6YwinNJ,0.021737648,4.66995326396,3.945898,4.581540078221334
2025-10-10 15:34:25.000 UTC,3JeoNxqWnJV83dM6kJwGdbXrP6auUXaUJd4DkerEKgv4oYJQYYeg6tytQherFsUCnaHmctC5UqGPsBJw9oSE8aBT,3,HzwqbKZw8HxMN6bF2yFZNrht3c2iXXzpKcFu7uBEDKtr,EURC,So11111111111111111111111111111111111111112,SOL,CxX1RcmT7qGFKDkXAGRgFzF6EJ9MgFKGGqoF8rRizwvQ,5BmVETKMwv139B8A833okt3GgeJHiQpSjZDMp6YwinNJ,0.174148573,37.412773309022505,31.053163,36.055496325561336
2025-10-10 19:30:41.000 UTC,31wEcEbegCCA8i7T6CawcMHnpe2RFi1NjgQ6phRgxVJ2f9NnkuWqqhvSKoekko8q1kW15PJf1JQbponz14UncMKz,3,2u1tszSeqZ3qBWF3uNGPFc8TzMk2tdiwknnRMWGWjGWH,USDG,J1toso1uCk3RLmjorhTtrVwY9HJ7X8V9yYac6Y7kGCPn,JITOSOL,HEyJLdMfZhhQ7FHCtjD5DWDFNFQhaeAVAsHeWqoY6dSD,J8UDDPMj9Fp1RYZEiKX7qa72BraGZNf7SNz2tVGZVVBK,0.222596804,56.80855935416667,53.673724,53.69536345639266
2025-10-10 15:22:55.000 UTC,2WLXTYLk2FTBGtq93oa1wMepy78CDy4gk6MpgwM87gBUz9ETo5WQumibebtB4HaZjUcBLu4L4hZQmm6D5D1FJ8ei,4,Es9vMFrzaCERmJfrF4H2FYD4KCoNkY11McCe8BenwNYB,USDT,So11111111111111111111111111111111111111112,SOL,3ue9E1xfztuuNtpezARKBRiZxNHSKfjaTjwNcKShSJsz,8wEzcmbTczEui1Y4JwiuaqvCycCoYGAUpHtVmYNAJ64r,0.316819129,68.0630455308925,67.068693,67.11538957750125
2025-10-10 15:32:34.000 UTC,49LfgPzohSKjM8Ec6qjouLUoVr2b3W292rqD1ahpBD838ciHn5FFqSdsbt95vPByaZFzc3beRrTbAzwwNCpioBYv,4,Es9vMFrzaCERmJfrF4H2FYD4KCoNkY11McCe8BenwNYB,USDT,So11111111111111111111111111111111111111112,SOL,3ue9E1xfztuuNtpezARKBRiZxNHSKfjaTjwNcKShSJsz,8wEzcmbTczEui1Y4JwiuaqvCycCoYGAUpHtVmYNAJ64r,0.286417806,61.531853307495005,59.817611,59.85925901165875
2025-10-10 15:33:46.000 UTC,U67aBrguq7QEFLNUPohJX1CLFLSYHniQb2AupmfikeNNSaUGAfbviNNfqZ2LXnRiYsVuDzgFt9cJuLFzDeX8gkz,4,Es9vMFrzaCERmJfrF4H2FYD4KCoNkY11McCe8BenwNYB,USDT,So11111111111111111111111111111111111111112,SOL,3ue9E1xfztuuNtpezARKBRiZxNHSKfjaTjwNcKShSJsz,8wEzcmbTczEui1Y4JwiuaqvCycCoYGAUpHtVmYNAJ64r,0.069097072,14.84429672044,14.402764,14.412791924435
2025-10-10 15:25:25.000 UTC,UBHEDcPzTwonEv4aqZ92hoo8WMzKZNDLb2HAGx83JFg44nUMgS6Yhg2VbyEyT9t76MQuxwu1Fhu8uzp4ijDvH8f,4,HzwqbKZw8HxMN6bF2yFZNrht3c2iXXzpKcFu7uBEDKtr,EURC,So11111111111111111111111111111111111111112,SOL,3ue9E1xfztuuNtpezARKBRiZxNHSKfjaTjwNcKShSJsz,5BmVETKMwv139B8A833okt3GgeJHiQpSjZDMp6YwinNJ,0.021728796,4.668051566670001,3.945898,4.581540078221334
2025-10-10 15:23:16.000 UTC,3saM7Tgq5bPfHEzEGvgUvC8vBwPgLFYXP1JLdmmn6337hmv5dwe1oPf7BzyFccoBnwEqdupn9uwTHjUtj75oF38U,3,HzwqbKZw8HxMN6bF2yFZNrht3c2iXXzpKcFu7uBEDKtr,EURC,So11111111111111111111111111111111111111112,SOL,CxX1RcmT7qGFKDkXAGRgFzF6EJ9MgFKGGqoF8rRizwvQ,5BmVETKMwv139B8A833okt3GgeJHiQpSjZDMp6YwinNJ,0.043972969,9.4468228626925,8.016525,9.3079016679
2025-10-10 22:04:17.000 UTC,4VQHxRq69y1F3cNkeX21kuQbvcsZBUNJ4JbBMqU9RyA8J7uzcXHDXvNg4hWQAU2LoecaEuR9TxZGjdoFWCnLQtfJ,4,HzwqbKZw8HxMN6bF2yFZNrht3c2iXXzpKcFu7uBEDKtr,EURC,jupSoLaHXQiZZTSfEWMTRRgpnyFm8f6sZdosWBjx93v,JUPSOL,3ue9E1xfztuuNtpezARKBRiZxNHSKfjaTjwNcKShSJsz,4ZYawR7jUwgtU8Qr9UJYZxxppzhWMXFNp2EhaqSUU6UW,0.08950822,19.42380587128333,16.26871,18.831186377745
2025-10-10 22:24:16.000 UTC,5YjJi3idK5pNXfwQi3MMeEFJpuztsayHqg2775dR1UhoHRHLVpi8EELWspwHpstSryxtoq2bHtap5gd1wPvdisSL,4,HzwqbKZw8HxMN6bF2yFZNrht3c2iXXzpKcFu7uBEDKtr,EURC,jupSoLaHXQiZZTSfEWMTRRgpnyFm8f6sZdosWBjx93v,JUPSOL,3ue9E1xfztuuNtpezARKBRiZxNHSKfjaTjwNcKShSJsz,4ZYawR7jUwgtU8Qr9UJYZxxppzhWMXFNp2EhaqSUU6UW,0.028177613,6.114706390409166,5.028898,5.820997209531
2025-10-10 15:25:13.000 UTC,617WnuoVvyLY5AjbfNeMwjhHk1fsUT4TJ46GdDRCNJfr5Ro4U8Re4Z7mnThvwLJyMfYJg7YHvnUjJX9bUxxtv5e5,4,EPjFWdd5AufqSSqeM2qN1xzybapC8G4wEGGkZwyTDt1v,USDC,So11111111111111111111111111111111111111112,SOL,3ue9E1xfztuuNtpezARKBRiZxNHSKfjaTjwNcKShSJsz,8W2SoErPPcYvbBvfSBHZECTXsFu8ZSLSYfQkaTatxKVv,1.105401504,237.47616860808003,233.571846,233.63993219310896
2025-10-10 22:28:29.000 UTC,23kg2yjysUUXk95k6hJR3QiFooBCU2JLS6KAbxUQxjK5nwsTRwNXE98mYr7T3b44njV4TQA7qDU1YaAaDQPQUHop,4,HzwqbKZw8HxMN6bF2yFZNrht3c2iXXzpKcFu7uBEDKtr,EURC,jupSoLaHXQiZZTSfEWMTRRgpnyFm8f6sZdosWBjx93v,JUPSOL,3ue9E1xfztuuNtpezARKBRiZxNHSKfjaTjwNcKShSJsz,4ZYawR7jUwgtU8Qr9UJYZxxppzhWMXFNp2EhaqSUU6UW,0.049164883,10.669066406150833,8.63268,9.99240911046
2025-10-10 22:28:00.000 UTC,3CRPC4TA6tqtUd48XquKD92GbmwyBz4m7NoJJNYyDgYiMNUH499ZzEdDGx8r8LXEgJgNetBAqSxmios6DPfF6K3f,5,HzwqbKZw8HxMN6bF2yFZNrht3c2iXXzpKcFu7uBEDKtr,EURC,jupSoLaHXQiZZTSfEWMTRRgpnyFm8f6sZdosWBjx93v,JUPSOL,3ue9E1xfztuuNtpezARKBRiZxNHSKfjaTjwNcKShSJsz,4ZYawR7jUwgtU8Qr9UJYZxxppzhWMXFNp2EhaqSUU6UW,0.000427258,0.09271747833833334,0.075275,0.0871315276125
2025-10-10 20:57:34.000 UTC,wXknyWDqwc9bWQvxtxAjJt2mJxZm39jyCb4RHwinPvic2L1tpW7JLPtt6YB86LUafmgNFvQs9oBgZtgFuZHjNei,3,EPjFWdd5AufqSSqeM2qN1xzybapC8G4wEGGkZwyTDt1v,USDC,cbbtcf3aa214zXHbiAZQwf4122FBYbraNdFqgw4iMij,cbBTC,NtGjjRApkTWG8MQbpiTuP1gbLpjEBQJAxvn4ftmDsVw,3NQ98P7E8pUu3YjFymuEZMnQzGdBci6hKYEKcUneskYX,0.00011235,13.13531168075,12.686955,12.691024340816249
2025-10-10 15:31:17.000 UTC,T3sCYqwWQGm8vdob5vkejE6KA1kXYY1iZeXnDvjd9NPbkn6XdHqXc9wZvMVmFc5S41NAF3KPkrnDq1UpaBTwH8T,4,2u1tszSeqZ3qBWF3uNGPFc8TzMk2tdiwknnRMWGWjGWH,USDG,So11111111111111111111111111111111111111112,SOL,3ue9E1xfztuuNtpezARKBRiZxNHSKfjaTjwNcKShSJsz,86qvvWArhChtJ9H77MqtHMy3d13tzUkjPhiAv8tpHrtf,2.062272183,443.04308875434754,431.382419,431.5459848338708
2025-10-10 22:01:27.000 UTC,5j9ddMzX2UxYjbnn16TUXckcnJCTVLR4ALCuc8g8AVvz3aSBqZSdAewBCMqXcGVfT3n25s2dm2YRa46ikkeEeyvj,5,HzwqbKZw8HxMN6bF2yFZNrht3c2iXXzpKcFu7uBEDKtr,EURC,jupSoLaHXQiZZTSfEWMTRRgpnyFm8f6sZdosWBjx93v,JUPSOL,3ue9E1xfztuuNtpezARKBRiZxNHSKfjaTjwNcKShSJsz,4ZYawR7jUwgtU8Qr9UJYZxxppzhWMXFNp2EhaqSUU6UW,0.001457435,0.31627189670416667,0.265995,0.3078917394525
2025-10-10 22:27:19.000 UTC,4dWxuzxU8m26snPLR8m65HFzfRop7mmojptHQV4kZibGPQ4XFVXqo4ZRpN6JC1jYXKizaG1morbYsSeo318WuCvp,4,HzwqbKZw8HxMN6bF2yFZNrht3c2iXXzpKcFu7uBEDKtr,EURC,jupSoLaHXQiZZTSfEWMTRRgpnyFm8f6sZdosWBjx93v,JUPSOL,3ue9E1xfztuuNtpezARKBRiZxNHSKfjaTjwNcKShSJsz,4ZYawR7jUwgtU8Qr9UJYZxxppzhWMXFNp2EhaqSUU6UW,0.23836059,51.725638466775,41.995255,48.609906617422496
2025-10-10 15:20:47.000 UTC,yr3GC8eAyY678znbkEPiszxCj6ZXiV3M3ERcaPDtJKuapMZkKTXoj4jMmP1QJZXHMAtaWKNrsihdmUDNammyYNe,4,Es9vMFrzaCERmJfrF4H2FYD4KCoNkY11McCe8BenwNYB,USDT,So11111111111111111111111111111111111111112,SOL,3ue9E1xfztuuNtpezARKBRiZxNHSKfjaTjwNcKShSJsz,8wEzcmbTczEui1Y4JwiuaqvCycCoYGAUpHtVmYNAJ64r,0.052850176,11.35393543552,11.292731,11.300593563958751
2025-10-10 15:24:56.000 UTC,4fepYrVC8RqASiZz5YR48oh37fSpo6aZG4HPpmB4BumxoHtnnTSyJsNymiLSZiHzRK7PNfZ4T7nH4twf8DtudSdZ,4,Es9vMFrzaCERmJfrF4H2FYD4KCoNkY11McCe8BenwNYB,USDT,So11111111111111111111111111111111111111112,SOL,3ue9E1xfztuuNtpezARKBRiZxNHSKfjaTjwNcKShSJsz,8wEzcmbTczEui1Y4JwiuaqvCycCoYGAUpHtVmYNAJ64r,0.050548742,10.859512615715001,10.687538,10.6949791983325
2025-10-10 15:35:27.000 UTC,dfpDs7PwdzigDGRQYfW25EJ6XSfmSeUPdxfz4XRSJJg6yvMP3QuRA9A2b56nYeah9e1Z86tq2xaNz8bGtYLmqeu,4,Es9vMFrzaCERmJfrF4H2FYD4KCoNkY11McCe8BenwNYB,USDT,So11111111111111111111111111111111111111112,SOL,3ue9E1xfztuuNtpezARKBRiZxNHSKfjaTjwNcKShSJsz,8wEzcmbTczEui1Y4JwiuaqvCycCoYGAUpHtVmYNAJ64r,0.068458954,14.707208235205002,14.256503,14.266429090213752
2025-10-10 22:31:13.000 UTC,49B6t4q1XdXYgFARygjkg3rDnpHfYZYPKDsHjTGhVcFhG98DkNAKCZNYjrp2UcxZRnsYzGk29Sa1p419ysHvhhZL,4,2u1tszSeqZ3qBWF3uNGPFc8TzMk2tdiwknnRMWGWjGWH,USDG,jupSoLaHXQiZZTSfEWMTRRgpnyFm8f6sZdosWBjx93v,JUPSOL,3ue9E1xfztuuNtpezARKBRiZxNHSKfjaTjwNcKShSJsz,2UcfVZLJxovLb5GcAbszyyseFbNxRsmaM2ZzR99nS3V6,2.013733118,436.9918333825217,409.246161,408.94942342942824
2025-10-10 15:21:12.000 UTC,2QuhjbAXvsCm8RtLbXxkkS8qmXL2UHwc8pxuoBWWWKLSxJc9rh7MNRoQmYJTQ1Fgn6ARv84dUKAuWYU8jP3xDuWS,3,HzwqbKZw8HxMN6bF2yFZNrht3c2iXXzpKcFu7uBEDKtr,EURC,So11111111111111111111111111111111111111112,SOL,CxX1RcmT7qGFKDkXAGRgFzF6EJ9MgFKGGqoF8rRizwvQ,5BmVETKMwv139B8A833okt3GgeJHiQpSjZDMp6YwinNJ,0.000008725,0.0018744135625000003,0.001606,0.0018647094693333335
2025-10-10 22:06:42.000 UTC,5z2LHnHs43Eksnqi7ShB19BC1UYTzipnf21U9qPfRq5Cb7Z3rCYbGuBNMW4BXqfDynUPhRRuTDS8STdLLwVSpMfs,4,HzwqbKZw8HxMN6bF2yFZNrht3c2iXXzpKcFu7uBEDKtr,EURC,jupSoLaHXQiZZTSfEWMTRRgpnyFm8f6sZdosWBjx93v,JUPSOL,3ue9E1xfztuuNtpezARKBRiZxNHSKfjaTjwNcKShSJsz,4ZYawR7jUwgtU8Qr9UJYZxxppzhWMXFNp2EhaqSUU6UW,0.143995036,31.24776278304333,25.959322,30.048161828559
2025-10-10 22:13:53.000 UTC,5bNvyWUtVYPhamiCf5nH12MT4xVHQMJtdktTEq9QGwaSRzM6meX3pNbztsF9N2rbsk7vWyVAdqXgBRxjqV72petV,4,2u1tszSeqZ3qBWF3uNGPFc8TzMk2tdiwknnRMWGWjGWH,USDG,jupSoLaHXQiZZTSfEWMTRRgpnyFm8f6sZdosWBjx93v,JUPSOL,3ue9E1xfztuuNtpezARKBRiZxNHSKfjaTjwNcKShSJsz,2UcfVZLJxovLb5GcAbszyyseFbNxRsmaM2ZzR99nS3V6,0.924770193,200.68052637379247,192.049191,191.90993933242575
2025-10-10 19:12:10.000 UTC,2yuTzYN3HFFo2WfR4Syuwf7pabxxX6qEV16kJy1rr8nyTqj1oe1ByoVp9uZ8iTpTtcY3vebJ8sgivJuchpRR8bNY,3,2u1tszSeqZ3qBWF3uNGPFc8TzMk2tdiwknnRMWGWjGWH,USDG,J1toso1uCk3RLmjorhTtrVwY9HJ7X8V9yYac6Y7kGCPn,JITOSOL,CxX1RcmT7qGFKDkXAGRgFzF6EJ9MgFKGGqoF8rRizwvQ,J8UDDPMj9Fp1RYZEiKX7qa72BraGZNf7SNz2tVGZVVBK,0.11555642,29.490961354166668,28.11931,28.130646768481665
2025-10-10 20:54:37.000 UTC,4NxfwGXiLbi13Pv3uoPzbJjqfmwjLnT9zS94RJ8rT9ydsYuHaWYwLy7SaPdJeuY8U4XvsHM85P94SeNQTAPpHni1,5,EPjFWdd5AufqSSqeM2qN1xzybapC8G4wEGGkZwyTDt1v,USDC,JUPyiwrYJFskUPiHa7hkeR8VUtAeFoSYbKedZNsDvCN,JUP,AKKVzD8w7AqKVhNTe82DREARHoHwUhi8YHm7sB9BWGBD,227vHKagvMS9qbf8ZAD2GJceGgpKzWrGZJY69J6kA1AB,5.249691,2.11509831652875,2.009311,2.00995548650325
2025-10-10 15:23:15.000 UTC,4PhqF4ChbK6ZeWrVd5uRENBbgnke64qMgUsWsfXWGafcL2nhuA4S7Kx1HVxzfYTmb3iwCTzHL2vyFSrTcN6jrDAj,4,2u1tszSeqZ3qBWF3uNGPFc8TzMk2tdiwknnRMWGWjGWH,USDG,So11111111111111111111111111111111111111112,SOL,3ue9E1xfztuuNtpezARKBRiZxNHSKfjaTjwNcKShSJsz,86qvvWArhChtJ9H77MqtHMy3d13tzUkjPhiAv8tpHrtf,0.011779419,2.5306020323175,2.493631,2.4945765017541666
2025-10-10 19:11:57.000 UTC,cyHAqTJvU8CN3gEhe6HraRXjwFe4S67m4pmYBEt4a1z72f6XSSUuRvEg4A3KynBQzf9enGhmq8cnVJx4dyTWt6J,4,EPjFWdd5AufqSSqeM2qN1xzybapC8G4wEGGkZwyTDt1v,USDC,J1toso1uCk3RLmjorhTtrVwY9HJ7X8V9yYac6Y7kGCPn,JITOSOL,NtGjjRApkTWG8MQbpiTuP1gbLpjEBQJAxvn4ftmDsVw,Fc4sVsMvtU4UZenN8AvdaQ67k3eJcoiBFf7Cs3ZX6eDn,0.06574066,16.777564270833334,15.998261,16.00372840569675
2025-10-10 19:20:36.000 UTC,122YwRufp21bhfNZ15jjTb1JspWjfCd6at9k8X3rqcucovf6UjC6MibhFrSB2LV3hVWsKaGW13iFcd6wkX6nzeEF,3,EPjFWdd5AufqSSqeM2qN1xzybapC8G4wEGGkZwyTDt1v,USDC,J1toso1uCk3RLmjorhTtrVwY9HJ7X8V9yYac6Y7kGCPn,JITOSOL,CxX1RcmT7qGFKDkXAGRgFzF6EJ9MgFKGGqoF8rRizwvQ,Fc4sVsMvtU4UZenN8AvdaQ67k3eJcoiBFf7Cs3ZX6eDn,0.064564134,16.47730503125,15.670892,15.676247527341001
2025-10-10 15:24:19.000 UTC,5oDHwW9aQ8Tg9Q2xaGcz6gNZe6ehdEUujMEaQtb19u7piGYrp2gzugqcvp644oSc5PPCnvLk1ExKBzrNKY22wcQD,4,2u1tszSeqZ3qBWF3uNGPFc8TzMk2tdiwknnRMWGWjGWH,USDG,So11111111111111111111111111111111111111112,SOL,3ue9E1xfztuuNtpezARKBRiZxNHSKfjaTjwNcKShSJsz,86qvvWArhChtJ9H77MqtHMy3d13tzUkjPhiAv8tpHrtf,0.523930936,112.55739280822,110.898666,110.940715077525
2025-10-10 15:34:39.000 UTC,5VRWGaEtEyvp9GBJCF7p8oY2Y2uJr1d6nUQu2bNdQQdfSTFraUi6zZRxdqhHYfryYwTtqyYXrjcCgSU2oALUsKSr,4,EPjFWdd5AufqSSqeM2qN1xzybapC8G4wEGGkZwyTDt1v,USDC,So11111111111111111111111111111111111111112,SOL,3ue9E1xfztuuNtpezARKBRiZxNHSKfjaTjwNcKShSJsz,8W2SoErPPcYvbBvfSBHZECTXsFu8ZSLSYfQkaTatxKVv,10.217518629,2195.055070864643,2116.595909,2117.212896707473
2025-10-10 15:34:26.000 UTC,5K97cb2vpuJfq9JNyXEhzcNCizw7C2nbcXNCgjUp9uAVUr9oZE7NJhUV8hrVH4PExnHTrYPV4qiQ5vbK4hgQGm1k,4,EPjFWdd5AufqSSqeM2qN1xzybapC8G4wEGGkZwyTDt1v,USDC,So11111111111111111111111111111111111111112,SOL,3ue9E1xfztuuNtpezARKBRiZxNHSKfjaTjwNcKShSJsz,8W2SoErPPcYvbBvfSBHZECTXsFu8ZSLSYfQkaTatxKVv,2.092777058,449.596527312785,433.52633,433.65270292519494
2025-10-10 17:46:31.000 UTC,5bXZD8z3KeJNCCEVy8CnmdLEUJLJp71qQPWqNofh3Br62e9W56CjV8uZC2KQsYvbfa5edRmF5k1heAj1UivtNpAG,3,2u1tszSeqZ3qBWF3uNGPFc8TzMk2tdiwknnRMWGWjGWH,USDG,J1toso1uCk3RLmjorhTtrVwY9HJ7X8V9yYac6Y7kGCPn,JITOSOL,CxX1RcmT7qGFKDkXAGRgFzF6EJ9MgFKGGqoF8rRizwvQ,J8UDDPMj9Fp1RYZEiKX7qa72BraGZNf7SNz2tVGZVVBK,0.122826495,31.949627879399998,30.257661,30.2656540654475
2025-10-10 19:19:22.000 UTC,gpE9DuPN7LEqA52KSfsRm8hHuAHhbe2hTfiraR19WaqL9i6fZwVWsvGE65WJosdcYcoV9z3hajXZfbycqTahWyp,3,EPjFWdd5AufqSSqeM2qN1xzybapC8G4wEGGkZwyTDt1v,USDC,J1toso1uCk3RLmjorhTtrVwY9HJ7X8V9yYac6Y7kGCPn,JITOSOL,CxX1RcmT7qGFKDkXAGRgFzF6EJ9MgFKGGqoF8rRizwvQ,Fc4sVsMvtU4UZenN8AvdaQ67k3eJcoiBFf7Cs3ZX6eDn,0.065107312,16.615928583333336,15.825064,15.830472215622
2025-10-10 15:20:34.000 UTC,4TEA15E1QyAKz8JQiWVE3qEbHFzdQj5eKCHv6tqzsdrSDC826pPda3Q2YpBxgZgUi3FAxHkQBy2UoFugrF5ntPMY,4,EPjFWdd5AufqSSqeM2qN1xzybapC8G4wEGGkZwyTDt1v,USDC,So11111111111111111111111111111111111111112,SOL,3ue9E1xfztuuNtpezARKBRiZxNHSKfjaTjwNcKShSJsz,8W2SoErPPcYvbBvfSBHZECTXsFu8ZSLSYfQkaTatxKVv,2.338403378,502.36504370418504,500.149731,500.29552464658644
2025-10-10 15:20:50.000 UTC,vaupfNDZKX9siireKzdK63ZVpqzJMxarsw3LWeBdSZuRMHTFptd2soXiYaRq2nMgtK5X24YAniBsPyrcLYWnUpR,4,EPjFWdd5AufqSSqeM2qN1xzybapC8G4wEGGkZwyTDt1v,USDC,So11111111111111111111111111111111111111112,SOL,3ue9E1xfztuuNtpezARKBRiZxNHSKfjaTjwNcKShSJsz,8W2SoErPPcYvbBvfSBHZECTXsFu8ZSLSYfQkaTatxKVv,1.151768749,247.4373597695425,246.103542,246.17528118249297
2025-10-10 15:22:40.000 UTC,5EsyajzSDFkR2z4KUCZAQsf7PQCapyV8jgdhwLa7RSf6vtLyLwX61DcZKz2hYEw2cDZXfx8Jk4ZR8pYezdkYg3iG,4,2u1tszSeqZ3qBWF3uNGPFc8TzMk2tdiwknnRMWGWjGWH,USDG,So11111111111111111111111111111111111111112,SOL,3ue9E1xfztuuNtpezARKBRiZxNHSKfjaTjwNcKShSJsz,86qvvWArhChtJ9H77MqtHMy3d13tzUkjPhiAv8tpHrtf,2.720980387,584.5550189901775,576.015092,576.2334977223833
2025-10-10 17:40:45.000 UTC,KPpHgnky2kMsR2EWeGomHBwCxvgVeZgNvZX2MR8AfDq3ASi4Y7AkqYkeYANqSpLEBx26WEUuqW3dAhNrdJi8fqA,3,2u1tszSeqZ3qBWF3uNGPFc8TzMk2tdiwknnRMWGWjGWH,USDG,J1toso1uCk3RLmjorhTtrVwY9HJ7X8V9yYac6Y7kGCPn,JITOSOL,CxX1RcmT7qGFKDkXAGRgFzF6EJ9MgFKGGqoF8rRizwvQ,J8UDDPMj9Fp1RYZEiKX7qa72BraGZNf7SNz2tVGZVVBK,0.123949011,32.24161674132,30.573789,30.5818655759275
2025-10-10 22:01:01.000 UTC,3Rf4wuBWFHJTkKEcEFFi95ZhuG8xvvFcb7jS5EXzjYK3aYXB3o6oq9EGmQiCRZwQwqcA7pXWuzkwo2rj4KvsAfgo,4,HzwqbKZw8HxMN6bF2yFZNrht3c2iXXzpKcFu7uBEDKtr,EURC,jupSoLaHXQiZZTSfEWMTRRgpnyFm8f6sZdosWBjx93v,JUPSOL,3ue9E1xfztuuNtpezARKBRiZxNHSKfjaTjwNcKShSJsz,4ZYawR7jUwgtU8Qr9UJYZxxppzhWMXFNp2EhaqSUU6UW,0.289341707,62.78883824562416,52.815167,61.134057546586504
2025-10-10 22:04:56.000 UTC,A594djf1NRfY3ZoqnDcKgKawJixr6whSthEixoYNJGLyALj8Edj5QKjFvTPPNn7QS1rWZ73pTrZJTAodd8qWt58,4,HzwqbKZw8HxMN6bF2yFZNrht3c2iXXzpKcFu7uBEDKtr,EURC,jupSoLaHXQiZZTSfEWMTRRgpnyFm8f6sZdosWBjx93v,JUPSOL,3ue9E1xfztuuNtpezARKBRiZxNHSKfjaTjwNcKShSJsz,4ZYawR7jUwgtU8Qr9UJYZxxppzhWMXFNp2EhaqSUU6UW,0.028957419,6.2839288412775005,5.259148,6.087513771905999
2025-10-10 22:14:53.000 UTC,cYUJBCYVxCRFiaBnLTUGH2rbjC6QVuENCfb6YChV6EnYKQrm9ETsybT3mXDhfLNxYdKyouizqbWK9RsrakUnLv6,4,HzwqbKZw8HxMN6bF2yFZNrht3c2iXXzpKcFu7uBEDKtr,EURC,jupSoLaHXQiZZTSfEWMTRRgpnyFm8f6sZdosWBjx93v,JUPSOL,3ue9E1xfztuuNtpezARKBRiZxNHSKfjaTjwNcKShSJsz,4ZYawR7jUwgtU8Qr9UJYZxxppzhWMXFNp2EhaqSUU6UW,0.083562931,18.13364347743083,14.977614,17.336730492333
2025-10-10 22:21:05.000 UTC,2SNFj13x3vHM7xTxQh4XPTRUMcGDSSuXdRTyVErGdbFjnrD6D7TzKqLWk3ekLyZdnN2WCJFXn35AiH5482i9cbNX,4,HzwqbKZw8HxMN6bF2yFZNrht3c2iXXzpKcFu7uBEDKtr,EURC,jupSoLaHXQiZZTSfEWMTRRgpnyFm8f6sZdosWBjx93v,JUPSOL,3ue9E1xfztuuNtpezARKBRiZxNHSKfjaTjwNcKShSJsz,4ZYawR7jUwgtU8Qr9UJYZxxppzhWMXFNp2EhaqSUU6UW,0.054359764,11.796385886623332,9.671382,11.194716543129
2025-10-10 15:30:26.000 UTC,5cC8fifPBG14sccmEJht9caWZtcH3m5BRmWvuKZcoQzkmppyv6SVMZRAN4SQ74jy1ntdvSV37fyJo3oASbHV1bC8,4,Es9vMFrzaCERmJfrF4H2FYD4KCoNkY11McCe8BenwNYB,USDT,So11111111111111111111111111111111111111112,SOL,3ue9E1xfztuuNtpezARKBRiZxNHSKfjaTjwNcKShSJsz,8wEzcmbTczEui1Y4JwiuaqvCycCoYGAUpHtVmYNAJ64r,0.123197373,26.4667996350225,25.921473,25.93952082557625
2025-10-10 19:08:42.000 UTC,3SjYe4FE4Hwpxoqpd1M6djJ7ax1MuYjCMkwBL6GMy1QkuukMpjxDrEm6GYkURb2HU4Hv7ACCq2fa3YoJ5tfAKLA,3,EPjFWdd5AufqSSqeM2qN1xzybapC8G4wEGGkZwyTDt1v,USDC,J1toso1uCk3RLmjorhTtrVwY9HJ7X8V9yYac6Y7kGCPn,JITOSOL,CxX1RcmT7qGFKDkXAGRgFzF6EJ9MgFKGGqoF8rRizwvQ,Fc4sVsMvtU4UZenN8AvdaQ67k3eJcoiBFf7Cs3ZX6eDn,0.066616031,17.00096624479167,16.266395,16.27195404049125
2025-10-10 15:21:21.000 UTC,WXmbXJeo83Gk6r4mAmm3nSxUN3o5NQy2o6i5ESfJQEKZMF8rmY5kVuK8g1J7GZzSRXbwGBagE6cVP4JHiyQcmCv,3,2u1tszSeqZ3qBWF3uNGPFc8TzMk2tdiwknnRMWGWjGWH,USDG,So11111111111111111111111111111111111111112,SOL,CxX1RcmT7qGFKDkXAGRgFzF6EJ9MgFKGGqoF8rRizwvQ,86qvvWArhChtJ9H77MqtHMy3d13tzUkjPhiAv8tpHrtf,0.544727464,117.02516290978002,116.331437,116.37554600319582
2025-10-10 15:22:37.000 UTC,5BzSj3KJgthq8rwYWJVd2a1u5t9UwyirTkKCauPHmeeEDiwDeGa16RYpXgjCnoiFqZ7G2r31w1iEqDe4ceLPCBNZ,4,EPjFWdd5AufqSSqeM2qN1xzybapC8G4wEGGkZwyTDt1v,USDC,So11111111111111111111111111111111111111112,SOL,3ue9E1xfztuuNtpezARKBRiZxNHSKfjaTjwNcKShSJsz,8W2SoErPPcYvbBvfSBHZECTXsFu8ZSLSYfQkaTatxKVv,6.904450306,1483.3003203637452,1461.630375,1462.0564402543123
2025-10-10 15:30:24.000 UTC,3B1UXaVwbEkKTJWnbbVSag5LVwVKcS61Fhqs3fN5BL968tfMo7C9wCpaUarKzDpMTbWCRC4T8pR8aanAFB2iDJEU,4,2u1tszSeqZ3qBWF3uNGPFc8TzMk2tdiwknnRMWGWjGWH,USDG,So11111111111111111111111111111111111111112,SOL,3ue9E1xfztuuNtpezARKBRiZxNHSKfjaTjwNcKShSJsz,86qvvWArhChtJ9H77MqtHMy3d13tzUkjPhiAv8tpHrtf,0.000213669,0.0459030454425,0.045009,0.045026065912499996
2025-10-10 15:32:25.000 UTC,54dq8oFHkoK3xPT38SxPChVZsZkeKw6cSWwyFU7NBqwuSeEYWd6LcPeJD9BkqruzqmCmRDNE6KTdTEEtoRZXLjUm,4,EPjFWdd5AufqSSqeM2qN1xzybapC8G4wEGGkZwyTDt1v,USDC,So11111111111111111111111111111111111111112,SOL,3ue9E1xfztuuNtpezARKBRiZxNHSKfjaTjwNcKShSJsz,8W2SoErPPcYvbBvfSBHZECTXsFu8ZSLSYfQkaTatxKVv,6.541883437,1405.4091734793026,1366.255274,1366.653537412371
2025-10-10 15:36:26.000 UTC,3XoxD4k4oc2dYBMV6266dmA5VFsSpqoypwnbVH4jrjrtUBCJW8Hg1NMnMxSwjTPrxBpFMgAPwbXdKEV6gwh7gyfQ,4,2u1tszSeqZ3qBWF3uNGPFc8TzMk2tdiwknnRMWGWjGWH,USDG,So11111111111111111111111111111111111111112,SOL,3ue9E1xfztuuNtpezARKBRiZxNHSKfjaTjwNcKShSJsz,86qvvWArhChtJ9H77MqtHMy3d13tzUkjPhiAv8tpHrtf,0.49121216,105.52833636320001,102.167135,102.20587337202083
2025-10-10 19:23:32.000 UTC,4iFS4EhegKkksUDbkAuA4AyRBbJaAvMNaFnBSoyfoiue3MG5tEHbwXPqgvJMFkWg4MFtW6Ync7BJEu3ToLuBbgs6,3,EPjFWdd5AufqSSqeM2qN1xzybapC8G4wEGGkZwyTDt1v,USDC,J1toso1uCk3RLmjorhTtrVwY9HJ7X8V9yYac6Y7kGCPn,JITOSOL,CxX1RcmT7qGFKDkXAGRgFzF6EJ9MgFKGGqoF8rRizwvQ,Fc4sVsMvtU4UZenN8AvdaQ67k3eJcoiBFf7Cs3ZX6eDn,0.06362879,16.238597447916668,15.39492,15.40018121391
2025-10-10 15:33:02.000 UTC,pqZLWhompuZnMtNXhZQBeLLJmB1sLFxcsLiQaRHDeSfaCvfVHYFTnghGH5pMLkxBnbtSATy3VSJTwvXUTH8ve5p,4,2u1tszSeqZ3qBWF3uNGPFc8TzMk2tdiwknnRMWGWjGWH,USDG,So11111111111111111111111111111111111111112,SOL,3ue9E1xfztuuNtpezARKBRiZxNHSKfjaTjwNcKShSJsz,86qvvWArhChtJ9H77MqtHMy3d13tzUkjPhiAv8tpHrtf,0.501617455,107.7637319012875,104.761495,104.80121706685415
2025-10-10 19:11:42.000 UTC,2Q772Boowcy3k6WYDrDYmNpSh6T9sUX23ZVv7xdJ64Mvn3myncmEnzFYc1W5UoxcMb577Trv4EVBzxxYXXCGUDpm,3,EPjFWdd5AufqSSqeM2qN1xzybapC8G4wEGGkZwyTDt1v,USDC,J1toso1uCk3RLmjorhTtrVwY9HJ7X8V9yYac6Y7kGCPn,JITOSOL,CxX1RcmT7qGFKDkXAGRgFzF6EJ9MgFKGGqoF8rRizwvQ,Fc4sVsMvtU4UZenN8AvdaQ67k3eJcoiBFf7Cs3ZX6eDn,0.066235116,16.9037535625,16.143699,16.149216109133253
2025-10-10 19:22:09.000 UTC,4sWE81zrEeQjLzSQnYQCWPHqi1i6DZ4DhCzWezi9mj99BHDk7BJgeBQhcFQEVEM3bC7iK2K2ZCanYwU7fPCq5Zsx,3,EPjFWdd5AufqSSqeM2qN1xzybapC8G4wEGGkZwyTDt1v,USDC,J1toso1uCk3RLmjorhTtrVwY9HJ7X8V9yYac6Y7kGCPn,JITOSOL,CxX1RcmT7qGFKDkXAGRgFzF6EJ9MgFKGGqoF8rRizwvQ,Fc4sVsMvtU4UZenN8AvdaQ67k3eJcoiBFf7Cs3ZX6eDn,0.064207761,16.386355671875002,15.555289,15.56060502001575
2025-10-10 15:20:22.000 UTC,2En38jhshKn4vEi3wGmap7PmseDf3NwDXa1qC4VXR7JthZiRGwYyh12bJJVKhRcgoNyqtXAMH3DGhNTM2Sm9rWem,4,2u1tszSeqZ3qBWF3uNGPFc8TzMk2tdiwknnRMWGWjGWH,USDG,So11111111111111111111111111111111111111112,SOL,3ue9E1xfztuuNtpezARKBRiZxNHSKfjaTjwNcKShSJsz,86qvvWArhChtJ9H77MqtHMy3d13tzUkjPhiAv8tpHrtf,1.667811335,358.3000786263875,356.720058,356.855314355325
2025-10-10 15:26:28.000 UTC,5s7JSsWkV6TM82TTzMWcbSvvexGU6GNW57CYhBYhExMnGeWtuGAjTqYHq4a3PGQs4KdZy3ehxQm8LuVfpX5RUetB,4,2u1tszSeqZ3qBWF3uNGPFc8TzMk2tdiwknnRMWGWjGWH,USDG,So11111111111111111111111111111111111111112,SOL,3ue9E1xfztuuNtpezARKBRiZxNHSKfjaTjwNcKShSJsz,86qvvWArhChtJ9H77MqtHMy3d13tzUkjPhiAv8tpHrtf,1.047582618,225.05479278148502,220.850146,220.93388501369165
2025-10-10 15:26:27.000 UTC,3pRgKatsFSRg9EGC7yS9gv3Wbjdv9yi8Td9Zt8rdW48UGkmhUCnEVjEs7gZisRHFUgGKyKyVbB7xzLZ9gLiDQd4G,3,EPjFWdd5AufqSSqeM2qN1xzybapC8G4wEGGkZwyTDt1v,USDC,So11111111111111111111111111111111111111112,SOL,CxX1RcmT7qGFKDkXAGRgFzF6EJ9MgFKGGqoF8rRizwvQ,8W2SoErPPcYvbBvfSBHZECTXsFu8ZSLSYfQkaTatxKVv,2.198908457,472.3970010884525,463.571318,463.70644903919697
2025-10-10 18:48:37.000 UTC,Bn4Noe5LNWHcBpqp52nPGBhdZvFESfGTyR9yKTZub8MMkxrqkJhi4qDULt4y9Dmdi6pemEBC68php8VN4Y5Xom3,3,EPjFWdd5AufqSSqeM2qN1xzybapC8G4wEGGkZwyTDt1v,USDC,So11111111111111111111111111111111111111112,SOL,CxX1RcmT7qGFKDkXAGRgFzF6EJ9MgFKGGqoF8rRizwvQ,8W2SoErPPcYvbBvfSBHZECTXsFu8ZSLSYfQkaTatxKVv,0.893921356,186.73570166162,183.952397,183.97842626417548
2025-10-10 15:25:09.000 UTC,5b3wFfAcGnBuvV7Z3jhkaRW1ucKZNJzv8rHuSKDeXL8NnL9j6U7fT5VJpKLZAtbxZJeKkTjmkPtpCP3RgMasYCe2,4,EPjFWdd5AufqSSqeM2qN1xzybapC8G4wEGGkZwyTDt1v,USDC,J1toso1uCk3RLmjorhTtrVwY9HJ7X8V9yYac6Y7kGCPn,JITOSOL,3ue9E1xfztuuNtpezARKBRiZxNHSKfjaTjwNcKShSJsz,Fc4sVsMvtU4UZenN8AvdaQ67k3eJcoiBFf7Cs3ZX6eDn,0.078342696,20.822901026580002,19.698809,19.7045512028235
2025-10-10 15:32:33.000 UTC,5pLk6k4qoFjbFkZmViXsY8VoyoKruC9VD2EvteJ57ArAGN9EoGi9DBpS3hjBqPu6BueNPgnGRE321zLxhfbmUv9L,5,2u1tszSeqZ3qBWF3uNGPFc8TzMk2tdiwknnRMWGWjGWH,USDG,J1toso1uCk3RLmjorhTtrVwY9HJ7X8V9yYac6Y7kGCPn,JITOSOL,3ue9E1xfztuuNtpezARKBRiZxNHSKfjaTjwNcKShSJsz,J8UDDPMj9Fp1RYZEiKX7qa72BraGZNf7SNz2tVGZVVBK,0.143616491,38.17218618411751,35.670359,35.68388401112083
2025-10-10 23:36:00.000 UTC,4HjQo9DQ92fTwyfkjnnK3JgSpd9KtLmnsdYDoaUAzqWWo892US7SyxNHcGx33HiF63Uju5fVSz4NPPpyYUsbXUJF,5,EPjFWdd5AufqSSqeM2qN1xzybapC8G4wEGGkZwyTDt1v,USDC,27G8MtK7VtTcCHkpASjSDdkWWYfoqT6ggEuKidVJidD4,JLP,AKKVzD8w7AqKVhNTe82DREARHoHwUhi8YHm7sB9BWGBD,BDpgMQoAWbSFEjHHtF3kbytKQnJHr8FhFhRqc67x8AJE,88.104186,479.87413308,466.285352,466.58334719704067
2025-10-10 19:23:22.000 UTC,2esvzhoqbV8wCViEaLU7qayx6Aj9tkizHFoy3jSL1iJD8rQhDBLJB5fuHjrP9NbNsmLsxzpxQjnZbtq65LUbmRTc,3,2u1tszSeqZ3qBWF3uNGPFc8TzMk2tdiwknnRMWGWjGWH,USDG,So11111111111111111111111111111111111111112,SOL,CxX1RcmT7qGFKDkXAGRgFzF6EJ9MgFKGGqoF8rRizwvQ,86qvvWArhChtJ9H77MqtHMy3d13tzUkjPhiAv8tpHrtf,0.523464748,108.08063896080667,106.496931,106.5398670126815
2025-10-10 19:28:40.000 UTC,57s8L7S5A48ehapHjbMffuBH1pCM54vGFiopALwyETVcB8U42GW3ProbKPUAM1qrmjFgkYQfoV3SA9CH8hduK8m8,3,2u1tszSeqZ3qBWF3uNGPFc8TzMk2tdiwknnRMWGWjGWH,USDG,So11111111111111111111111111111111111111112,SOL,CxX1RcmT7qGFKDkXAGRgFzF6EJ9MgFKGGqoF8rRizwvQ,86qvvWArhChtJ9H77MqtHMy3d13tzUkjPhiAv8tpHrtf,0.518651027,107.08674196306833,105.419162,105.46166349214633
2025-10-10 19:21:59.000 UTC,3u8pWfwhLdBUpx3Fo4t14rBktekXYMUHDL5ZaCkKpjnubLP6t1MXEZjFWKXLjxq2A1RtUaiCGncU6usyhBWTsAfN,3,EPjFWdd5AufqSSqeM2qN1xzybapC8G4wEGGkZwyTDt1v,USDC,So11111111111111111111111111111111111111112,SOL,ariZPxRj8PmzUR5mB3FVopbPUmYmCiTCLdvjW8tTQQ9,8W2SoErPPcYvbBvfSBHZECTXsFu8ZSLSYfQkaTatxKVv,0.004908892,1.0135471127266666,0.999999,1.00034074965825
2025-10-10 19:21:59.000 UTC,2imcDRQ82wVwmYZU3Pg41RC5BVd7ioUnexG8hdrgrnixEkPdDpWnTwksSHxLgYwtHqhJWiotFcSoQchEtyc32csT,3,EPjFWdd5AufqSSqeM2qN1xzybapC8G4wEGGkZwyTDt1v,USDC,So11111111111111111111111111111111111111112,SOL,ariZPxRj8PmzUR5mB3FVopbPUmYmCiTCLdvjW8tTQQ9,8W2SoErPPcYvbBvfSBHZECTXsFu8ZSLSYfQkaTatxKVv,0.004908892,1.0135471127266666,0.999999,1.00034074965825
2025-10-10 19:21:49.000 UTC,46wYNStKKLW8kaSsWrtCNx5g6NcpTbamxD8itgkYMhSQfoe1abx4zXVBztQnL5QECHeXDzrztVbHnxJ1mNeYLR2h,3,EPjFWdd5AufqSSqeM2qN1xzybapC8G4wEGGkZwyTDt1v,USDC,So11111111111111111111111111111111111111112,SOL,CxX1RcmT7qGFKDkXAGRgFzF6EJ9MgFKGGqoF8rRizwvQ,8W2SoErPPcYvbBvfSBHZECTXsFu8ZSLSYfQkaTatxKVv,7.123388598,1470.77791614339,1452.118645,1452.6149065469288
2025-10-10 21:00:52.000 UTC,3gvfdbsR7dz8o62YMVEdkMAsizKSuYc3GvT27eXJqUDWDA3GG9NwucoMkaiawhA7ZWiFJn1UfJJcSLGtTTHibpcX,4,2u1tszSeqZ3qBWF3uNGPFc8TzMk2tdiwknnRMWGWjGWH,USDG,J1toso1uCk3RLmjorhTtrVwY9HJ7X8V9yYac6Y7kGCPn,JITOSOL,68Z9juTBhG3ybnbMYwTHP8z4jmEJndYtxzq3dLpQMz64,J8UDDPMj9Fp1RYZEiKX7qa72BraGZNf7SNz2tVGZVVBK,0.831040094,194.199526766155,192.677268,193.93013587873102
2025-10-10 19:20:21.000 UTC,5fnpb7NpBGG82yGryEc3dsWL1RMjcfqbfewVUxsy4fwKoM27Mk1L5YzjpwhKo9a5DZ3vfZmkqr5Sc6GPzpkQm9RE,3,Es9vMFrzaCERmJfrF4H2FYD4KCoNkY11McCe8BenwNYB,USDT,So11111111111111111111111111111111111111112,SOL,CxX1RcmT7qGFKDkXAGRgFzF6EJ9MgFKGGqoF8rRizwvQ,8wEzcmbTczEui1Y4JwiuaqvCycCoYGAUpHtVmYNAJ64r,0.089088303,18.394210400915,18.200182,18.210101099190002
2025-10-10 19:20:29.000 UTC,3HDQKbk8RFALAEHXsHqF7cErQ7wfzUCuUMWSy1KbrHe7ZtdYwpRB8y6u2q8rgPkvrtbp6DVcSeXb8jqyCVMCuF24,3,2u1tszSeqZ3qBWF3uNGPFc8TzMk2tdiwknnRMWGWjGWH,USDG,So11111111111111111111111111111111111111112,SOL,CxX1RcmT7qGFKDkXAGRgFzF6EJ9MgFKGGqoF8rRizwvQ,86qvvWArhChtJ9H77MqtHMy3d13tzUkjPhiAv8tpHrtf,0.528111902,109.04014459244334,107.842624,107.88610255124266
2025-10-10 19:22:08.000 UTC,3zMFV6LiEjCcpKL9nLeWt7d5NvpzGfjGxgx22NBKFjpa6j48uonpY7wfAa4okMxPJkoQzNUqgssfbab3BGqPCVw5,3,HzwqbKZw8HxMN6bF2yFZNrht3c2iXXzpKcFu7uBEDKtr,EURC,So11111111111111111111111111111111111111112,SOL,CxX1RcmT7qGFKDkXAGRgFzF6EJ9MgFKGGqoF8rRizwvQ,5BmVETKMwv139B8A833okt3GgeJHiQpSjZDMp6YwinNJ,0.236402912,48.81050324549333,41.501426,48.179697133833336
2025-10-10 19:11:41.000 UTC,3k3JS2vyNvAh2eCdFqSUYoYfLkfn1AvVgPA3ftDB9XksuMiCP2DEWfnvppXJKdWPSsQ9j4Mhio1LHdQyE19kaqbz,3,2u1tszSeqZ3qBWF3uNGPFc8TzMk2tdiwknnRMWGWjGWH,USDG,So11111111111111111111111111111111111111112,SOL,CxX1RcmT7qGFKDkXAGRgFzF6EJ9MgFKGGqoF8rRizwvQ,86qvvWArhChtJ9H77MqtHMy3d13tzUkjPhiAv8tpHrtf,0.460663973,95.11405827859834,94.411495,94.44955856773416
2025-10-10 19:11:40.000 UTC,66dAadMB1289PZufpGK9gyVhd9y2u6YZ3PVeqHz2YbG4qJXuirr9b9VMTCdb63cjz1XLE3WGa17PASW1WP9xiYSc,3,HzwqbKZw8HxMN6bF2yFZNrht3c2iXXzpKcFu7uBEDKtr,EURC,So11111111111111111111111111111111111111112,SOL,CxX1RcmT7qGFKDkXAGRgFzF6EJ9MgFKGGqoF8rRizwvQ,5BmVETKMwv139B8A833okt3GgeJHiQpSjZDMp6YwinNJ,0.169729197,35.044270186585,29.983892,34.80879995433333
2025-10-10 19:20:34.000 UTC,3ATMrV8EvPbEbmSbBzJCJnjEGMpbi2wFSiEUfUfRT6W9dyxhVi9mvgByKJkS8DUHaskCz8vxCs3WNY5LoCkXdYst,3,HzwqbKZw8HxMN6bF2yFZNrht3c2iXXzpKcFu7uBEDKtr,EURC,So11111111111111111111111111111111111111112,SOL,CxX1RcmT7qGFKDkXAGRgFzF6EJ9MgFKGGqoF8rRizwvQ,5BmVETKMwv139B8A833okt3GgeJHiQpSjZDMp6YwinNJ,0.211499118,43.668575391990004,37.199623,43.18566233441667
2025-10-10 19:21:50.000 UTC,sAQfvZCTWWo61NWGv6GkaaNUvsTtanNdejXHBYQRhxrWyhK7H7Q3KLgXACCwK6AE6Um9aH1AhrPFPKrsUVUam8p,3,2u1tszSeqZ3qBWF3uNGPFc8TzMk2tdiwknnRMWGWjGWH,USDG,So11111111111111111111111111111111111111112,SOL,CxX1RcmT7qGFKDkXAGRgFzF6EJ9MgFKGGqoF8rRizwvQ,86qvvWArhChtJ9H77MqtHMy3d13tzUkjPhiAv8tpHrtf,0.525418161,108.48396339860501,107.107663,107.15084523946616
2025-10-10 19:28:48.000 UTC,2sD2ustJQtNc2avVThiN9vF5aZahph5FCsGNZ95cboLTS2mrNELKoLnKJ9NAq1UCv53SkSptJdZuFztkRGMCs127,3,HzwqbKZw8HxMN6bF2yFZNrht3c2iXXzpKcFu7uBEDKtr,EURC,So11111111111111111111111111111111111111112,SOL,CxX1RcmT7qGFKDkXAGRgFzF6EJ9MgFKGGqoF8rRizwvQ,5BmVETKMwv139B8A833okt3GgeJHiQpSjZDMp6YwinNJ,0.252609799,52.15676621586167,44.238168,51.356826534
2025-10-10 19:11:42.000 UTC,4yeFZ93m5nVjrwNiM633U9xsQe3FQ6RW8vxfL24vbMMPkHg1tzpX89cHeVbZDyPJ8WGrSS4ApjveFoAD9xhBcxZs,3,EPjFWdd5AufqSSqeM2qN1xzybapC8G4wEGGkZwyTDt1v,USDC,So11111111111111111111111111111111111111112,SOL,ariZPxRj8PmzUR5mB3FVopbPUmYmCiTCLdvjW8tTQQ9,8W2SoErPPcYvbBvfSBHZECTXsFu8ZSLSYfQkaTatxKVv,0.000487931,0.10074392678833333,0.099999,0.10003317465825001
2025-10-10 19:20:21.000 UTC,5iH5nZDVuysmzg9ay1bApkT4mTYBbvVcKAibusfcKrgHJD5NdCqWhsoh4UZzGjp5UYGbiruGTDeDFRChBcg1VaT7,3,EPjFWdd5AufqSSqeM2qN1xzybapC8G4wEGGkZwyTDt1v,USDC,So11111111111111111111111111111111111111112,SOL,ariZPxRj8PmzUR5mB3FVopbPUmYmCiTCLdvjW8tTQQ9,8W2SoErPPcYvbBvfSBHZECTXsFu8ZSLSYfQkaTatxKVv,0.000489491,0.10106602258833333,0.099999,0.10003317465825001
2025-10-10 19:30:51.000 UTC,4UddESbbHfEpfKNh2zLYjEbe8mZexxf1CK96Y8XpSFc2aaPug6e6KQFhZr9EE7hj72A4vhKPCAsLMXYARm6Le9pe,3,EPjFWdd5AufqSSqeM2qN1xzybapC8G4wEGGkZwyTDt1v,USDC,So11111111111111111111111111111111111111112,SOL,CxX1RcmT7qGFKDkXAGRgFzF6EJ9MgFKGGqoF8rRizwvQ,8W2SoErPPcYvbBvfSBHZECTXsFu8ZSLSYfQkaTatxKVv,0.036776701,7.593346749971667,7.45661,7.459158296467501
2025-10-10 19:11:44.000 UTC,5jzTJJKSsD9jjYzWNCpqZYXmm5AzC3L1S6d9we4N3tXaYb1QgQEHCSmUHae7Mo97xdPC6CGkVAFwWH54x6wWakGW,3,EPjFWdd5AufqSSqeM2qN1xzybapC8G4wEGGkZwyTDt1v,USDC,So11111111111111111111111111111111111111112,SOL,ariZPxRj8PmzUR5mB3FVopbPUmYmCiTCLdvjW8tTQQ9,8W2SoErPPcYvbBvfSBHZECTXsFu8ZSLSYfQkaTatxKVv,0.000487931,0.10074392678833333,0.099999,0.10003317465825001
2025-10-10 19:11:39.000 UTC,46yxNpWmez57p9Rsg86NhMY4NM1xyf76DNrbps6VPuWe73JuMxbpUcuf1mbGwaZxAk4aGJ91LuWjbJ1wCNk7yHA,3,EPjFWdd5AufqSSqeM2qN1xzybapC8G4wEGGkZwyTDt1v,USDC,So11111111111111111111111111111111111111112,SOL,ariZPxRj8PmzUR5mB3FVopbPUmYmCiTCLdvjW8tTQQ9,8W2SoErPPcYvbBvfSBHZECTXsFu8ZSLSYfQkaTatxKVv,0.000487931,0.10074392678833333,0.099999,0.10003317465825001
2025-10-10 19:21:59.000 UTC,2Bzy9YzfnB3VBoh7z7c7st7cwxRjNAZt9xxdYt5D1QuPojRx8VXaeacKo8SBmkr9wbHv64yEgiJEGFCf9yf8dnNU,3,EPjFWdd5AufqSSqeM2qN1xzybapC8G4wEGGkZwyTDt1v,USDC,So11111111111111111111111111111111111111112,SOL,ariZPxRj8PmzUR5mB3FVopbPUmYmCiTCLdvjW8tTQQ9,8W2SoErPPcYvbBvfSBHZECTXsFu8ZSLSYfQkaTatxKVv,0.004908892,1.0135471127266666,0.999999,1.00034074965825
2025-10-10 19:29:25.000 UTC,3M5qD4WxMfZhrBvR867gi7xsjGrL7ANj4Mu4J6GXUrB1hAzD1nChZrRnwv15GzSTaoUSnBFFUKJqX2csMVw9oR4,3,EPjFWdd5AufqSSqeM2qN1xzybapC8G4wEGGkZwyTDt1v,USDC,So11111111111111111111111111111111111111112,SOL,CxX1RcmT7qGFKDkXAGRgFzF6EJ9MgFKGGqoF8rRizwvQ,8W2SoErPPcYvbBvfSBHZECTXsFu8ZSLSYfQkaTatxKVv,6.9688301,1438.8659654638334,1415.060989,1415.5445860929908
2025-10-10 21:15:07.000 UTC,3fHEjLAvV4NivrJsqcsauqikuo2zPyNSb8J9TfoTdRPuHJnDRD4qeRY2PTQW4YFs8S2o6sRdgUC1GM5iapJ3zuu2,4,2u1tszSeqZ3qBWF3uNGPFc8TzMk2tdiwknnRMWGWjGWH,USDG,J1toso1uCk3RLmjorhTtrVwY9HJ7X8V9yYac6Y7kGCPn,JITOSOL,68Z9juTBhG3ybnbMYwTHP8z4jmEJndYtxzq3dLpQMz64,J8UDDPMj9Fp1RYZEiKX7qa72BraGZNf7SNz2tVGZVVBK,0.451535934,105.516045896955,99.062185,99.70632860278042
2025-10-10 21:17:33.000 UTC,2Hoe1hzcX1ELBWBqR6dn3Np8mbGnfCThoZTcHHg77k3XSFC2fgtB3GDUKrVYB31xFcpCAPjE8fdjeYzbkBNn98Sn,5,2u1tszSeqZ3qBWF3uNGPFc8TzMk2tdiwknnRMWGWjGWH,USDG,J1toso1uCk3RLmjorhTtrVwY9HJ7X8V9yYac6Y7kGCPn,JITOSOL,68Z9juTBhG3ybnbMYwTHP8z4jmEJndYtxzq3dLpQMz64,J8UDDPMj9Fp1RYZEiKX7qa72BraGZNf7SNz2tVGZVVBK,0.720118655,168.27912759703753,152.680885,153.6736797313054
2025-10-10 19:29:39.000 UTC,5Ykw1QngmmWev8a5cujbCnXFWMfWtQr7RZzMAoqLUHGbybkCDRhR35KP1xH6PHsBSwEgL8VNwi4Qmd5a7r9GfCQg,4,Es9vMFrzaCERmJfrF4H2FYD4KCoNkY11McCe8BenwNYB,USDT,So11111111111111111111111111111111111111112,SOL,3ue9E1xfztuuNtpezARKBRiZxNHSKfjaTjwNcKShSJsz,8wEzcmbTczEui1Y4JwiuaqvCycCoYGAUpHtVmYNAJ64r,0.000361636,0.07466758764666666,0.073223,0.07326290653499999
2025-10-10 21:27:33.000 UTC,dgnk91EeeFEbp5DGg2fRbfdhxN3xNh6Gy5vxs6MP4arZVXw9fybVBCCdQpc8osnjrrfpymJCkqY18GTGZ55o6yu,4,HzwqbKZw8HxMN6bF2yFZNrht3c2iXXzpKcFu7uBEDKtr,EURC,J1toso1uCk3RLmjorhTtrVwY9HJ7X8V9yYac6Y7kGCPn,JITOSOL,68Z9juTBhG3ybnbMYwTHP8z4jmEJndYtxzq3dLpQMz64,HvEwe2taoKai1S9rMoQ41FTswZBwkzewrM4j735rCrcG,13.121093717,3066.169982522853,2308.905856,2689.5688149876155
2025-10-10 21:24:16.000 UTC,2MhFhex9CvEYPXDXHauRjMyoeHV8Nq6vbTriRDUq5QyjY9QwVrNP37QPCeBvNEcbCi6jSA5r9ZCPcJcYBLYp4YAR,3,EPjFWdd5AufqSSqeM2qN1xzybapC8G4wEGGkZwyTDt1v,USDC,cbbtcf3aa214zXHbiAZQwf4122FBYbraNdFqgw4iMij,cbBTC,NtGjjRApkTWG8MQbpiTuP1gbLpjEBQJAxvn4ftmDsVw,3NQ98P7E8pUu3YjFymuEZMnQzGdBci6hKYEKcUneskYX,1.32696642,146326.00919908012,141470.301981,142545.15796787615
2025-10-10 21:29:43.000 UTC,3QoGLoe43uzAWnpXAq7727pVcjnbGZymnddAdx4hytsvtTYXQ5Q7QjuZaEPyKmmctmUBze6gXjFian4zbLNz8qWh,4,EPjFWdd5AufqSSqeM2qN1xzybapC8G4wEGGkZwyTDt1v,USDC,J1toso1uCk3RLmjorhTtrVwY9HJ7X8V9yYac6Y7kGCPn,JITOSOL,68Z9juTBhG3ybnbMYwTHP8z4jmEJndYtxzq3dLpQMz64,Fc4sVsMvtU4UZenN8AvdaQ67k3eJcoiBFf7Cs3ZX6eDn,31.22246122,7296.14279404265,6363.216121,6411.562246283328
2025-10-10 19:30:34.000 UTC,2fxR1z3EJn59KW6RYTbM75GaynwUuz1tW4vUwbA5yL9vq63ssXbuM7YMRtPvArQgk4kVRvzuWAi24TQQsW5vsJbK,3,2u1tszSeqZ3qBWF3uNGPFc8TzMk2tdiwknnRMWGWjGWH,USDG,So11111111111111111111111111111111111111112,SOL,CxX1RcmT7qGFKDkXAGRgFzF6EJ9MgFKGGqoF8rRizwvQ,86qvvWArhChtJ9H77MqtHMy3d13tzUkjPhiAv8tpHrtf,0.505056696,104.27989778428001,101.851927,101.89299030190216
2025-10-10 21:27:30.000 UTC,5QXdSTKe7PDHdPF73JaRdjbE9LNwRfvS2A1ZrHhBTXYkG7fT783yihNknAYGhDwSY4kWZBvBhNyDvz9ZinQus5rm,4,HzwqbKZw8HxMN6bF2yFZNrht3c2iXXzpKcFu7uBEDKtr,EURC,J1toso1uCk3RLmjorhTtrVwY9HJ7X8V9yYac6Y7kGCPn,JITOSOL,68Z9juTBhG3ybnbMYwTHP8z4jmEJndYtxzq3dLpQMz64,HvEwe2taoKai1S9rMoQ41FTswZBwkzewrM4j735rCrcG,6.532896832,1526.62366394384,1156.244188,1346.8709876040427
2025-10-10 21:24:45.000 UTC,4emR4QRRb3jNVbVtuo2S15HGcA46FqDK4DBHuu5gC8j3MbRBYcsNeV68yZycHKy1RPf6VM9BUtmRQVPwNPok4zU4,4,EPjFWdd5AufqSSqeM2qN1xzybapC8G4wEGGkZwyTDt1v,USDC,J1toso1uCk3RLmjorhTtrVwY9HJ7X8V9yYac6Y7kGCPn,JITOSOL,68Z9juTBhG3ybnbMYwTHP8z4jmEJndYtxzq3dLpQMz64,Fc4sVsMvtU4UZenN8AvdaQ67k3eJcoiBFf7Cs3ZX6eDn,12.616946366,2948.359569172795,2605.094651,2624.887508884635
2025-10-10 19:28:37.000 UTC,3uG4qMXGNkGfdRhkrtzHsXxtXxqYyqsXTv2YV3qJmaV4auRc3HfsJduMr9RDjKxTZDtdmAdbEzoe3MBZsUQLN7ew,3,Es9vMFrzaCERmJfrF4H2FYD4KCoNkY11McCe8BenwNYB,USDT,So11111111111111111111111111111111111111112,SOL,CxX1RcmT7qGFKDkXAGRgFzF6EJ9MgFKGGqoF8rRizwvQ,8wEzcmbTczEui1Y4JwiuaqvCycCoYGAUpHtVmYNAJ64r,0.087691207,18.105749661301665,17.823802,17.83351597209
2025-10-10 21:16:05.000 UTC,5uzJXLT8j3uegxe5t7mcezV2Y1CwT7FeSGV3orBNqN8QyfNU6Uuv6GBP37vi51nQMfVDZKYdKL3gR1KFrbgYaG7L,4,2u1tszSeqZ3qBWF3uNGPFc8TzMk2tdiwknnRMWGWjGWH,USDG,J1toso1uCk3RLmjorhTtrVwY9HJ7X8V9yYac6Y7kGCPn,JITOSOL,68Z9juTBhG3ybnbMYwTHP8z4jmEJndYtxzq3dLpQMz64,J8UDDPMj9Fp1RYZEiKX7qa72BraGZNf7SNz2tVGZVVBK,0.777992787,181.8032994481275,166.382455,167.4643430484329
2025-10-10 19:08:54.000 UTC,4agTqE6HvsXAQMzAt2bVTHYVvSiZX6BqusbkoUTM7T8LT5gtqsA7Q2QiRRRDaJ5mPcmNJaHkFXZxPtDs4yVQQSRD,3,HzwqbKZw8HxMN6bF2yFZNrht3c2iXXzpKcFu7uBEDKtr,EURC,So11111111111111111111111111111111111111112,SOL,CxX1RcmT7qGFKDkXAGRgFzF6EJ9MgFKGGqoF8rRizwvQ,5BmVETKMwv139B8A833okt3GgeJHiQpSjZDMp6YwinNJ,0.170541724,35.21203399048667,30.181425,35.038119306249996
2025-10-10 19:29:29.000 UTC,54HEsQHQ6yywvGwA2RZkfBFKxbxz1j8RUQve6GAKkiFCLMdMYuv4VbkY5QAUgJRj1cPzzQJLYhESWPkLzq5a1Yeu,4,2u1tszSeqZ3qBWF3uNGPFc8TzMk2tdiwknnRMWGWjGWH,USDG,So11111111111111111111111111111111111111112,SOL,3ue9E1xfztuuNtpezARKBRiZxNHSKfjaTjwNcKShSJsz,86qvvWArhChtJ9H77MqtHMy3d13tzUkjPhiAv8tpHrtf,0.516165502,106.57355147377666,104.692555,104.73476354842416
2025-10-10 19:11:45.000 UTC,W9VEC3BAWRDDscUaNHvg4Y3apLnYCYRW3w43Xj4k7hy9eRrjyuCqNVoTo323uhhbTw223C7fit25LReXU9Zj2Gk,3,EPjFWdd5AufqSSqeM2qN1xzybapC8G4wEGGkZwyTDt1v,USDC,So11111111111111111111111111111111111111112,SOL,ariZPxRj8PmzUR5mB3FVopbPUmYmCiTCLdvjW8tTQQ9,8W2SoErPPcYvbBvfSBHZECTXsFu8ZSLSYfQkaTatxKVv,0.000487931,0.10074392678833333,0.099999,0.10003317465825001
2025-10-10 21:26:21.000 UTC,2o1M45FFDcE6dUAD9XjnEhd1tQ1Gu6yRWqRy74cSRFWxmDgadz1XYTUbjt2Nv5xAgn3MHWDXF4t8A4cdPR8ALnDL,3,EPjFWdd5AufqSSqeM2qN1xzybapC8G4wEGGkZwyTDt1v,USDC,cbbtcf3aa214zXHbiAZQwf4122FBYbraNdFqgw4iMij,cbBTC,NtGjjRApkTWG8MQbpiTuP1gbLpjEBQJAxvn4ftmDsVw,3NQ98P7E8pUu3YjFymuEZMnQzGdBci6hKYEKcUneskYX,0.49427557,54504.29680255252,52213.588006,52610.293794272584
2025-10-10 21:24:44.000 UTC,hZxCGa7g74jJJYBfAt7UinfJAr6mRrSAnsxXpQtz2HUGVvZkmgiPkawbRWcP2g8Siugqpv6EAjC2uNM9cJMKhm5,4,HzwqbKZw8HxMN6bF2yFZNrht3c2iXXzpKcFu7uBEDKtr,EURC,J1toso1uCk3RLmjorhTtrVwY9HJ7X8V9yYac6Y7kGCPn,JITOSOL,68Z9juTBhG3ybnbMYwTHP8z4jmEJndYtxzq3dLpQMz64,HvEwe2taoKai1S9rMoQ41FTswZBwkzewrM4j735rCrcG,80.269261212,18757.52163317319,14294.356559,16651.02781540179
2025-10-10 21:23:43.000 UTC,4Df2eo5373QtA5JqXCQw2aHkJBBSUqCXQXKh56mXN3CrPPXHGsLyHvHhAV56jdGhgGPMFArLncWMwZFto41eddri,3,EPjFWdd5AufqSSqeM2qN1xzybapC8G4wEGGkZwyTDt1v,USDC,J1toso1uCk3RLmjorhTtrVwY9HJ7X8V9yYac6Y7kGCPn,JITOSOL,NtGjjRApkTWG8MQbpiTuP1gbLpjEBQJAxvn4ftmDsVw,Fc4sVsMvtU4UZenN8AvdaQ67k3eJcoiBFf7Cs3ZX6eDn,29.232712697,6831.173384816702,6034.979369,6080.831633500819
2025-10-10 21:17:36.000 UTC,2NakY3qCz7pMrnYC9dwz9YnNehkhcrfsCXj2jpiYeYdHskGsKkstMUzqDfbBrS8USseBUojQfDAzoUMpun4TCHiA,4,EPjFWdd5AufqSSqeM2qN1xzybapC8G4wEGGkZwyTDt1v,USDC,J1toso1uCk3RLmjorhTtrVwY9HJ7X8V9yYac6Y7kGCPn,JITOSOL,68Z9juTBhG3ybnbMYwTHP8z4jmEJndYtxzq3dLpQMz64,Fc4sVsMvtU4UZenN8AvdaQ67k3eJcoiBFf7Cs3ZX6eDn,44.892260522,10490.535669432265,9518.139897,9590.45634440243
2025-10-10 21:26:07.000 UTC,4sf4twdNpnrZrPwug3QabkGUrQ4KZseknozNEwboQ9Et1og1jC3BCR1ZpmcGSHsEgft35eJhM22FGYULVPgageu6,3,EPjFWdd5AufqSSqeM2qN1xzybapC8G4wEGGkZwyTDt1v,USDC,cbbtcf3aa214zXHbiAZQwf4122FBYbraNdFqgw4iMij,cbBTC,NtGjjRApkTWG8MQbpiTuP1gbLpjEBQJAxvn4ftmDsVw,3NQ98P7E8pUu3YjFymuEZMnQzGdBci6hKYEKcUneskYX,0.19130072,21094.935405004933,20269.096128,20423.095653106513
2025-10-10 19:12:01.000 UTC,5CvuCnbmBmBRBvoWAV9ZM5biqbqgxKizn4RNg74rZGXJubcpbeiUkLdjNMcykaJbA3fP7Ws2p4AsW148DLK3Y6Qh,3,HzwqbKZw8HxMN6bF2yFZNrht3c2iXXzpKcFu7uBEDKtr,EURC,So11111111111111111111111111111111111111112,SOL,CxX1RcmT7qGFKDkXAGRgFzF6EJ9MgFKGGqoF8rRizwvQ,5BmVETKMwv139B8A833okt3GgeJHiQpSjZDMp6YwinNJ,0.214454315,44.27873984190833,37.823257,43.90964943891666
2025-10-10 19:30:20.000 UTC,25w1S3ASMcevnumBQuqmqeyACofTLJZeCMzDKLuFGMvrokKzsskSn2bLqTypFMVJeFiL3acx16ts7nMVCn3UwGpi,4,2u1tszSeqZ3qBWF3uNGPFc8TzMk2tdiwknnRMWGWjGWH,USDG,So11111111111111111111111111111111111111112,SOL,3ue9E1xfztuuNtpezARKBRiZxNHSKfjaTjwNcKShSJsz,86qvvWArhChtJ9H77MqtHMy3d13tzUkjPhiAv8tpHrtf,1.033423945,213.37276429739165,208.404762,208.488783853213
2025-10-10 19:11:41.000 UTC,qQM4K39XzsSJE6SR2Lgzy9rsfZcieyaWfpRv7pX5CDYhWoyjt18FEVAcerSduNMkZxgtVWQdZYi3s1nzboVz93F,3,EPjFWdd5AufqSSqeM2qN1xzybapC8G4wEGGkZwyTDt1v,USDC,So11111111111111111111111111111111111111112,SOL,ariZPxRj8PmzUR5mB3FVopbPUmYmCiTCLdvjW8tTQQ9,8W2SoErPPcYvbBvfSBHZECTXsFu8ZSLSYfQkaTatxKVv,0.000487931,0.10074392678833333,0.099999,0.10003317465825001
2025-10-10 19:11:54.000 UTC,37w78qpZJyAsTpUuXu5ArkifU7svecEiJtJMf4STVxCGMPxK3ANaR7BRkjm3SWYD9ajyVR7CtusA2N6wHE74We5r,4,EPjFWdd5AufqSSqeM2qN1xzybapC8G4wEGGkZwyTDt1v,USDC,So11111111111111111111111111111111111111112,SOL,3ue9E1xfztuuNtpezARKBRiZxNHSKfjaTjwNcKShSJsz,8W2SoErPPcYvbBvfSBHZECTXsFu8ZSLSYfQkaTatxKVv,1.763510461,364.11494406677167,360.921522,361.0448669301435
2025-10-10 19:21:59.000 UTC,3nbxtbzLJtD4dy9MTNuFtjwAwdw6FmtefFYtjPNXGen419FKFfuJhpCsofZsJvmutLee8zeQXZvaFkQXybagPBGz,3,EPjFWdd5AufqSSqeM2qN1xzybapC8G4wEGGkZwyTDt1v,USDC,So11111111111111111111111111111111111111112,SOL,ariZPxRj8PmzUR5mB3FVopbPUmYmCiTCLdvjW8tTQQ9,8W2SoErPPcYvbBvfSBHZECTXsFu8ZSLSYfQkaTatxKVv,0.004908892,1.0135471127266666,0.999999,1.00034074965825
2025-10-10 21:16:05.000 UTC,5SiUa1KkV5arGHGECtu2H8m9LSq2mED41LgbyXSD9gA7bRWvSzKw75wZiP3iDMe8PYJLX9iL83gNxVh1YrpUH9MN,4,EPjFWdd5AufqSSqeM2qN1xzybapC8G4wEGGkZwyTDt1v,USDC,J1toso1uCk3RLmjorhTtrVwY9HJ7X8V9yYac6Y7kGCPn,JITOSOL,68Z9juTBhG3ybnbMYwTHP8z4jmEJndYtxzq3dLpQMz64,Fc4sVsMvtU4UZenN8AvdaQ67k3eJcoiBFf7Cs3ZX6eDn,30.994992828,7242.98741152911,6628.625761,6678.988402375638
2025-10-10 21:21:52.000 UTC,62fFSfyPVhBLdxrfUUc5PrK6rARUyuidFc3tNyAoFa7dtEZaC8o1UNMFzfDZrZs3PhiQHhpkgbVAhWbU82nApAqM,4,HzwqbKZw8HxMN6bF2yFZNrht3c2iXXzpKcFu7uBEDKtr,EURC,J1toso1uCk3RLmjorhTtrVwY9HJ7X8V9yYac6Y7kGCPn,JITOSOL,68Z9juTBhG3ybnbMYwTHP8z4jmEJndYtxzq3dLpQMz64,HvEwe2taoKai1S9rMoQ41FTswZBwkzewrM4j735rCrcG,54.127373233,12648.619895520524,9792.736038,11407.237498560953
2025-10-10 21:18:15.000 UTC,3FAYVGTT64PvzhxQYeZUhHASxP3mYYnmyTTuGucvbY6nDtoznGJZQoGKd2rcpbmfBAYpK2bbesngckpchnh7tQQ5,3,EPjFWdd5AufqSSqeM2qN1xzybapC8G4wEGGkZwyTDt1v,USDC,cbbtcf3aa214zXHbiAZQwf4122FBYbraNdFqgw4iMij,cbBTC,NtGjjRApkTWG8MQbpiTuP1gbLpjEBQJAxvn4ftmDsVw,3NQ98P7E8pUu3YjFymuEZMnQzGdBci6hKYEKcUneskYX,1.36325229,150327.29097033746,147302.156663,148421.3216237863
2025-10-10 21:28:15.000 UTC,5sgjXU4k6dXBf1BqoBvjFeu86wAKdaZBwihzYEz7vrgLdMa1WLZsYgY57xz3W23RbjcU9eAoYiTi62LzVbFk7HgM,4,USDSwr9ApdHk5bvJKMjzff41FfuX8bSxdKcR81vTwcA,USDS,J1toso1uCk3RLmjorhTtrVwY9HJ7X8V9yYac6Y7kGCPn,JITOSOL,68Z9juTBhG3ybnbMYwTHP8z4jmEJndYtxzq3dLpQMz64,EyQAMD4VH3ZSa5YuCRT1nwdRDN94CoynpJuKabLCZhg1,0.003522477,0.8231412315525,0.711363,0.715763491518
2025-10-10 19:11:48.000 UTC,rboMoTVyHEqqvHNAxu95BDhX7aQKUvp1qkb1yRMcbzXwBkC4x39jCrZgvRxmuCQFgT2mDyPctfbf5YbwZQ4BYaF,3,EPjFWdd5AufqSSqeM2qN1xzybapC8G4wEGGkZwyTDt1v,USDC,So11111111111111111111111111111111111111112,SOL,ariZPxRj8PmzUR5mB3FVopbPUmYmCiTCLdvjW8tTQQ9,8W2SoErPPcYvbBvfSBHZECTXsFu8ZSLSYfQkaTatxKVv,0.000488024,0.10076312865333333,0.099999,0.10003317465825001
2025-10-10 19:12:00.000 UTC,3ZUViXYXMdkCczCJ2FRvNFS2sSHP2RQxNnoj9Y9APqymBRTavXcodrG7w3bRp7Y67XMmFjAngJkDEfvpjNmK5Z1F,4,EPjFWdd5AufqSSqeM2qN1xzybapC8G4wEGGkZwyTDt1v,USDC,So11111111111111111111111111111111111111112,SOL,3ue9E1xfztuuNtpezARKBRiZxNHSKfjaTjwNcKShSJsz,8W2SoErPPcYvbBvfSBHZECTXsFu8ZSLSYfQkaTatxKVv,0.883066928,182.32830040237332,180.688319,180.75006923301825
2025-10-10 19:20:22.000 UTC,59LAYuevy6rcWMaL46NmXuLmheesUcWvddmecYUMSKR1gyiKJhv6rQjaCC5TBNHd9Ee8zffNNuS5xB7hw4AQ2J41,3,EPjFWdd5AufqSSqeM2qN1xzybapC8G4wEGGkZwyTDt1v,USDC,So11111111111111111111111111111111111111112,SOL,CxX1RcmT7qGFKDkXAGRgFzF6EJ9MgFKGGqoF8rRizwvQ,8W2SoErPPcYvbBvfSBHZECTXsFu8ZSLSYfQkaTatxKVv,0.867717967,179.15917484310168,177.269352,177.329933801046
2025-10-10 19:29:36.000 UTC,Wg7yvHzQzhehyGhXZfsyqREc42SRGyxDtjQ6SyTLnGtgjLdRpPoVMSuZmesBRBrTgPYhiakJm2oUe1AengmGo6u,4,EPjFWdd5AufqSSqeM2qN1xzybapC8G4wEGGkZwyTDt1v,USDC,So11111111111111111111111111111111111111112,SOL,3ue9E1xfztuuNtpezARKBRiZxNHSKfjaTjwNcKShSJsz,8W2SoErPPcYvbBvfSBHZECTXsFu8ZSLSYfQkaTatxKVv,6.923101952,1429.4243985326932,1402.348557,1402.8278096193549
2025-10-10 19:21:55.000 UTC,44Sf548wdHeruZxxiH953MEGnN1Qipb79zVkpdxMtyqdPE1NBCD6SmFrXMbbWpN1LMvi5hsoNbPffDg7GNexzgnZ,4,Es9vMFrzaCERmJfrF4H2FYD4KCoNkY11McCe8BenwNYB,USDT,So11111111111111111111111111111111111111112,SOL,3ue9E1xfztuuNtpezARKBRiZxNHSKfjaTjwNcKShSJsz,8wEzcmbTczEui1Y4JwiuaqvCycCoYGAUpHtVmYNAJ64r,0.087906492,18.15019991406,17.907599,17.917358641455003
2025-10-10 19:29:27.000 UTC,2BdaUWfmQMPTQZd6yHTkeKYNfrgf26nimpBv6Kwing69zqHSN5Uyg3Ao6mHrG2sWDRZtZDMpSWNWxZnqUuRpwJDH,4,Es9vMFrzaCERmJfrF4H2FYD4KCoNkY11McCe8BenwNYB,USDT,So11111111111111111111111111111111111111112,SOL,3ue9E1xfztuuNtpezARKBRiZxNHSKfjaTjwNcKShSJsz,8wEzcmbTczEui1Y4JwiuaqvCycCoYGAUpHtVmYNAJ64r,0.086994933,17.961988808064998,17.64739,17.65700782755
2025-10-10 21:13:53.000 UTC,2Evm7SCPFVZHSii5EUTmjEVLKVrywLPKTAhw5WskjHcrzFM8SwF4Kjbr9hsfBwFXbKRRbdvG4Qo4wJgRuVArbPbx,4,2u1tszSeqZ3qBWF3uNGPFc8TzMk2tdiwknnRMWGWjGWH,USDG,J1toso1uCk3RLmjorhTtrVwY9HJ7X8V9yYac6Y7kGCPn,JITOSOL,68Z9juTBhG3ybnbMYwTHP8z4jmEJndYtxzq3dLpQMz64,J8UDDPMj9Fp1RYZEiKX7qa72BraGZNf7SNz2tVGZVVBK,2.47899747,579.298326283275,547.054095,550.6112686648962
2025-10-10 21:11:34.000 UTC,4Xn1S4KYNHrPg81nr9zHZJ2NSB99aVHgHRt1P1yPkyJASR14NCas5UEuBgd9DcVopXjz2hJNvBeHMmgyc9fM7gTs,4,2u1tszSeqZ3qBWF3uNGPFc8TzMk2tdiwknnRMWGWjGWH,USDG,J1toso1uCk3RLmjorhTtrVwY9HJ7X8V9yYac6Y7kGCPn,JITOSOL,68Z9juTBhG3ybnbMYwTHP8z4jmEJndYtxzq3dLpQMz64,J8UDDPMj9Fp1RYZEiKX7qa72BraGZNf7SNz2tVGZVVBK,0.266623839,62.305325257117495,61.554569,61.95482245537509
2025-10-10 19:15:37.000 UTC,3vZeoyk7tAHZdXEx7Suuf7N5uCcnAdrikz9MrUfg4HvYMdTCECXwxcXaYRSNXSb4UZEqUtQa1UL3nL4JkKeA1vJB,3,2u1tszSeqZ3qBWF3uNGPFc8TzMk2tdiwknnRMWGWjGWH,USDG,So11111111111111111111111111111111111111112,SOL,CxX1RcmT7qGFKDkXAGRgFzF6EJ9MgFKGGqoF8rRizwvQ,86qvvWArhChtJ9H77MqtHMy3d13tzUkjPhiAv8tpHrtf,0.453333649,93.60055406511167,92.692047,92.7294173436155
2025-10-10 19:29:51.000 UTC,VmdJv2kzni8bsUsMNZG1rNsfUofVCxPRSYWeFTken1yyVQBktujSJt53RrE7KJkZB2wf5LGERwvdB3EdmZ1SMKy,4,HzwqbKZw8HxMN6bF2yFZNrht3c2iXXzpKcFu7uBEDKtr,EURC,So11111111111111111111111111111111111111112,SOL,3ue9E1xfztuuNtpezARKBRiZxNHSKfjaTjwNcKShSJsz,5BmVETKMwv139B8A833okt3GgeJHiQpSjZDMp6YwinNJ,0.826816652,170.71421216619333,144.027739,167.20420266741667
2025-10-10 19:11:40.000 UTC,3DaMY7i48kBRBtXSdnHf7zWUaS8KKVDdP3hWq7tWGgeM4WJb212qJh4BmSt3C6R5KkESTdRU9yAy8brYyaJ5FhK3,3,EPjFWdd5AufqSSqeM2qN1xzybapC8G4wEGGkZwyTDt1v,USDC,So11111111111111111111111111111111111111112,SOL,ariZPxRj8PmzUR5mB3FVopbPUmYmCiTCLdvjW8tTQQ9,8W2SoErPPcYvbBvfSBHZECTXsFu8ZSLSYfQkaTatxKVv,0.000487931,0.10074392678833333,0.099999,0.10003317465825001
2025-10-10 19:20:22.000 UTC,4xcUuRLaAXX6Ek3WhDHgzgXrfA4yJN6QMhnwgq6mBQUhYmgjdNy3RU4EYr9zLBNm5yNxAyzY4pGwQZxdP1Tsa68q,3,EPjFWdd5AufqSSqeM2qN1xzybapC8G4wEGGkZwyTDt1v,USDC,So11111111111111111111111111111111111111112,SOL,ariZPxRj8PmzUR5mB3FVopbPUmYmCiTCLdvjW8tTQQ9,8W2SoErPPcYvbBvfSBHZECTXsFu8ZSLSYfQkaTatxKVv,0.000489491,0.10106602258833333,0.099999,0.10003317465825001
2025-10-10 19:20:20.000 UTC,4kGZeHnQMvBTrXz6AbXFKNiQU2AcZ2aK3j7Mh2AjskpQtawzwVDeSLfHRNg8Tty7QARozsGyc2qi3udxEMPUBQhx,3,EPjFWdd5AufqSSqeM2qN1xzybapC8G4wEGGkZwyTDt1v,USDC,So11111111111111111111111111111111111111112,SOL,ariZPxRj8PmzUR5mB3FVopbPUmYmCiTCLdvjW8tTQQ9,8W2SoErPPcYvbBvfSBHZECTXsFu8ZSLSYfQkaTatxKVv,0.000489453,0.10105817666500001,0.099999,0.10003317465825001
2025-10-10 19:21:59.000 UTC,5ZXrRGBzHTXbZwQuqGpccwfL3rRPJvdhUbxKjzKV7vCxsevjzXDxiqNUyRoFAvuTgotMU8jacYZMG3BPgobdcHg1,3,EPjFWdd5AufqSSqeM2qN1xzybapC8G4wEGGkZwyTDt1v,USDC,So11111111111111111111111111111111111111112,SOL,CxX1RcmT7qGFKDkXAGRgFzF6EJ9MgFKGGqoF8rRizwvQ,8W2SoErPPcYvbBvfSBHZECTXsFu8ZSLSYfQkaTatxKVv,7.009583148,1447.28031520614,1427.935589,1428.4235859875407
2025-10-10 19:11:58.000 UTC,3nhkTju4V14sXyZMGMZuwV1MBS9VfpCoozrM9bFtn6SHxXuxikdr9fQMC2B8RiSXf2QqnfV2NjVeA59w9eZXT8kd,3,Es9vMFrzaCERmJfrF4H2FYD4KCoNkY11McCe8BenwNYB,USDT,So11111111111111111111111111111111111111112,SOL,CxX1RcmT7qGFKDkXAGRgFzF6EJ9MgFKGGqoF8rRizwvQ,8wEzcmbTczEui1Y4JwiuaqvCycCoYGAUpHtVmYNAJ64r,0.150350037,31.043022722784997,30.763801,30.780567271545003
2025-10-10 19:08:56.000 UTC,3UijdocwTqR2CCqBuy8ZEM3XepGnKTRk9EPW8VzoUR7y1zATkPEoRUXUY3zQNoyXZbVSyBF5VDjwaxbCqZQpLDmU,3,2u1tszSeqZ3qBWF3uNGPFc8TzMk2tdiwknnRMWGWjGWH,USDG,So11111111111111111111111111111111111111112,SOL,CxX1RcmT7qGFKDkXAGRgFzF6EJ9MgFKGGqoF8rRizwvQ,86qvvWArhChtJ9H77MqtHMy3d13tzUkjPhiAv8tpHrtf,0.462762382,95.54732028217667,95.015943,95.05425026101949
2025-10-10 19:18:54.000 UTC,29QxW7SAXbGriqHYb1XYTcb8e6B72PTXwTVjCoeSRmer5awf4jtJ8kxE4gNqqTp3dFoqWxDgoVxgdCJ1FrWjPXsD,3,HzwqbKZw8HxMN6bF2yFZNrht3c2iXXzpKcFu7uBEDKtr,EURC,So11111111111111111111111111111111111111112,SOL,CxX1RcmT7qGFKDkXAGRgFzF6EJ9MgFKGGqoF8rRizwvQ,5BmVETKMwv139B8A833okt3GgeJHiQpSjZDMp6YwinNJ,0.212666102,43.90952452344333,37.466662,43.495672360166665
2025-10-10 21:26:54.000 UTC,3GJoLxhr2oon7fFjUK3cTifJ5whqSMgVSKFYfRCPQWxzvCD2XLLGJ5RFkJQcamqz2mqgE8Y9bVW9Wnx3pcvZbKSX,4,HzwqbKZw8HxMN6bF2yFZNrht3c2iXXzpKcFu7uBEDKtr,EURC,J1toso1uCk3RLmjorhTtrVwY9HJ7X8V9yYac6Y7kGCPn,JITOSOL,68Z9juTBhG3ybnbMYwTHP8z4jmEJndYtxzq3dLpQMz64,HvEwe2taoKai1S9rMoQ41FTswZBwkzewrM4j735rCrcG,6.601812426,1542.728032238745,1171.029017,1364.0933507029931
2025-10-10 21:21:53.000 UTC,2RuBhASmUVbyJuJoqHastY9Mokb5QzWXMfmNCrDMpGqMmgrkVcPnQGRf9C6y8tszb2DMXWDwFs9Mxy8dogvTCETL,4,EPjFWdd5AufqSSqeM2qN1xzybapC8G4wEGGkZwyTDt1v,USDC,J1toso1uCk3RLmjorhTtrVwY9HJ7X8V9yYac6Y7kGCPn,JITOSOL,68Z9juTBhG3ybnbMYwTHP8z4jmEJndYtxzq3dLpQMz64,Fc4sVsMvtU4UZenN8AvdaQ67k3eJcoiBFf7Cs3ZX6eDn,21.525308237,5030.087842092753,4516.866066,4551.1840851529505
2025-10-10 21:25:06.000 UTC,3ByCSTyKjjE4yLKnoXiuPhw6XBYrYhnVChpuaJWUoenuhKjUT6ou3NQpw84druZ7fJnUJGFiQ6cte1sTX6P7aR65,4,EPjFWdd5AufqSSqeM2qN1xzybapC8G4wEGGkZwyTDt1v,USDC,J1toso1uCk3RLmjorhTtrVwY9HJ7X8V9yYac6Y7kGCPn,JITOSOL,68Z9juTBhG3ybnbMYwTHP8z4jmEJndYtxzq3dLpQMz64,Fc4sVsMvtU4UZenN8AvdaQ67k3eJcoiBFf7Cs3ZX6eDn,3.818880487,892.4055394033775,787.51947,793.5028460531925
2025-10-10 21:04:05.000 UTC,4coaHGnjzzo45ZENPBPLM2pCnZXNTf1KzveXxrW7YjEnBhGAkPJowjyEdiZdxruAXPmXXv8JtTAgzSuwDiZzytwQ,4,USDSwr9ApdHk5bvJKMjzff41FfuX8bSxdKcR81vTwcA,USDS,27G8MtK7VtTcCHkpASjSDdkWWYfoqT6ggEuKidVJidD4,JLP,68Z9juTBhG3ybnbMYwTHP8z4jmEJndYtxzq3dLpQMz64,Ga45AjXSkZZ2oHXEFCBtVM64dfKRJB5rmxEGiMfAdGSj,0.668999,3.6209570875,3.589245,3.61144806957
2025-10-10 21:28:40.000 UTC,48mn6tfmScUvvyYSUexMhUUpeVDA7bt4XKbNNmChHQ9cmaEJWGA7DwBCoUWC78TCf4qoBG9tgZzLRweJAT8HmTPb,4,USDSwr9ApdHk5bvJKMjzff41FfuX8bSxdKcR81vTwcA,USDS,J1toso1uCk3RLmjorhTtrVwY9HJ7X8V9yYac6Y7kGCPn,JITOSOL,68Z9juTBhG3ybnbMYwTHP8z4jmEJndYtxzq3dLpQMz64,EyQAMD4VH3ZSa5YuCRT1nwdRDN94CoynpJuKabLCZhg1,0.000482208,0.11268357095999999,0.097093,0.097693617298
2025-10-10 19:11:39.000 UTC,49GnsmZpvdCsav4oZG9NqambKfDFc91CeCUH6Md3s3prbMQbnfrLwAu5nXznYAxGnXtoj4FKzLfMGmN9qRcyRiYR,3,Es9vMFrzaCERmJfrF4H2FYD4KCoNkY11McCe8BenwNYB,USDT,So11111111111111111111111111111111111111112,SOL,CxX1RcmT7qGFKDkXAGRgFzF6EJ9MgFKGGqoF8rRizwvQ,8wEzcmbTczEui1Y4JwiuaqvCycCoYGAUpHtVmYNAJ64r,0.066128261,13.653612262438331,13.552759,13.560145253655
2025-10-10 19:21:47.000 UTC,igzuNDoTX7rkaFVndod6D5BtWg1KFctNyQETWuuHpoDYqeWKwMLhbgHHCu74SdCGQpUro9PBpnc75ZCQEk7YWPW,3,Es9vMFrzaCERmJfrF4H2FYD4KCoNkY11McCe8BenwNYB,USDT,So11111111111111111111111111111111111111112,SOL,CxX1RcmT7qGFKDkXAGRgFzF6EJ9MgFKGGqoF8rRizwvQ,8wEzcmbTczEui1Y4JwiuaqvCycCoYGAUpHtVmYNAJ64r,0.08883547,18.342007550016667,18.109308,18.11917757286
2025-10-10 19:30:22.000 UTC,Bw1ptYLECx8jfffTvTTPcU1jumYKju5dmGqp8Wr64QHQNPZEmLozEmzisAxBBQKXzGGk4VjWLnih3tocouE72f4,4,Es9vMFrzaCERmJfrF4H2FYD4KCoNkY11McCe8BenwNYB,USDT,So11111111111111111111111111111111111111112,SOL,3ue9E1xfztuuNtpezARKBRiZxNHSKfjaTjwNcKShSJsz,8wEzcmbTczEui1Y4JwiuaqvCycCoYGAUpHtVmYNAJ64r,0.415287451,85.74509215372166,83.748671,83.794314025695
2025-10-10 19:12:02.000 UTC,NftKgyhjYHy9bEDz6ABs4xjBwfCdMBYEnDsHnCm57iBQk1EEgWVRdydYwFwBxWtMheeUK6ey2xKjKHF8QkcCDrw,3,2u1tszSeqZ3qBWF3uNGPFc8TzMk2tdiwknnRMWGWjGWH,USDG,So11111111111111111111111111111111111111112,SOL,CxX1RcmT7qGFKDkXAGRgFzF6EJ9MgFKGGqoF8rRizwvQ,86qvvWArhChtJ9H77MqtHMy3d13tzUkjPhiAv8tpHrtf,0.000124518,0.02570943899,0.025478,0.025488271880333334
2025-10-10 21:25:06.000 UTC,5xMQBUTLRNmtdLkbShSwvYNajB69jhvW5nmQEd5vGGWVJfHmFKdhQ8LdV84U1BUouo8RCLZF8CPDTVD4PzkdtDP8,4,HzwqbKZw8HxMN6bF2yFZNrht3c2iXXzpKcFu7uBEDKtr,EURC,J1toso1uCk3RLmjorhTtrVwY9HJ7X8V9yYac6Y7kGCPn,JITOSOL,68Z9juTBhG3ybnbMYwTHP8z4jmEJndYtxzq3dLpQMz64,HvEwe2taoKai1S9rMoQ41FTswZBwkzewrM4j735rCrcG,6.604743036,1543.4128645100702,1174.700769,1368.3704543579152
2025-10-10 21:29:21.000 UTC,2eTKgaxti1R6qu1JthmZQznaTuaYdV6PB9H9TRBxtfPP4fAMNPFVKC58r6QZNuvyu7QGoEJH8DUc75D9Xaaxjzve,4,HzwqbKZw8HxMN6bF2yFZNrht3c2iXXzpKcFu7uBEDKtr,EURC,J1toso1uCk3RLmjorhTtrVwY9HJ7X8V9yYac6Y7kGCPn,JITOSOL,68Z9juTBhG3ybnbMYwTHP8z4jmEJndYtxzq3dLpQMz64,HvEwe2taoKai1S9rMoQ41FTswZBwkzewrM4j735rCrcG,38.598829588,9019.87099519781,6758.732312,7873.025921765581
2025-10-10 21:00:47.000 UTC,5DgbFisagdDWvx167qMngncSnEqNFCSTubsrW1UkKZinNKgvoS2TbTiMHkyMezNvuxGkVCCD6gSHR8v5dZhQ1HBR,4,EPjFWdd5AufqSSqeM2qN1xzybapC8G4wEGGkZwyTDt1v,USDC,J1toso1uCk3RLmjorhTtrVwY9HJ7X8V9yYac6Y7kGCPn,JITOSOL,68Z9juTBhG3ybnbMYwTHP8z4jmEJndYtxzq3dLpQMz64,Fc4sVsMvtU4UZenN8AvdaQ67k3eJcoiBFf7Cs3ZX6eDn,9.196429116,2149.04454689967,2132.198985,2148.398899838284
2025-10-10 21:01:43.000 UTC,45Q9zfDmdJhq5d2zLaQyh2UqN63bKHeUY88iiWXVEeVXt12ezqgGzpRbvBr7BcsFa7BfWD8oNBQHbqai89t8Yqop,4,USDSwr9ApdHk5bvJKMjzff41FfuX8bSxdKcR81vTwcA,USDS,27G8MtK7VtTcCHkpASjSDdkWWYfoqT6ggEuKidVJidD4,JLP,3ue9E1xfztuuNtpezARKBRiZxNHSKfjaTjwNcKShSJsz,Ga45AjXSkZZ2oHXEFCBtVM64dfKRJB5rmxEGiMfAdGSj,2.855264,15.454116399999998,15.336939,15.431813304654
2025-10-10 21:55:59.000 UTC,3dyvVSrt4MBWVVbQzDgGnW8L89jNWCxy5ZetCpViYzewj3xjqkqbwmZ44Kdm2DnxHHhKbsQx7VVvB1DQtxhkPYdb,4,USDSwr9ApdHk5bvJKMjzff41FfuX8bSxdKcR81vTwcA,USDS,27G8MtK7VtTcCHkpASjSDdkWWYfoqT6ggEuKidVJidD4,JLP,3ue9E1xfztuuNtpezARKBRiZxNHSKfjaTjwNcKShSJsz,Ga45AjXSkZZ2oHXEFCBtVM64dfKRJB5rmxEGiMfAdGSj,1274.362786,6897.488579224999,6733.89847,6775.55436593542
2025-10-10 19:12:09.000 UTC,4aaxNtBA6352Kn1QGPDXBDZagiReGBe1rPrzzSv4kQZAt9TCnqez2TqajNxv4pJer3p3hVKp9xLwvUSDDFXDStJV,3,EPjFWdd5AufqSSqeM2qN1xzybapC8G4wEGGkZwyTDt1v,USDC,So11111111111111111111111111111111111111112,SOL,CxX1RcmT7qGFKDkXAGRgFzF6EJ9MgFKGGqoF8rRizwvQ,8W2SoErPPcYvbBvfSBHZECTXsFu8ZSLSYfQkaTatxKVv,0.000239145,0.049376666725,0.048932,0.048948722511000006
2025-10-10 19:21:59.000 UTC,Nwae9jVtTPEL3GQzQaA2qPGms4yTjfwdSvKYhFTpxG3VKa99SPxWw1aeRMQFon4wB5pWVZC5BdBAbUnun1zMVEr,3,EPjFWdd5AufqSSqeM2qN1xzybapC8G4wEGGkZwyTDt1v,USDC,So11111111111111111111111111111111111111112,SOL,ariZPxRj8PmzUR5mB3FVopbPUmYmCiTCLdvjW8tTQQ9,8W2SoErPPcYvbBvfSBHZECTXsFu8ZSLSYfQkaTatxKVv,0.004908892,1.0135471127266666,0.999999,1.00034074965825
2025-10-10 19:21:59.000 UTC,5YnL7xTFJ4jGAx4WxgSF7iTN6ZP1ayznd73343BQ994jdcYSEfAT6n7YhfHXa2pMKz6gPEFmatNaR8Q1pw6rkvpC,3,EPjFWdd5AufqSSqeM2qN1xzybapC8G4wEGGkZwyTDt1v,USDC,So11111111111111111111111111111111111111112,SOL,ariZPxRj8PmzUR5mB3FVopbPUmYmCiTCLdvjW8tTQQ9,8W2SoErPPcYvbBvfSBHZECTXsFu8ZSLSYfQkaTatxKVv,0.004908892,1.0135471127266666,0.999999,1.00034074965825
2025-10-10 19:33:26.000 UTC,4VBEP3mTNm21pqGPpRKfUBWeqbv4yxjv4eFyin3sxcm2Aj5rwF5tx2JkmDZNyKvB3maqeRaynYWHVuU6SWSkDdEV,3,EPjFWdd5AufqSSqeM2qN1xzybapC8G4wEGGkZwyTDt1v,USDC,So11111111111111111111111111111111111111112,SOL,CxX1RcmT7qGFKDkXAGRgFzF6EJ9MgFKGGqoF8rRizwvQ,8W2SoErPPcYvbBvfSBHZECTXsFu8ZSLSYfQkaTatxKVv,6.887475475,1422.0685404490416,1394.157364,1394.633817279147
2025-10-10 21:01:26.000 UTC,2eHCFykYmPub5LTYncoFQUcCgESakCccnYinjPhwY2msrcGL9DV1CwftLbSBKP8E8uPsf9yN7VAFPPjy6p3SQNiY,3,EPjFWdd5AufqSSqeM2qN1xzybapC8G4wEGGkZwyTDt1v,USDC,J1toso1uCk3RLmjorhTtrVwY9HJ7X8V9yYac6Y7kGCPn,JITOSOL,NtGjjRApkTWG8MQbpiTuP1gbLpjEBQJAxvn4ftmDsVw,Fc4sVsMvtU4UZenN8AvdaQ67k3eJcoiBFf7Cs3ZX6eDn,2.504949283,585.3628108246476,577.685118,582.0742251052844
2025-10-10 21:21:20.000 UTC,s9APYDK8MMmdRj21rPCehavbz1gcFtqnkvNHMVESvwADu98v25DdqEj1e67qBEFqPk9nuf8jb4yuGFGYk2TLzVu,4,EPjFWdd5AufqSSqeM2qN1xzybapC8G4wEGGkZwyTDt1v,USDC,J1toso1uCk3RLmjorhTtrVwY9HJ7X8V9yYac6Y7kGCPn,JITOSOL,68Z9juTBhG3ybnbMYwTHP8z4jmEJndYtxzq3dLpQMz64,Fc4sVsMvtU4UZenN8AvdaQ67k3eJcoiBFf7Cs3ZX6eDn,8.723036155,2038.4208962907878,1844.351434,1858.3643551076734
2025-10-10 20:56:32.000 UTC,4G7MLTZavqULHkT5WWMf6zARWy5DyMFf6o26fdFuindqxDGFxNYgdY4pkXnRTWscbQTpFE32gQ5oe91xRp4q7mnR,4,Es9vMFrzaCERmJfrF4H2FYD4KCoNkY11McCe8BenwNYB,USDT,So11111111111111111111111111111111111111112,SOL,68Z9juTBhG3ybnbMYwTHP8z4jmEJndYtxzq3dLpQMz64,8wEzcmbTczEui1Y4JwiuaqvCycCoYGAUpHtVmYNAJ64r,0.000673979,0.13930078796583334,0.132772,0.13284589868233335
2025-10-10 22:07:04.000 UTC,MHVUWiba4NC2cfy98TymdTDM8zKSYdaxtQBjnXZ8x27yXPTTzVeYq27hEBoE4b78m5oAURRpPg9HmB9n7XspBG6,4,HzwqbKZw8HxMN6bF2yFZNrht3c2iXXzpKcFu7uBEDKtr,EURC,So11111111111111111111111111111111111111112,SOL,3ue9E1xfztuuNtpezARKBRiZxNHSKfjaTjwNcKShSJsz,5BmVETKMwv139B8A833okt3GgeJHiQpSjZDMp6YwinNJ,22.991404457,4386.280982802747,3760.032229,4352.273025373675
2025-10-10 20:54:58.000 UTC,35T8TQUPUSZwrRJTPNNraaeJnVNCxjkhCDXkxgVHF5qeNMxpev1yHvUMtjtkbnaPdQNJ3m2JjrE622jXphypVvST,4,Es9vMFrzaCERmJfrF4H2FYD4KCoNkY11McCe8BenwNYB,USDT,So11111111111111111111111111111111111111112,SOL,68Z9juTBhG3ybnbMYwTHP8z4jmEJndYtxzq3dLpQMz64,8wEzcmbTczEui1Y4JwiuaqvCycCoYGAUpHtVmYNAJ64r,0.149839924,30.96953982533667,30.158724,30.175509843133003
2025-10-10 20:56:33.000 UTC,3ZLdPeeJBbYB43sW8KHs2kUk3qawZx7nnN296yYyG2Db6iMVwyjptoUYgjk2mJwh3xce8P68uPrkssjgPQt1igsx,4,Es9vMFrzaCERmJfrF4H2FYD4KCoNkY11McCe8BenwNYB,USDT,So11111111111111111111111111111111111111112,SOL,68Z9juTBhG3ybnbMYwTHP8z4jmEJndYtxzq3dLpQMz64,8wEzcmbTczEui1Y4JwiuaqvCycCoYGAUpHtVmYNAJ64r,0.283790283,58.6549581499525,55.906194,55.937310455810504
2025-10-10 20:56:23.000 UTC,41U66hb7FdvRsCKmohyjtsnsGctmghoFao4XdeTAta29iK4NvneidpY7ksw95psyeifjBj2abhKXq8jxdn2zHoja,4,2u1tszSeqZ3qBWF3uNGPFc8TzMk2tdiwknnRMWGWjGWH,USDG,J1toso1uCk3RLmjorhTtrVwY9HJ7X8V9yYac6Y7kGCPn,JITOSOL,68Z9juTBhG3ybnbMYwTHP8z4jmEJndYtxzq3dLpQMz64,J8UDDPMj9Fp1RYZEiKX7qa72BraGZNf7SNz2tVGZVVBK,0.214082723,54.658708825014166,50.513435,50.536704855723336
2025-10-10 22:19:07.000 UTC,5Ni4GHhEtunAhhj2jrZPrVtw9JadGbhNkvhaYMrLSVUofvDNt9tf4aQiSRcy6DCfypNCWvb6QJGMwi4kKosWQeCu,5,2u1tszSeqZ3qBWF3uNGPFc8TzMk2tdiwknnRMWGWjGWH,USDG,So11111111111111111111111111111111111111112,SOL,68Z9juTBhG3ybnbMYwTHP8z4jmEJndYtxzq3dLpQMz64,86qvvWArhChtJ9H77MqtHMy3d13tzUkjPhiAv8tpHrtf,3.600670724,686.9329601657834,667.373663,666.8897614798531
2025-10-10 20:57:36.000 UTC,vDzKW1YZTmN7xaqhYCNgurjb2UuwEtGwpYTNZNycEYPb9TEBTgwF5ytUgZx6qaLsquCqhbD5KtRK4MDpYoyc8zm,3,EPjFWdd5AufqSSqeM2qN1xzybapC8G4wEGGkZwyTDt1v,USDC,So11111111111111111111111111111111111111112,SOL,ariZPxRj8PmzUR5mB3FVopbPUmYmCiTCLdvjW8tTQQ9,8W2SoErPPcYvbBvfSBHZECTXsFu8ZSLSYfQkaTatxKVv,0.501539377,103.66024818576416,99.999999,100.03207399967926
2025-10-10 20:59:04.000 UTC,3jPoJieB4VmAqVkdCqwHKsBfgQqStcK6gXd37QDieS2ZP2t15UVv4twtjr37oZZjwLsHyQP4XLbDDmVFfeXeAFZX,3,EPjFWdd5AufqSSqeM2qN1xzybapC8G4wEGGkZwyTDt1v,USDC,J1toso1uCk3RLmjorhTtrVwY9HJ7X8V9yYac6Y7kGCPn,JITOSOL,NtGjjRApkTWG8MQbpiTuP1gbLpjEBQJAxvn4ftmDsVw,Fc4sVsMvtU4UZenN8AvdaQ67k3eJcoiBFf7Cs3ZX6eDn,1.431037857,365.3666229915025,337.267156,337.375334440287
2025-10-10 22:04:29.000 UTC,4QU7Wo9AqnqyptUr9cT7TK7RT6nufXMxr22kdfVPE1xb5MMTevFEZFwZGzPxr3EttHx6zL3Zvw1y8Qqbmuj24xRP,4,EPjFWdd5AufqSSqeM2qN1xzybapC8G4wEGGkZwyTDt1v,USDC,So11111111111111111111111111111111111111112,SOL,3ue9E1xfztuuNtpezARKBRiZxNHSKfjaTjwNcKShSJsz,8W2SoErPPcYvbBvfSBHZECTXsFu8ZSLSYfQkaTatxKVv,108.563328226,20711.62128951609,20653.334098,20676.030391062526
2025-10-10 22:08:06.000 UTC,2PX7ZNPqwL2DhrGvvEgQCT7SrsxLb2HFAyYk2M9TkudiDbbAEQGVyzTJJghW832ZZiGYjBhSoF3abhuDRmpKHH4K,3,EPjFWdd5AufqSSqeM2qN1xzybapC8G4wEGGkZwyTDt1v,USDC,So11111111111111111111111111111111111111112,SOL,ariZPxRj8PmzUR5mB3FVopbPUmYmCiTCLdvjW8tTQQ9,8W2SoErPPcYvbBvfSBHZECTXsFu8ZSLSYfQkaTatxKVv,0.532450869,101.58053307876251,99.999999,100.10989066556775
2025-10-10 22:25:58.000 UTC,5CdQT2oDeYcEhCA3csAR7PCV89xqMeEq96uJD8Jz21yeYdyAFmSfZB3waQpdu4DzSSKsgkaahzKc6DCcWepHkpxY,5,EPjFWdd5AufqSSqeM2qN1xzybapC8G4wEGGkZwyTDt1v,USDC,So11111111111111111111111111111111111111112,SOL,68Z9juTBhG3ybnbMYwTHP8z4jmEJndYtxzq3dLpQMz64,8W2SoErPPcYvbBvfSBHZECTXsFu8ZSLSYfQkaTatxKVv,48.42637548,9238.7435587615,8933.418331,8943.235413294242
2025-10-10 20:56:24.000 UTC,44kEFRAWUyqhsvMfdPze1coo3xVUepgvy4yehXeiPtgfAKyUC56MCWxYPZ7iyZGFf71EA8iuEFK18t13rpphzjhD,4,Es9vMFrzaCERmJfrF4H2FYD4KCoNkY11McCe8BenwNYB,USDT,So11111111111111111111111111111111111111112,SOL,68Z9juTBhG3ybnbMYwTHP8z4jmEJndYtxzq3dLpQMz64,8wEzcmbTczEui1Y4JwiuaqvCycCoYGAUpHtVmYNAJ64r,0.286849954,59.28734370086167,56.911787,56.94346315211442
2025-10-10 20:55:13.000 UTC,zhXkyciQsrKoscYRmUkrdhqGcYMqecPrCaiEmjx2ELELhBKWcTovawBMpzS6Ume4TQBxpWvUXfD6Lp5HWiLEiYg,3,EPjFWdd5AufqSSqeM2qN1xzybapC8G4wEGGkZwyTDt1v,USDC,So11111111111111111111111111111111111111112,SOL,ariZPxRj8PmzUR5mB3FVopbPUmYmCiTCLdvjW8tTQQ9,8W2SoErPPcYvbBvfSBHZECTXsFu8ZSLSYfQkaTatxKVv,0.496837732,102.68849260697667,99.999999,100.03207399967926
2025-10-10 20:54:10.000 UTC,3fKZQa8tXFiwFsBuoCjwJB1y8qxMsNQXNpj5N6faoDDjAaA9nQYa4fU6sLJtCRVvGcKR2AdDhmj9rSdFJnEay7oN,4,2u1tszSeqZ3qBWF3uNGPFc8TzMk2tdiwknnRMWGWjGWH,USDG,J1toso1uCk3RLmjorhTtrVwY9HJ7X8V9yYac6Y7kGCPn,JITOSOL,68Z9juTBhG3ybnbMYwTHP8z4jmEJndYtxzq3dLpQMz64,J8UDDPMj9Fp1RYZEiKX7qa72BraGZNf7SNz2tVGZVVBK,0.215764821,55.0881750776325,51.713374,51.737196627622666
2025-10-10 22:02:34.000 UTC,3poWwKKiBKTKMJZvj3kWvoWVCNYXokR1rveFocNhVMLSZtnwY43RDbpFnUDVSYJWmUWxhsEmWsm8eiMNGPBwLLSW,4,HzwqbKZw8HxMN6bF2yFZNrht3c2iXXzpKcFu7uBEDKtr,EURC,So11111111111111111111111111111111111111112,SOL,3ue9E1xfztuuNtpezARKBRiZxNHSKfjaTjwNcKShSJsz,5BmVETKMwv139B8A833okt3GgeJHiQpSjZDMp6YwinNJ,10.585079747,2019.4126932328709,1756.251396,2032.8776752582621
2025-10-10 22:24:37.000 UTC,4AbD5ajjaDUCDMDBtTt9ji91FLnSiUQMLqfRAKEcWiNhsM5a1TxQBaaTWXPhRvxtToieQCx4LEhidGjrYbUwK7ve,5,HzwqbKZw8HxMN6bF2yFZNrht3c2iXXzpKcFu7uBEDKtr,EURC,So11111111111111111111111111111111111111112,SOL,68Z9juTBhG3ybnbMYwTHP8z4jmEJndYtxzq3dLpQMz64,5BmVETKMwv139B8A833okt3GgeJHiQpSjZDMp6YwinNJ,0.001847718,0.352506100275,0.299635,0.3468303590325
2025-10-10 22:08:21.000 UTC,5hscDGGFfDKHcDTcrPaVmVPat8AAxQC9W4zbsSqCkKyY7q6mV77EyGRsVV99DMQHJxzLANsE9FxNADwDDp35tr9N,5,EPjFWdd5AufqSSqeM2qN1xzybapC8G4wEGGkZwyTDt1v,USDC,So11111111111111111111111111111111111111112,SOL,68Z9juTBhG3ybnbMYwTHP8z4jmEJndYtxzq3dLpQMz64,8W2SoErPPcYvbBvfSBHZECTXsFu8ZSLSYfQkaTatxKVv,84.3928456,16100.396756196667,15899.840007,15917.312606181025
2025-10-10 22:25:56.000 UTC,byadoYi6NoMUDcNHxXCTkTaxiGB9us9afR9GuCqPfcmQ9fk8m8qozzhcaThnbcH5CELUC8RshMMoMA1HoZi5pWp,5,2u1tszSeqZ3qBWF3uNGPFc8TzMk2tdiwknnRMWGWjGWH,USDG,So11111111111111111111111111111111111111112,SOL,68Z9juTBhG3ybnbMYwTHP8z4jmEJndYtxzq3dLpQMz64,86qvvWArhChtJ9H77MqtHMy3d13tzUkjPhiAv8tpHrtf,0.856856216,163.47031484163332,158.06789,157.95327760742583
2025-10-10 20:56:11.000 UTC,3caLiSunegboF1qH8icfNq2752XcvccoQHAN4MnuYUA91wrWAvZ92UQroqG9HVnw94BubdGQ4FXVTuoESeurLqm4,4,HzwqbKZw8HxMN6bF2yFZNrht3c2iXXzpKcFu7uBEDKtr,EURC,So11111111111111111111111111111111111111112,SOL,68Z9juTBhG3ybnbMYwTHP8z4jmEJndYtxzq3dLpQMz64,5BmVETKMwv139B8A833okt3GgeJHiQpSjZDMp6YwinNJ,0.746561886,154.302521273005,128.93922,149.63710233102
2025-10-10 20:54:10.000 UTC,4z8cqWXAZEAMXwjGGev48YGRCF9YABS9KNnE13qP4nTEm1YtP5GScdgDA1A1KrUBniZbK6AYtS79q494nGsCPPZA,4,HzwqbKZw8HxMN6bF2yFZNrht3c2iXXzpKcFu7uBEDKtr,EURC,So11111111111111111111111111111111111111112,SOL,68Z9juTBhG3ybnbMYwTHP8z4jmEJndYtxzq3dLpQMz64,5BmVETKMwv139B8A833okt3GgeJHiQpSjZDMp6YwinNJ,0.507833834,104.96121278542834,88.203112,102.36185775172534
2025-10-10 20:56:32.000 UTC,2amSkx4ydV4gdg8jsW1F8i4vDkS1TyjGzbXUBoNSaxCaKJWj63iXYpDrXS7Pvf3VCUiAL8M8ktyQTDVuhZVAdEoX,4,Es9vMFrzaCERmJfrF4H2FYD4KCoNkY11McCe8BenwNYB,USDT,So11111111111111111111111111111111111111112,SOL,68Z9juTBhG3ybnbMYwTHP8z4jmEJndYtxzq3dLpQMz64,8wEzcmbTczEui1Y4JwiuaqvCycCoYGAUpHtVmYNAJ64r,0.000673979,0.13930078796583334,0.132772,0.13284589868233335
2025-10-10 20:56:32.000 UTC,3c8owGGzULThznUe2Dony5KWqHgCrb4mmrDh4aLhH1RvtbsBkvjhaYX3j52n2d6pL8XyqCMdbgopRY94dqiMAXxQ,4,Es9vMFrzaCERmJfrF4H2FYD4KCoNkY11McCe8BenwNYB,USDT,So11111111111111111111111111111111111111112,SOL,68Z9juTBhG3ybnbMYwTHP8z4jmEJndYtxzq3dLpQMz64,8wEzcmbTczEui1Y4JwiuaqvCycCoYGAUpHtVmYNAJ64r,0.000673979,0.13930078796583334,0.132772,0.13284589868233335
2025-10-10 22:06:54.000 UTC,3P1zbhi6KuTDKTrN6XUjFuLBQQX5YhoZ6Ss4pvwbzRpuhtDCLD8x6XAAQC6a1vUE74RBepBeKvjXeKVnYQhNKEX3,5,EPjFWdd5AufqSSqeM2qN1xzybapC8G4wEGGkZwyTDt1v,USDC,So11111111111111111111111111111111111111112,SOL,68Z9juTBhG3ybnbMYwTHP8z4jmEJndYtxzq3dLpQMz64,8W2SoErPPcYvbBvfSBHZECTXsFu8ZSLSYfQkaTatxKVv,41.860767802,7986.162397292392,7903.755376,7912.440944511943
2025-10-10 22:18:50.000 UTC,2vn2p6gTCYXQroBbFcCRRdEFW4AxG2gKc4jbGhD3PFHobGSN4HxPmhGvLTHcvS1i3t1u9awcxP47e5Zjs67LXqsH,5,EPjFWdd5AufqSSqeM2qN1xzybapC8G4wEGGkZwyTDt1v,USDC,So11111111111111111111111111111111111111112,SOL,68Z9juTBhG3ybnbMYwTHP8z4jmEJndYtxzq3dLpQMz64,8W2SoErPPcYvbBvfSBHZECTXsFu8ZSLSYfQkaTatxKVv,47.571701238,9075.689519101275,8817.274053,8826.963502411409
2025-10-10 20:56:32.000 UTC,3ZUAdeUDCh41DKFEgxuZ3vXmGWXU1hehjN1gC1Ug48Q9VmVFGsJZWyZwf5AUbBn6gm44XHYhVTRdndDdpbscGQJg,4,Es9vMFrzaCERmJfrF4H2FYD4KCoNkY11McCe8BenwNYB,USDT,So11111111111111111111111111111111111111112,SOL,68Z9juTBhG3ybnbMYwTHP8z4jmEJndYtxzq3dLpQMz64,8wEzcmbTczEui1Y4JwiuaqvCycCoYGAUpHtVmYNAJ64r,0.000673979,0.13930078796583334,0.132772,0.13284589868233335
2025-10-10 20:54:45.000 UTC,55Pcya44apZooX6rScx1cxp4qZpsPSgBWPPfqUnMvZbCafNYLNCfWLoxMvFsGmvk7C912ertzmYUtdYAhyC5V2Qm,4,EPjFWdd5AufqSSqeM2qN1xzybapC8G4wEGGkZwyTDt1v,USDC,J1toso1uCk3RLmjorhTtrVwY9HJ7X8V9yYac6Y7kGCPn,JITOSOL,68Z9juTBhG3ybnbMYwTHP8z4jmEJndYtxzq3dLpQMz64,Fc4sVsMvtU4UZenN8AvdaQ67k3eJcoiBFf7Cs3ZX6eDn,5.529533684,1411.7775004751966,1323.849914,1324.2745388599153
2025-10-10 20:59:07.000 UTC,2iYRruEPT929a8Uh47B65FLbHFRehBYijsU2JTGM12E7uFBHgkKqDz9z4UUQ7fV2GxkKYj4xAmbDYv5fTrDjgx4g,3,EPjFWdd5AufqSSqeM2qN1xzybapC8G4wEGGkZwyTDt1v,USDC,So11111111111111111111111111111111111111112,SOL,ariZPxRj8PmzUR5mB3FVopbPUmYmCiTCLdvjW8tTQQ9,8W2SoErPPcYvbBvfSBHZECTXsFu8ZSLSYfQkaTatxKVv,0.506231839,104.63010578384917,99.999999,100.03207399967926
2025-10-10 22:25:44.000 UTC,4gJ61aRWP4sC2cpYV724hzjaMXqyiokgA3uSg7iSS2hHkM3EMr6VZs4JNzDR9NLr2rcDR5g5ESJE9wFUuMNsjC8T,5,EPjFWdd5AufqSSqeM2qN1xzybapC8G4wEGGkZwyTDt1v,USDC,So11111111111111111111111111111111111111112,SOL,68Z9juTBhG3ybnbMYwTHP8z4jmEJndYtxzq3dLpQMz64,8W2SoErPPcYvbBvfSBHZECTXsFu8ZSLSYfQkaTatxKVv,97.971034258,18690.83227321269,18098.232871,18118.121320739156
2025-10-10 22:05:02.000 UTC,2h92uMjUavEwRMXenKRuGUrHY9oZx1zXXa3Y2vnM5sgdtyfBk4SnfhdiHPRrwwjC7RdaGtfRdE6Yq8pjDgpDxfFJ,5,EPjFWdd5AufqSSqeM2qN1xzybapC8G4wEGGkZwyTDt1v,USDC,So11111111111111111111111111111111111111112,SOL,68Z9juTBhG3ybnbMYwTHP8z4jmEJndYtxzq3dLpQMz64,8W2SoErPPcYvbBvfSBHZECTXsFu8ZSLSYfQkaTatxKVv,37.910720747,7232.575711845371,7204.528082,7212.4452579847775
2025-10-10 22:08:00.000 UTC,3gRgHhmzcMb5tz32Rs9NEvfY5UL7JMvAqowRsua6Vad2TgCacN5fuiHbzmFz4qjLMrDf9hUj37DsJntSNzm4r2SZ,3,EPjFWdd5AufqSSqeM2qN1xzybapC8G4wEGGkZwyTDt1v,USDC,So11111111111111111111111111111111111111112,SOL,ariZPxRj8PmzUR5mB3FVopbPUmYmCiTCLdvjW8tTQQ9,8W2SoErPPcYvbBvfSBHZECTXsFu8ZSLSYfQkaTatxKVv,0.532450868,101.58053288798332,99.999999,100.10989066556775
2025-10-10 22:18:49.000 UTC,3ib5gqKVhdqNCYL5CxHeEqWxbycJnnszWs1XWdg3RRNMxwWTizNd3LksDZVT5FgTYLehytEdwDPpzv6bs3i5VGmp,5,EPjFWdd5AufqSSqeM2qN1xzybapC8G4wEGGkZwyTDt1v,USDC,So11111111111111111111111111111111111111112,SOL,68Z9juTBhG3ybnbMYwTHP8z4jmEJndYtxzq3dLpQMz64,8W2SoErPPcYvbBvfSBHZECTXsFu8ZSLSYfQkaTatxKVv,334.631375335,63840.69492693185,62085.801331,62154.02845284599
2025-10-10 22:28:31.000 UTC,2xgRRbzJQpo2jToDxqDCFU33wZs2a7tbD83NaQfCDUhDXRcyrk4VNzmaUaZDm7AjaeKw5rVr63PoWmLsXWy4JVgd,4,EPjFWdd5AufqSSqeM2qN1xzybapC8G4wEGGkZwyTDt1v,USDC,So11111111111111111111111111111111111111112,SOL,3ue9E1xfztuuNtpezARKBRiZxNHSKfjaTjwNcKShSJsz,8W2SoErPPcYvbBvfSBHZECTXsFu8ZSLSYfQkaTatxKVv,147.662669829,28170.961097751766,27101.278661,27131.06070780855
2025-10-10 20:56:32.000 UTC,54RaYxj8BPAerpFGBvjWXs1Dzg7eHpZKmWXswdjZStkakqNxwbm66iD3VD8whxa5BBU4oDt8M3AiKgFnQgNa2Uae,4,Es9vMFrzaCERmJfrF4H2FYD4KCoNkY11McCe8BenwNYB,USDT,So11111111111111111111111111111111111111112,SOL,68Z9juTBhG3ybnbMYwTHP8z4jmEJndYtxzq3dLpQMz64,8wEzcmbTczEui1Y4JwiuaqvCycCoYGAUpHtVmYNAJ64r,0.000673979,0.13930078796583334,0.132772,0.13284589868233335
2025-10-10 22:26:38.000 UTC,3oTe1983MGhGKG1476Jdk23Nptk4td7HZFmc4jFFen4n9RQGFV2gJ27DrmBtLRjSsUUqS6q1GP1VYxpvW2JM1Rgn,5,HzwqbKZw8HxMN6bF2yFZNrht3c2iXXzpKcFu7uBEDKtr,EURC,So11111111111111111111111111111111111111112,SOL,68Z9juTBhG3ybnbMYwTHP8z4jmEJndYtxzq3dLpQMz64,5BmVETKMwv139B8A833okt3GgeJHiQpSjZDMp6YwinNJ,0.070929852,13.53193805635,11.358822,13.147944373809
2025-10-10 20:56:33.000 UTC,zg3YW3qDf5iGz394c4jwHVaRokLHf6jUUppgTXhYuJRaXhhxEay3HQHngvDjBd8xJifzq1gbjSTwrbpV4MD4FGn,4,Es9vMFrzaCERmJfrF4H2FYD4KCoNkY11McCe8BenwNYB,USDT,So11111111111111111111111111111111111111112,SOL,68Z9juTBhG3ybnbMYwTHP8z4jmEJndYtxzq3dLpQMz64,8wEzcmbTczEui1Y4JwiuaqvCycCoYGAUpHtVmYNAJ64r,0.283790283,58.6549581499525,55.906194,55.937310455810504
2025-10-10 20:56:32.000 UTC,4sattV2qwMbYZoKocqJLsSRArefLXcrgQ8ttXEaQ3JoZDXJFp3pnqyZJaoYAQhP83kQwVk2h7Wct4F4aFkFrsHeA,4,Es9vMFrzaCERmJfrF4H2FYD4KCoNkY11McCe8BenwNYB,USDT,So11111111111111111111111111111111111111112,SOL,68Z9juTBhG3ybnbMYwTHP8z4jmEJndYtxzq3dLpQMz64,8wEzcmbTczEui1Y4JwiuaqvCycCoYGAUpHtVmYNAJ64r,0.000673979,0.13930078796583334,0.132772,0.13284589868233335
2025-10-10 20:56:32.000 UTC,5avRLhCZC3Tr8NZGivuTSJLaWECjhcFRq2kkkr4G2bZQWZrgxU5ugnyXV7D7AEyaLYAigRXkSJV89R3VXMQCNHeM,4,Es9vMFrzaCERmJfrF4H2FYD4KCoNkY11McCe8BenwNYB,USDT,So11111111111111111111111111111111111111112,SOL,68Z9juTBhG3ybnbMYwTHP8z4jmEJndYtxzq3dLpQMz64,8wEzcmbTczEui1Y4JwiuaqvCycCoYGAUpHtVmYNAJ64r,0.000673979,0.13930078796583334,0.132772,0.13284589868233335
2025-10-10 20:56:19.000 UTC,5HhniQoTzxe1FXGtDZL1RAFzLKaoUsSAJkZfQ7wnXLjtdQzVdwuh83fibtaEACvuthmepkQq75kccvWQLQxStFgQ,4,Es9vMFrzaCERmJfrF4H2FYD4KCoNkY11McCe8BenwNYB,USDT,So11111111111111111111111111111111111111112,SOL,68Z9juTBhG3ybnbMYwTHP8z4jmEJndYtxzq3dLpQMz64,8wEzcmbTczEui1Y4JwiuaqvCycCoYGAUpHtVmYNAJ64r,0.301674926,62.351430684538336,60.081269,60.114709232970924
2025-10-10 20:56:20.000 UTC,3kJ7WArJxPhaPYw7oQEfb1refW997A7oGEsEP8tgzcv6RaBLeeXizNvcGPPiRTLSzJf5UyXa9i8j3FN2BXMJEAMj,4,Es9vMFrzaCERmJfrF4H2FYD4KCoNkY11McCe8BenwNYB,USDT,So11111111111111111111111111111111111111112,SOL,68Z9juTBhG3ybnbMYwTHP8z4jmEJndYtxzq3dLpQMz64,8wEzcmbTczEui1Y4JwiuaqvCycCoYGAUpHtVmYNAJ64r,0.142503373,29.453190895694163,28.3492,28.364978692233336
2025-10-10 20:54:45.000 UTC,ay3Bpeud5gBin653wJ1hPayEH3on9cnxZEudiaFWsC3FkHuok2rTChmViMcdxKtEeBrjq1PtVq3h8fLrgprcsJ2,4,2u1tszSeqZ3qBWF3uNGPFc8TzMk2tdiwknnRMWGWjGWH,USDG,So11111111111111111111111111111111111111112,SOL,68Z9juTBhG3ybnbMYwTHP8z4jmEJndYtxzq3dLpQMz64,86qvvWArhChtJ9H77MqtHMy3d13tzUkjPhiAv8tpHrtf,0.500858145,103.51944831753751,100.829389,100.87583773853267
2025-10-10 22:05:18.000 UTC,2UhuiJL4aAXct6G9gNBe5UPJPgx4TyhVaXunhoSAEdstPpYo2fXqEQqVvDjtxqSQhxixS5nGqTd13cijapuBrd9W,4,HzwqbKZw8HxMN6bF2yFZNrht3c2iXXzpKcFu7uBEDKtr,EURC,So11111111111111111111111111111111111111112,SOL,3ue9E1xfztuuNtpezARKBRiZxNHSKfjaTjwNcKShSJsz,5BmVETKMwv139B8A833okt3GgeJHiQpSjZDMp6YwinNJ,12.335829898,2353.419348082192,2033.526587,2353.8263429550766
2025-10-10 22:22:54.000 UTC,4qMQHiw6392JvvHDht9CjcXmF44fTKDJsPUyCNn6tJUsvHzfVK5TbFppvmoiyLy2HvLjVLnufWZLfRDwXCJLgdi9,4,HzwqbKZw8HxMN6bF2yFZNrht3c2iXXzpKcFu7uBEDKtr,EURC,So11111111111111111111111111111111111111112,SOL,3ue9E1xfztuuNtpezARKBRiZxNHSKfjaTjwNcKShSJsz,5BmVETKMwv139B8A833okt3GgeJHiQpSjZDMp6YwinNJ,8.783614584,1675.7306706567,1425.985313,1650.5915466579734
2025-10-10 22:28:55.000 UTC,5DL3pHmiderS2AxFcwYhKddzDMLgdxU5avLqx6zzXcMkDpDVwrVTPFZn1hLdLQuEcfMcu2VeywVCiQ8rqa3DFPoD,4,HzwqbKZw8HxMN6bF2yFZNrht3c2iXXzpKcFu7uBEDKtr,EURC,So11111111111111111111111111111111111111112,SOL,3ue9E1xfztuuNtpezARKBRiZxNHSKfjaTjwNcKShSJsz,5BmVETKMwv139B8A833okt3GgeJHiQpSjZDMp6YwinNJ,13.667116342,2607.401066463142,2180.504342,2523.954490656249
2025-10-10 22:01:19.000 UTC,2WKnjMWMt4shkeMuHCcnrXoGSr8SYRH5zD7LNLgNT1qbcr4ZxKhG4dCzt2XDNFy2VhGHTY29Jtc2sdh5TjF7h57z,4,EPjFWdd5AufqSSqeM2qN1xzybapC8G4wEGGkZwyTDt1v,USDC,So11111111111111111111111111111111111111112,SOL,3ue9E1xfztuuNtpezARKBRiZxNHSKfjaTjwNcKShSJsz,8W2SoErPPcYvbBvfSBHZECTXsFu8ZSLSYfQkaTatxKVv,70.369635252,13425.06037201385,13443.987217,13458.761038619214
2025-10-10 18:49:02.000 UTC,3EvxqHarNNoya4saHYsmvpaKNCZawJGKAEMi83bKeZkAAZT9BVzYdpvrpkLdtWH7GPGTxXx6E8Kcyr9CshJCaq97,3,EPjFWdd5AufqSSqeM2qN1xzybapC8G4wEGGkZwyTDt1v,USDC,J1toso1uCk3RLmjorhTtrVwY9HJ7X8V9yYac6Y7kGCPn,JITOSOL,CxX1RcmT7qGFKDkXAGRgFzF6EJ9MgFKGGqoF8rRizwvQ,Fc4sVsMvtU4UZenN8AvdaQ67k3eJcoiBFf7Cs3ZX6eDn,0.067326432,17.38447021744,16.457202,16.459530694083
2025-10-10 21:45:18.000 UTC,91jyBT7CnBr6nY4tv3MupwK5CoEgSVH6gp4KSLRQY1RUkQNQTExJFS4J73Zq4hotZBFTcLG8CRMZkbH8Es373ti,4,2u1tszSeqZ3qBWF3uNGPFc8TzMk2tdiwknnRMWGWjGWH,USDG,jupSoLaHXQiZZTSfEWMTRRgpnyFm8f6sZdosWBjx93v,JUPSOL,68Z9juTBhG3ybnbMYwTHP8z4jmEJndYtxzq3dLpQMz64,2UcfVZLJxovLb5GcAbszyyseFbNxRsmaM2ZzR99nS3V6,0.280650274,60.49814243958166,59.786264,60.17501919947134
2025-10-10 21:09:27.000 UTC,2dun1nRvdCGTB9ubk6yGtmZA6XpPZSmnMp6kkQ2pCaQEiy7DY1Bk7QbbQidp8HMQvFSw2XzpyshtHUfmzoP2aCGQ,4,HzwqbKZw8HxMN6bF2yFZNrht3c2iXXzpKcFu7uBEDKtr,EURC,jupSoLaHXQiZZTSfEWMTRRgpnyFm8f6sZdosWBjx93v,JUPSOL,68Z9juTBhG3ybnbMYwTHP8z4jmEJndYtxzq3dLpQMz64,4ZYawR7jUwgtU8Qr9UJYZxxppzhWMXFNp2EhaqSUU6UW,0.000665593,0.14347800038416667,0.123265,0.14358736157125
2025-10-10 15:22:39.000 UTC,64uW1Z45yoJ2ayppHiQx6nffanhRRUje2tBTtWrs5EYHi6Yhns7Ax3UXRRDTLaVAfpFbg9rm7KwTrqnqTipBXKoc,4,2u1tszSeqZ3qBWF3uNGPFc8TzMk2tdiwknnRMWGWjGWH,USDG,jupSoLaHXQiZZTSfEWMTRRgpnyFm8f6sZdosWBjx93v,JUPSOL,3ue9E1xfztuuNtpezARKBRiZxNHSKfjaTjwNcKShSJsz,2UcfVZLJxovLb5GcAbszyyseFbNxRsmaM2ZzR99nS3V6,0.977771353,240.49508641226248,227.801268,227.88764264744998
2025-10-10 15:32:46.000 UTC,5M4x3F1ybfHphamZLEKKhSQbXb9rUbC9VWpcgEwfSYACRnEcWw7J1Sv7pwe7h6obTGrTyq28VYktm9kgMMHCnWUe,4,2u1tszSeqZ3qBWF3uNGPFc8TzMk2tdiwknnRMWGWjGWH,USDG,jupSoLaHXQiZZTSfEWMTRRgpnyFm8f6sZdosWBjx93v,JUPSOL,3ue9E1xfztuuNtpezARKBRiZxNHSKfjaTjwNcKShSJsz,2UcfVZLJxovLb5GcAbszyyseFbNxRsmaM2ZzR99nS3V6,1.234784431,303.7106656098375,283.811923,283.9195350208041
2025-10-10 21:08:38.000 UTC,4pmj3SXehFkD38YyxUnQpEUHnhFufAdAHryCmo1Lrj98Ze1kbrVocW5NKrrjLjDgQeBNtKeyjpurMW1KM6iPevCD,3,EPjFWdd5AufqSSqeM2qN1xzybapC8G4wEGGkZwyTDt1v,USDC,LBTCgU4b3wsFKsPwBn1rRZDx5DoFutM6RPiEt1TPDsY,LBTC,NtGjjRApkTWG8MQbpiTuP1gbLpjEBQJAxvn4ftmDsVw,9LC5SXdfpmV6HwRPA4MKDRGt2KbvVBFVLGgJRQsBApTc,0.00018605,20.648042492375,20.75407,20.9117542353425
2025-10-10 21:12:23.000 UTC,4uDbxtZw5LRHaUEpXy3sNSfk9MYQF4fAF1PySsKu1Jci6UT3r5h7iP7DrdgSCN5NdBEEUpC5GbvJW3kExJoC7NJU,3,EPjFWdd5AufqSSqeM2qN1xzybapC8G4wEGGkZwyTDt1v,USDC,LBTCgU4b3wsFKsPwBn1rRZDx5DoFutM6RPiEt1TPDsY,LBTC,NtGjjRApkTWG8MQbpiTuP1gbLpjEBQJAxvn4ftmDsVw,9LC5SXdfpmV6HwRPA4MKDRGt2KbvVBFVLGgJRQsBApTc,0.00018368,20.3850171728,20.480015,20.635617033966252
2025-10-10 21:28:40.000 UTC,dXW5YPCt68yWbEyrcSm5zWB5sSGEtp6dkWqWAt9GE1EmR7fPgpFdbJH8Ku4JAwCrpLfevx7S8JVAhpdkJBG9bmU,4,EPjFWdd5AufqSSqeM2qN1xzybapC8G4wEGGkZwyTDt1v,USDC,jupSoLaHXQiZZTSfEWMTRRgpnyFm8f6sZdosWBjx93v,JUPSOL,68Z9juTBhG3ybnbMYwTHP8z4jmEJndYtxzq3dLpQMz64,79sNeDBuT4numgu16Rps5ViSppqnJYNsgYW32E954JeL,29.306958309,6317.530045414327,5460.860403,5502.350655126893
2025-10-10 15:22:10.000 UTC,2aYCQCGyPnvfuwa6b3JvFLzMs1qvyBztETXenyChtWXnvANaH1gUBbmNBsDvz1bYDnhe8igWMv3TCKiAanXVekbz,3,EPjFWdd5AufqSSqeM2qN1xzybapC8G4wEGGkZwyTDt1v,USDC,jupSoLaHXQiZZTSfEWMTRRgpnyFm8f6sZdosWBjx93v,JUPSOL,NtGjjRApkTWG8MQbpiTuP1gbLpjEBQJAxvn4ftmDsVw,79sNeDBuT4numgu16Rps5ViSppqnJYNsgYW32E954JeL,0.011045539,2.7167883862875,2.580384,2.581136181936
2025-10-10 18:07:23.000 UTC,5xtpAFHCHp7sM4he7HtppbfrLakCGXfLB1kiVWCfzWAgQJKQPjEZMg7X9oWc1ExyqxSfTrrQT48AnFqora5x5tCH,3,EPjFWdd5AufqSSqeM2qN1xzybapC8G4wEGGkZwyTDt1v,USDC,J1toso1uCk3RLmjorhTtrVwY9HJ7X8V9yYac6Y7kGCPn,JITOSOL,CxX1RcmT7qGFKDkXAGRgFzF6EJ9MgFKGGqoF8rRizwvQ,Fc4sVsMvtU4UZenN8AvdaQ67k3eJcoiBFf7Cs3ZX6eDn,0.069820055,18.028352768308334,17.155874,17.158301556171
2025-10-10 21:08:26.000 UTC,3WK5B54ifRhTiZbxNnNsX5AYyNAquYJ6VtdtMyXQzQmoHJHudURwcxB4kTe3WPSWQLUVp67PhPsY9wWmuuLEZQ1X,4,2u1tszSeqZ3qBWF3uNGPFc8TzMk2tdiwknnRMWGWjGWH,USDG,jupSoLaHXQiZZTSfEWMTRRgpnyFm8f6sZdosWBjx93v,JUPSOL,3ue9E1xfztuuNtpezARKBRiZxNHSKfjaTjwNcKShSJsz,2UcfVZLJxovLb5GcAbszyyseFbNxRsmaM2ZzR99nS3V6,2.491509413,537.0801503555009,536.341496,539.8290118826154
2025-10-10 21:03:24.000 UTC,CNJGQaqmdyXgfrgPwz1ufGUKfdQWNqgU4PKjQgZKEgcfZhx5HEhzyDW5HB4o7C8TYWVwBAEnyiEq8pNqPRYiiG8,4,HzwqbKZw8HxMN6bF2yFZNrht3c2iXXzpKcFu7uBEDKtr,EURC,jupSoLaHXQiZZTSfEWMTRRgpnyFm8f6sZdosWBjx93v,JUPSOL,68Z9juTBhG3ybnbMYwTHP8z4jmEJndYtxzq3dLpQMz64,4ZYawR7jUwgtU8Qr9UJYZxxppzhWMXFNp2EhaqSUU6UW,0.000346636,0.07472230047666667,0.064636,0.07529235957099999
2025-10-10 15:21:06.000 UTC,3X68LmDstW6d1uRydtCE2khLtKnPymt5GBeyaHJHhoa7cWxWT1DyBJq9M7EwF3PZ4TvD9ZtgTzKWktYrDokQ3FzD,3,EPjFWdd5AufqSSqeM2qN1xzybapC8G4wEGGkZwyTDt1v,USDC,jupSoLaHXQiZZTSfEWMTRRgpnyFm8f6sZdosWBjx93v,JUPSOL,CxX1RcmT7qGFKDkXAGRgFzF6EJ9MgFKGGqoF8rRizwvQ,79sNeDBuT4numgu16Rps5ViSppqnJYNsgYW32E954JeL,0.002766491,0.6804530425875,0.650567,0.6507566402805
2025-10-10 15:31:15.000 UTC,iehu3zikHgkSzhj1i7RuYuYPckCeCmbQe7ns4xgG2YGX7WGrT1iuafcECDhk8kqqe6TNcJPSHshYqezTeMvEj5d,4,EPjFWdd5AufqSSqeM2qN1xzybapC8G4wEGGkZwyTDt1v,USDC,jupSoLaHXQiZZTSfEWMTRRgpnyFm8f6sZdosWBjx93v,JUPSOL,3ue9E1xfztuuNtpezARKBRiZxNHSKfjaTjwNcKShSJsz,79sNeDBuT4numgu16Rps5ViSppqnJYNsgYW32E954JeL,0.00766494,1.8852878047500001,1.764556,1.7650703680739999
2025-10-10 15:32:09.000 UTC,45FTPgFZFt2MbuBsgSSenrt7khuCPom5xF5LMzeWoE6iXwjSmHfWATNgKVHBxmb75qaR6jVsbDSGGrwjxjncyxw8,3,EPjFWdd5AufqSSqeM2qN1xzybapC8G4wEGGkZwyTDt1v,USDC,jupSoLaHXQiZZTSfEWMTRRgpnyFm8f6sZdosWBjx93v,JUPSOL,NtGjjRApkTWG8MQbpiTuP1gbLpjEBQJAxvn4ftmDsVw,79sNeDBuT4numgu16Rps5ViSppqnJYNsgYW32E954JeL,0.007306686,1.797170755275,1.670284,1.670770887786
2025-10-10 21:16:05.000 UTC,NZUo143xtfSpNFvruVEj4gPzQsy7pTPWHNdcAeT1EdgrLDC28b8MtvyXKfERBXGY7KhCZG3RzSriWJXvhCJAPcg,4,EPjFWdd5AufqSSqeM2qN1xzybapC8G4wEGGkZwyTDt1v,USDC,jupSoLaHXQiZZTSfEWMTRRgpnyFm8f6sZdosWBjx93v,JUPSOL,68Z9juTBhG3ybnbMYwTHP8z4jmEJndYtxzq3dLpQMz64,79sNeDBuT4numgu16Rps5ViSppqnJYNsgYW32E954JeL,366.38332923,78979.11704602392,72510.403771,73061.3196912511
2025-10-10 15:31:53.000 UTC,VnPVixPKizT7Q8ncw9yqaCtfNx6psdE17Uk78Jpgw4tJFEWc1T3c68srZQCki9UaYTWg4jUaVD5bL1qWEyqP5nG,3,EPjFWdd5AufqSSqeM2qN1xzybapC8G4wEGGkZwyTDt1v,USDC,jupSoLaHXQiZZTSfEWMTRRgpnyFm8f6sZdosWBjx93v,JUPSOL,NtGjjRApkTWG8MQbpiTuP1gbLpjEBQJAxvn4ftmDsVw,79sNeDBuT4numgu16Rps5ViSppqnJYNsgYW32E954JeL,0.004963401,1.2208105184625,1.135693,1.1360240545095
2025-10-10 21:17:32.000 UTC,5wMnctU73q7KuVKyJiLGqXbKFQ4djQoDaABuFvk6kGQGDUpVqkChFLdKWUgX9VkUDsmnnyeduvW54vg6fArMiHYu,4,EPjFWdd5AufqSSqeM2qN1xzybapC8G4wEGGkZwyTDt1v,USDC,jupSoLaHXQiZZTSfEWMTRRgpnyFm8f6sZdosWBjx93v,JUPSOL,68Z9juTBhG3ybnbMYwTHP8z4jmEJndYtxzq3dLpQMz64,79sNeDBuT4numgu16Rps5ViSppqnJYNsgYW32E954JeL,213.212170571,45960.9038723288,41833.601909,42151.4431579041
2025-10-10 15:22:32.000 UTC,5dCFaDNkT1qPe39ocWsGV3BGhWiwuZ4di6yxSeANR4PgKmmzqJ15d8bT97TBKdS2gS7amXogp5QSn49bs8V2SFSq,3,EPjFWdd5AufqSSqeM2qN1xzybapC8G4wEGGkZwyTDt1v,USDC,jupSoLaHXQiZZTSfEWMTRRgpnyFm8f6sZdosWBjx93v,JUPSOL,NtGjjRApkTWG8MQbpiTuP1gbLpjEBQJAxvn4ftmDsVw,79sNeDBuT4numgu16Rps5ViSppqnJYNsgYW32E954JeL,0.005331699,1.3113980152875,1.242179,1.2425410951784999
2025-10-10 15:35:20.000 UTC,4r7d15sSezgFKKaGNYxEAov9zxNbtRxT1TAQHFzPmjW8PKH5EaFe8PxveL5tGKSUL28hRjhtzsXJvM5r2cYBxo8e,5,2u1tszSeqZ3qBWF3uNGPFc8TzMk2tdiwknnRMWGWjGWH,USDG,jupSoLaHXQiZZTSfEWMTRRgpnyFm8f6sZdosWBjx93v,JUPSOL,3ue9E1xfztuuNtpezARKBRiZxNHSKfjaTjwNcKShSJsz,2UcfVZLJxovLb5GcAbszyyseFbNxRsmaM2ZzR99nS3V6,0.287750472,70.7758254693,65.949158,65.97416372240832
2025-10-10 21:00:47.000 UTC,2ugkHwQbaw1aN4No3oemAWVS9h4YAdrwgAughWNEbERiDXoCS3rctHH2NkiofWJtCYaUdMjB7cTeir85kwxj5nYA,4,EPjFWdd5AufqSSqeM2qN1xzybapC8G4wEGGkZwyTDt1v,USDC,jupSoLaHXQiZZTSfEWMTRRgpnyFm8f6sZdosWBjx93v,JUPSOL,68Z9juTBhG3ybnbMYwTHP8z4jmEJndYtxzq3dLpQMz64,79sNeDBuT4numgu16Rps5ViSppqnJYNsgYW32E954JeL,0.045080896,9.717825778826667,9.672387,9.74587537832925
2025-10-10 21:11:30.000 UTC,2FiVY4psdRtGESL88NCz6VD9UbKkS2DgF5u1hoiACG2ht27RErLikt2oDKNgjVpcyit8wZQ5Qs3A1HwGZB36KDVc,4,EPjFWdd5AufqSSqeM2qN1xzybapC8G4wEGGkZwyTDt1v,USDC,jupSoLaHXQiZZTSfEWMTRRgpnyFm8f6sZdosWBjx93v,JUPSOL,68Z9juTBhG3ybnbMYwTHP8z4jmEJndYtxzq3dLpQMz64,79sNeDBuT4numgu16Rps5ViSppqnJYNsgYW32E954JeL,0.009202054,1.9836331021316664,1.965978,1.9809150093494998
2025-10-10 21:25:06.000 UTC,ANfjradZR9SihynMDHkcP9ZhcpfMoeMUMi6v1WKw4Txd1izk5nahR7PZVPfcxNfqde9B6CTXYP6ZkAP6Arev4tF,4,EPjFWdd5AufqSSqeM2qN1xzybapC8G4wEGGkZwyTDt1v,USDC,jupSoLaHXQiZZTSfEWMTRRgpnyFm8f6sZdosWBjx93v,JUPSOL,68Z9juTBhG3ybnbMYwTHP8z4jmEJndYtxzq3dLpQMz64,79sNeDBuT4numgu16Rps5ViSppqnJYNsgYW32E954JeL,16.44351349,3544.632282543942,3137.996902,3161.8386179621702
2025-10-10 15:19:24.000 UTC,4TewDrYfka9sUCEqzRgU12VzvVthjnPEiy7ArRzjxXTcKvvtkj7RPj31wF4QvsmP5XJeYS8WnsyTh7MRcobwDvYH,4,EPjFWdd5AufqSSqeM2qN1xzybapC8G4wEGGkZwyTDt1v,USDC,jupSoLaHXQiZZTSfEWMTRRgpnyFm8f6sZdosWBjx93v,JUPSOL,3ue9E1xfztuuNtpezARKBRiZxNHSKfjaTjwNcKShSJsz,79sNeDBuT4numgu16Rps5ViSppqnJYNsgYW32E954JeL,0.002828943,0.6958138926375,0.668393,0.6685878365594999
2025-10-10 17:46:41.000 UTC,2y7KGSQPCyU9Rh9m1gQwmKTVpjezZkPHCjLyxRRHHEjSuSsPZPvwrC6Ns7D14DL6fykmYJUcEqTmYUYrnnozH64S,3,EPjFWdd5AufqSSqeM2qN1xzybapC8G4wEGGkZwyTDt1v,USDC,5oVNBeEEQvYi1cX3ir8Dx5n1P7pdxydbGF2X4TxVusJm,SCNSOL,CxX1RcmT7qGFKDkXAGRgFzF6EJ9MgFKGGqoF8rRizwvQ,HuwayEtJX8tCh8VBoTnpPahqsjmxnK1uKMj4uUQ9i8Lt,0.073989159,21.3223808135175,20.148257,20.152201021307754
2025-10-10 21:45:15.000 UTC,2RzTgCP2Cx95ynSBWDN75BS4SEkqDQGMWUTiW81FWwgbMftZ4GRxrqDT1NsneLfntXTLhYx7r4UGBTWoAoaAfJoY,4,2u1tszSeqZ3qBWF3uNGPFc8TzMk2tdiwknnRMWGWjGWH,USDG,jupSoLaHXQiZZTSfEWMTRRgpnyFm8f6sZdosWBjx93v,JUPSOL,68Z9juTBhG3ybnbMYwTHP8z4jmEJndYtxzq3dLpQMz64,2UcfVZLJxovLb5GcAbszyyseFbNxRsmaM2ZzR99nS3V6,0.295848997,63.77444249747417,63.024012,63.433820386029005
2025-10-10 21:07:00.000 UTC,DrehALKD1sizxr3sCS2z117vZ9eai28kQ97iF8wQB1xegQVvkmm8sThtQ6ZruPeRaSsCVAquNNwjKXYWqFxpnWR,3,HzwqbKZw8HxMN6bF2yFZNrht3c2iXXzpKcFu7uBEDKtr,EURC,jupSoLaHXQiZZTSfEWMTRRgpnyFm8f6sZdosWBjx93v,JUPSOL,CxX1RcmT7qGFKDkXAGRgFzF6EJ9MgFKGGqoF8rRizwvQ,4ZYawR7jUwgtU8Qr9UJYZxxppzhWMXFNp2EhaqSUU6UW,0.001025432,0.22104639455333333,0.19041,0.22180237307249998
2025-10-10 21:09:48.000 UTC,36b1SuNiVWgR3hLiXjUcWtMc1WGidHaSDnwdgU4L4V6xcsxBhfTreCWVCR9QzvFhU4bsSu6ppbfWE8TEztunFf57,4,2u1tszSeqZ3qBWF3uNGPFc8TzMk2tdiwknnRMWGWjGWH,USDG,jupSoLaHXQiZZTSfEWMTRRgpnyFm8f6sZdosWBjx93v,JUPSOL,3ue9E1xfztuuNtpezARKBRiZxNHSKfjaTjwNcKShSJsz,2UcfVZLJxovLb5GcAbszyyseFbNxRsmaM2ZzR99nS3V6,0.827346455,178.34624911669584,177.738244,178.8939721200897
2025-10-10 18:07:44.000 UTC,4iBMUzFJ1UrBpZ5WiS8QhrCxr1z8HwSaYhJ13sz3ebsuqYWwvawMijKjsTYk7MHDPsDeew9VQ5Jf9fPT5UauZ6b7,4,EPjFWdd5AufqSSqeM2qN1xzybapC8G4wEGGkZwyTDt1v,USDC,J1toso1uCk3RLmjorhTtrVwY9HJ7X8V9yYac6Y7kGCPn,JITOSOL,CxX1RcmT7qGFKDkXAGRgFzF6EJ9MgFKGGqoF8rRizwvQ,Fc4sVsMvtU4UZenN8AvdaQ67k3eJcoiBFf7Cs3ZX6eDn,0.068977947,17.810910658115,16.935083,16.9374793142445
2025-10-10 18:40:28.000 UTC,f79FakJZDUJGEy3wVAmNtvhx4XeaC1orG3t7R9AsTnyAtYoFFU89EEyVdHdvxD2C4bLLY5h9PPUtn83gjFzM3da,3,EPjFWdd5AufqSSqeM2qN1xzybapC8G4wEGGkZwyTDt1v,USDC,J1toso1uCk3RLmjorhTtrVwY9HJ7X8V9yYac6Y7kGCPn,JITOSOL,CxX1RcmT7qGFKDkXAGRgFzF6EJ9MgFKGGqoF8rRizwvQ,Fc4sVsMvtU4UZenN8AvdaQ67k3eJcoiBFf7Cs3ZX6eDn,0.06843003,17.66943209635,16.775756,16.778129769474003
2025-10-10 18:48:31.000 UTC,2mQoVH4zETB9ZZRhLyDJScN2DKWwmxzm8chvzcCxtu4oJwn82KmGRRwyocBsWUxU7aQfbGtJ4iXxdAMchD3vNWTq,3,EPjFWdd5AufqSSqeM2qN1xzybapC8G4wEGGkZwyTDt1v,USDC,J1toso1uCk3RLmjorhTtrVwY9HJ7X8V9yYac6Y7kGCPn,JITOSOL,CxX1RcmT7qGFKDkXAGRgFzF6EJ9MgFKGGqoF8rRizwvQ,Fc4sVsMvtU4UZenN8AvdaQ67k3eJcoiBFf7Cs3ZX6eDn,0.067995909,17.557336989404998,16.640372,16.642726612638
2025-10-10 21:44:59.000 UTC,2rmiHJH6Hna1d5S5moBmgiSh2hg5ogqgdvsZrs1oeP3jk4goVaKF7siYnGVUCb24Yxfkd7E2eacxVMtHBmTA95ZZ,4,2u1tszSeqZ3qBWF3uNGPFc8TzMk2tdiwknnRMWGWjGWH,USDG,jupSoLaHXQiZZTSfEWMTRRgpnyFm8f6sZdosWBjx93v,JUPSOL,68Z9juTBhG3ybnbMYwTHP8z4jmEJndYtxzq3dLpQMz64,2UcfVZLJxovLb5GcAbszyyseFbNxRsmaM2ZzR99nS3V6,0.294400524,63.46220362229,63.024009,63.43381736652175
2025-10-10 18:40:36.000 UTC,3yGcN98rQhxYF2YS6qosRmotgbmA6Yvk8Sy3CU2eGCQ5WauoCL5osAVUTKkD7ZXj2PN3m4TXRnH2ne4RGuwCqSmR,3,2u1tszSeqZ3qBWF3uNGPFc8TzMk2tdiwknnRMWGWjGWH,USDG,J1toso1uCk3RLmjorhTtrVwY9HJ7X8V9yYac6Y7kGCPn,JITOSOL,CxX1RcmT7qGFKDkXAGRgFzF6EJ9MgFKGGqoF8rRizwvQ,J8UDDPMj9Fp1RYZEiKX7qa72BraGZNf7SNz2tVGZVVBK,0.120238124,31.046886394913333,29.476611,29.48489638407525
2025-10-10 21:15:35.000 UTC,3UJ4SciiW5nEJyUfrMD6rbCuk56HYJ1ScJVpCAPEgHy5s3n34EiFp7bjRNQgV7YG471oRedyMYQGRmokWterhAmW,3,EPjFWdd5AufqSSqeM2qN1xzybapC8G4wEGGkZwyTDt1v,USDC,LBTCgU4b3wsFKsPwBn1rRZDx5DoFutM6RPiEt1TPDsY,LBTC,NtGjjRApkTWG8MQbpiTuP1gbLpjEBQJAxvn4ftmDsVw,9LC5SXdfpmV6HwRPA4MKDRGt2KbvVBFVLGgJRQsBApTc,0.00092044,102.15148740490001,101.748458,102.5215173467695
2025-10-10 15:25:40.000 UTC,4EwgoPNkmykbaQQRjvxQrKegtqrsFaniPHGqssukPXRgRxQGYTQDy5anJkwh75hLp2CrLejSkCU9oTHr8DpUgZNV,3,EPjFWdd5AufqSSqeM2qN1xzybapC8G4wEGGkZwyTDt1v,USDC,jupSoLaHXQiZZTSfEWMTRRgpnyFm8f6sZdosWBjx93v,JUPSOL,NtGjjRApkTWG8MQbpiTuP1gbLpjEBQJAxvn4ftmDsVw,79sNeDBuT4numgu16Rps5ViSppqnJYNsgYW32E954JeL,0.005275424,1.2975564756,1.223987,1.2243437922104998
2025-10-10 18:49:23.000 UTC,5Y3ua35D4pk2pTCeHvVoicCx9kTiM51KvWf7mgtUx64wDw9LdmAgbKsxSTyWW7sCaQJjcMxbRWTw6TAg33XMnPwn,4,2u1tszSeqZ3qBWF3uNGPFc8TzMk2tdiwknnRMWGWjGWH,USDG,J1toso1uCk3RLmjorhTtrVwY9HJ7X8V9yYac6Y7kGCPn,JITOSOL,CxX1RcmT7qGFKDkXAGRgFzF6EJ9MgFKGGqoF8rRizwvQ,J8UDDPMj9Fp1RYZEiKX7qa72BraGZNf7SNz2tVGZVVBK,0.11830267,30.547129591816663,28.917779,28.925907305713917
2025-10-10 18:48:25.000 UTC,3n1eCqx8CgRmmbATffPqfEnbJ4LQNsGxg6CXUPHK2RGytCCdiHpCUFPV18nmuGfwU59tH95NFM16rV5L47goe6ZJ,3,2u1tszSeqZ3qBWF3uNGPFc8TzMk2tdiwknnRMWGWjGWH,USDG,J1toso1uCk3RLmjorhTtrVwY9HJ7X8V9yYac6Y7kGCPn,JITOSOL,CxX1RcmT7qGFKDkXAGRgFzF6EJ9MgFKGGqoF8rRizwvQ,J8UDDPMj9Fp1RYZEiKX7qa72BraGZNf7SNz2tVGZVVBK,0.119313456,30.808126329519997,29.205528,29.213737187162
2025-10-10 21:00:41.000 UTC,QmYV3MtvZU6u8MNHTktfdrYSSuKakmcyNaUivX8ueVU2Z76x2GiJtZ1FoW9Zkkwtfnz25DjCAtfcY5ffptGbxLW,3,EPjFWdd5AufqSSqeM2qN1xzybapC8G4wEGGkZwyTDt1v,USDC,LBTCgU4b3wsFKsPwBn1rRZDx5DoFutM6RPiEt1TPDsY,LBTC,NtGjjRApkTWG8MQbpiTuP1gbLpjEBQJAxvn4ftmDsVw,9LC5SXdfpmV6HwRPA4MKDRGt2KbvVBFVLGgJRQsBApTc,0.00018812,20.877773467700003,21.05909,21.2190917010475
2025-10-10 21:13:21.000 UTC,3my44Ucmnv1HMsbwro8CudxcqofBpY1YeWiYN5u7vx8enMexRNXqLTZqx3HsWH2S9ZYyhh9D28Lcqe8UDbpLKY4U,4,EPjFWdd5AufqSSqeM2qN1xzybapC8G4wEGGkZwyTDt1v,USDC,jupSoLaHXQiZZTSfEWMTRRgpnyFm8f6sZdosWBjx93v,JUPSOL,68Z9juTBhG3ybnbMYwTHP8z4jmEJndYtxzq3dLpQMz64,79sNeDBuT4numgu16Rps5ViSppqnJYNsgYW32E954JeL,0.06556141,14.132690712141667,13.29635,13.3973723432125
2025-10-10 21:23:49.000 UTC,4J7YvykueKMmsQxkfwARSBvgmR4AbnBf46SA4o1qohxov2xFPU2RQXtCzLvKZMGJfQPAZuj7JTMrGdjr1HZVJfKp,3,EPjFWdd5AufqSSqeM2qN1xzybapC8G4wEGGkZwyTDt1v,USDC,LBTCgU4b3wsFKsPwBn1rRZDx5DoFutM6RPiEt1TPDsY,LBTC,NtGjjRApkTWG8MQbpiTuP1gbLpjEBQJAxvn4ftmDsVw,9LC5SXdfpmV6HwRPA4MKDRGt2KbvVBFVLGgJRQsBApTc,0.00164994,183.11223450615,173.405214,174.72270346466848
2025-10-10 21:28:15.000 UTC,5pYEWyJgs8hRr8TBjMqav9vughAxfxdjgFMvLcQXYQ12NKXiYtLWVTJM8ChpjpfoexpV5u2XcX6SUFDebV1986Wq,4,EPjFWdd5AufqSSqeM2qN1xzybapC8G4wEGGkZwyTDt1v,USDC,jupSoLaHXQiZZTSfEWMTRRgpnyFm8f6sZdosWBjx93v,JUPSOL,68Z9juTBhG3ybnbMYwTHP8z4jmEJndYtxzq3dLpQMz64,79sNeDBuT4numgu16Rps5ViSppqnJYNsgYW32E954JeL,232.682904473,50158.09640030185,43485.132234,43815.52139743087
2025-10-10 15:21:01.000 UTC,P85ipjQwT3KMRcVHnmTYLNR4RxjyVMiYQRHdKJXjZdpC4jwCoKBGyfqooX9hi64myYr7pgTurN4BpSvGs21rckG,4,2u1tszSeqZ3qBWF3uNGPFc8TzMk2tdiwknnRMWGWjGWH,USDG,jupSoLaHXQiZZTSfEWMTRRgpnyFm8f6sZdosWBjx93v,JUPSOL,3ue9E1xfztuuNtpezARKBRiZxNHSKfjaTjwNcKShSJsz,2UcfVZLJxovLb5GcAbszyyseFbNxRsmaM2ZzR99nS3V6,1.711657967,421.0036727082375,402.513025,402.6656445219792
2025-10-10 15:27:23.000 UTC,3jcoX1wuQKoCyrBT1LPbkGjPKXSa6UCaq1PAF1jYtBfRP8rh3SaN5P8TCUCSAkbaW1C3MWpKXEfon6y2dRiFWoGY,3,2u1tszSeqZ3qBWF3uNGPFc8TzMk2tdiwknnRMWGWjGWH,USDG,jupSoLaHXQiZZTSfEWMTRRgpnyFm8f6sZdosWBjx93v,JUPSOL,CxX1RcmT7qGFKDkXAGRgFzF6EJ9MgFKGGqoF8rRizwvQ,2UcfVZLJxovLb5GcAbszyyseFbNxRsmaM2ZzR99nS3V6,0.155351186,38.210566086525,36.115438,36.12913177024166
2025-10-10 15:30:21.000 UTC,45gePioaN1GGsBaqtLWxN1vy9q8zifWP7Ga6CvZ9kU1uVBPyQSEwCWegs6keiFtCFCdapYK2n4pJC2xEoyAYpApx,3,EPjFWdd5AufqSSqeM2qN1xzybapC8G4wEGGkZwyTDt1v,USDC,jupSoLaHXQiZZTSfEWMTRRgpnyFm8f6sZdosWBjx93v,JUPSOL,CxX1RcmT7qGFKDkXAGRgFzF6EJ9MgFKGGqoF8rRizwvQ,79sNeDBuT4numgu16Rps5ViSppqnJYNsgYW32E954JeL,0.002598156,0.63904894515,0.602341,0.6025165824015
2025-10-10 18:07:35.000 UTC,fYwrCueXautV5qw541fhkfvihWbmPEjiyBdBxjqFdany2reipiwMFTYJwjrdQMs2kbzji3QRGaj6EeUfPYVStL5,3,2u1tszSeqZ3qBWF3uNGPFc8TzMk2tdiwknnRMWGWjGWH,USDG,J1toso1uCk3RLmjorhTtrVwY9HJ7X8V9yYac6Y7kGCPn,JITOSOL,CxX1RcmT7qGFKDkXAGRgFzF6EJ9MgFKGGqoF8rRizwvQ,J8UDDPMj9Fp1RYZEiKX7qa72BraGZNf7SNz2tVGZVVBK,0.122591544,31.654566895479995,30.125962,30.134429905818834
2025-10-10 15:20:30.000 UTC,2XBN3dbaGBLqAWU5kPAzh3RmZFLrEU3j43vR21DdJtLe53AZXLWVU3T2mFZLngy3DrwYbXNR1nYTqzPQPp8PoHPN,3,EPjFWdd5AufqSSqeM2qN1xzybapC8G4wEGGkZwyTDt1v,USDC,jupSoLaHXQiZZTSfEWMTRRgpnyFm8f6sZdosWBjx93v,JUPSOL,NtGjjRApkTWG8MQbpiTuP1gbLpjEBQJAxvn4ftmDsVw,79sNeDBuT4numgu16Rps5ViSppqnJYNsgYW32E954JeL,0.005643357,1.3880541961125,1.328398,1.3287852280169998
2025-10-10 15:36:25.000 UTC,4cipMHwKDCrYkkpEfweUSHFsnDWJ1ckiRUtCeQjWyACLzzKo5FeCReEk9kbdS8SmqNm3MLDfLe2jzP43JxTs6LJT,5,2u1tszSeqZ3qBWF3uNGPFc8TzMk2tdiwknnRMWGWjGWH,USDG,jupSoLaHXQiZZTSfEWMTRRgpnyFm8f6sZdosWBjx93v,JUPSOL,3ue9E1xfztuuNtpezARKBRiZxNHSKfjaTjwNcKShSJsz,2UcfVZLJxovLb5GcAbszyyseFbNxRsmaM2ZzR99nS3V6,0.141295724,34.75344951435,32.343094,32.35535742314166
2025-10-10 21:01:36.000 UTC,29L7B74FcUawhLpQaojbfMgRvJzRUxm3yPQea5eKCMDYsxc6S1MKoaWveXYK8Mkw7guuqunV5ppuceLkAjbB4SAg,3,EPjFWdd5AufqSSqeM2qN1xzybapC8G4wEGGkZwyTDt1v,USDC,LBTCgU4b3wsFKsPwBn1rRZDx5DoFutM6RPiEt1TPDsY,LBTC,NtGjjRApkTWG8MQbpiTuP1gbLpjEBQJAxvn4ftmDsVw,9LC5SXdfpmV6HwRPA4MKDRGt2KbvVBFVLGgJRQsBApTc,0.00018755,20.814514213625003,20.949029,21.10819448508475
2025-10-10 21:24:45.000 UTC,22ukiGKhBCA73XQLm8h9DYGKfXRM9j6URed1nhqzmzeP3ZJwPHKnWoGbMde1eFXFuusV6zw95VQZzyMfypD69hjL,4,EPjFWdd5AufqSSqeM2qN1xzybapC8G4wEGGkZwyTDt1v,USDC,jupSoLaHXQiZZTSfEWMTRRgpnyFm8f6sZdosWBjx93v,JUPSOL,68Z9juTBhG3ybnbMYwTHP8z4jmEJndYtxzq3dLpQMz64,79sNeDBuT4numgu16Rps5ViSppqnJYNsgYW32E954JeL,349.688573197,75380.32587406697,66816.442706,67324.09733356952
2025-10-10 15:31:01.000 UTC,R96CVhtsfeey7bANNVCz3e4YfM3WRrvofcSrqKcHSULnjyosQBAR38eqkdzMCg5Eg31bhrxa99iSG9RNwdV23i7,3,EPjFWdd5AufqSSqeM2qN1xzybapC8G4wEGGkZwyTDt1v,USDC,jupSoLaHXQiZZTSfEWMTRRgpnyFm8f6sZdosWBjx93v,JUPSOL,NtGjjRApkTWG8MQbpiTuP1gbLpjEBQJAxvn4ftmDsVw,79sNeDBuT4numgu16Rps5ViSppqnJYNsgYW32E954JeL,0.005173105,1.2723898385625,1.190907,1.1912541493904998
2025-10-10 17:57:43.000 UTC,9pVgik93uVqyipGLMXRf7fhEnymRbJKoywTFsqWS7bfD6kAM7rfkPd22d3vhYZh2L7Q6JtapV1Cm7dHMj7mUu39,3,USDSwr9ApdHk5bvJKMjzff41FfuX8bSxdKcR81vTwcA,USDS,27G8MtK7VtTcCHkpASjSDdkWWYfoqT6ggEuKidVJidD4,JLP,CxX1RcmT7qGFKDkXAGRgFzF6EJ9MgFKGGqoF8rRizwvQ,Ga45AjXSkZZ2oHXEFCBtVM64dfKRJB5rmxEGiMfAdGSj,0.820605,4.643256625,4.495869,4.4952553138815
2025-10-10 17:11:26.000 UTC,49G88Dj4UdA78bKT23a8K9BZk3jr37iss7oYznbHhdG5CKnBVMwSQegpC1NSexuvaiz3yimDqUx2ZfkHChwJWzmx,3,USDSwr9ApdHk5bvJKMjzff41FfuX8bSxdKcR81vTwcA,USDS,27G8MtK7VtTcCHkpASjSDdkWWYfoqT6ggEuKidVJidD4,JLP,CxX1RcmT7qGFKDkXAGRgFzF6EJ9MgFKGGqoF8rRizwvQ,Ga45AjXSkZZ2oHXEFCBtVM64dfKRJB5rmxEGiMfAdGSj,0.832895,4.712797541666667,4.569836,4.569212217385999
2025-10-10 23:13:53.000 UTC,2i4KWHxeoGjFXGXCAjaKydsePzq2Ws1G6G9icAnEBejbwii7azUGHjpd2EEdcY9C9huxBH7SkQRkbS1c6wGDgfig,3,CtzPWv73Sn1dMGVU3ZtLv9yWSyUAanBni19YWDaznnkn,xBTC,So11111111111111111111111111111111111111112,SOL,HEyJLdMfZhhQ7FHCtjD5DWDFNFQhaeAVAsHeWqoY6dSD,C9WSxUQwjLjBdad6i4j7tVRGSxgLwTCb619LDsg88ivo,4.598487842,881.55311175061,0.00745288,848.6617497820667
2025-10-10 21:15:21.000 UTC,2SBSNe9mJganhatJk93bnX1ndsEzjfSSZt5muxCYdmJnkGmB3WFz5gmRdPcBepWMP8LfFwypeWRpC69M9KZCF2Lq,4,EPjFWdd5AufqSSqeM2qN1xzybapC8G4wEGGkZwyTDt1v,USDC,5oVNBeEEQvYi1cX3ir8Dx5n1P7pdxydbGF2X4TxVusJm,SCNSOL,68Z9juTBhG3ybnbMYwTHP8z4jmEJndYtxzq3dLpQMz64,HuwayEtJX8tCh8VBoTnpPahqsjmxnK1uKMj4uUQ9i8Lt,1.861270961,481.63333128229914,451.900666,455.33409428510146
2025-10-10 21:16:56.000 UTC,3zpzhUG1uafYW5sZEz5mFnaMgcjNa6pMaycVbJ83GHxWjWbuvU5RwFPkMpGxgtuwUZYs9oLwETzAZh3etdXvkHoM,4,EPjFWdd5AufqSSqeM2qN1xzybapC8G4wEGGkZwyTDt1v,USDC,5oVNBeEEQvYi1cX3ir8Dx5n1P7pdxydbGF2X4TxVusJm,SCNSOL,68Z9juTBhG3ybnbMYwTHP8z4jmEJndYtxzq3dLpQMz64,HuwayEtJX8tCh8VBoTnpPahqsjmxnK1uKMj4uUQ9i8Lt,3.389003221,876.9582426514157,795.200925,801.2426628279187
2025-10-10 21:00:47.000 UTC,A5Yz3MTxYBSUG5d8HH8uQDBrmadMeAaUjwU4MDyRbGAfvQoDfUMC64E44bmn1nxmCNL3DKbr6vn5fmADUoR5Lb6,4,EPjFWdd5AufqSSqeM2qN1xzybapC8G4wEGGkZwyTDt1v,USDC,5oVNBeEEQvYi1cX3ir8Dx5n1P7pdxydbGF2X4TxVusJm,SCNSOL,68Z9juTBhG3ybnbMYwTHP8z4jmEJndYtxzq3dLpQMz64,HuwayEtJX8tCh8VBoTnpPahqsjmxnK1uKMj4uUQ9i8Lt,0.909744953,235.41091088383916,233.424238,235.1977370042645
2025-10-10 21:11:34.000 UTC,2FNgBbCgjWVsYmi7Mx6Yr5aJb6NZrLjtNxRytdWLi7CQFfDbwNnhkvCzHsMQruARwMNfWsHWu7Z11o6Fgcwj1CkX,4,EPjFWdd5AufqSSqeM2qN1xzybapC8G4wEGGkZwyTDt1v,USDC,5oVNBeEEQvYi1cX3ir8Dx5n1P7pdxydbGF2X4TxVusJm,SCNSOL,68Z9juTBhG3ybnbMYwTHP8z4jmEJndYtxzq3dLpQMz64,HuwayEtJX8tCh8VBoTnpPahqsjmxnK1uKMj4uUQ9i8Lt,0.106729238,27.617880212101667,27.268579,27.475758846097246
2025-10-10 21:17:36.000 UTC,5BA49ZG5p873ttGdwE3KF9Ay6NSqxwXeGzWgofoAu9J3qNMaV3PPQNRQXtYV98w4YCD7h5WEwm5m3veY1Lgjo85m,5,EPjFWdd5AufqSSqeM2qN1xzybapC8G4wEGGkZwyTDt1v,USDC,5oVNBeEEQvYi1cX3ir8Dx5n1P7pdxydbGF2X4TxVusJm,SCNSOL,68Z9juTBhG3ybnbMYwTHP8z4jmEJndYtxzq3dLpQMz64,HuwayEtJX8tCh8VBoTnpPahqsjmxnK1uKMj4uUQ9i8Lt,0.291476718,75.424215830535,68.391521,68.91114267867775
2025-10-10 19:12:29.000 UTC,29yeB8Pewsx6odPVLkh4DqiJyH6g6dZwYxPEpAT3pARnjVffmZeFz33TipFVT11kyP9uew2gj5DrsQsTEZr9dviB,4,2u1tszSeqZ3qBWF3uNGPFc8TzMk2tdiwknnRMWGWjGWH,USDG,jupSoLaHXQiZZTSfEWMTRRgpnyFm8f6sZdosWBjx93v,JUPSOL,CxX1RcmT7qGFKDkXAGRgFzF6EJ9MgFKGGqoF8rRizwvQ,2UcfVZLJxovLb5GcAbszyyseFbNxRsmaM2ZzR99nS3V6,0.129679348,30.629397468613334,29.196039,29.207809869723498
2025-10-10 19:12:05.000 UTC,2oz2NaBy93ftTsi1QTTgjp4Lbi9bbmU6KL2hp97asySJuGXxUiBv5ADvZMmBmJLaayDPoKoH4cqDwKinFef2ZwFy,3,2u1tszSeqZ3qBWF3uNGPFc8TzMk2tdiwknnRMWGWjGWH,USDG,jupSoLaHXQiZZTSfEWMTRRgpnyFm8f6sZdosWBjx93v,JUPSOL,CxX1RcmT7qGFKDkXAGRgFzF6EJ9MgFKGGqoF8rRizwvQ,2UcfVZLJxovLb5GcAbszyyseFbNxRsmaM2ZzR99nS3V6,0.131756684,31.12005038290667,29.67014,29.68210201144333
2025-10-10 19:22:16.000 UTC,FPdq1WDmYtEhhCRSp4irU3thGPfrtb1c3MwNmAbArMPJWXfeiLjcPZzs57pKgMvDP3Yos6PCD4Ei5t8JYXhUAPH,3,2u1tszSeqZ3qBWF3uNGPFc8TzMk2tdiwknnRMWGWjGWH,USDG,jupSoLaHXQiZZTSfEWMTRRgpnyFm8f6sZdosWBjx93v,JUPSOL,CxX1RcmT7qGFKDkXAGRgFzF6EJ9MgFKGGqoF8rRizwvQ,2UcfVZLJxovLb5GcAbszyyseFbNxRsmaM2ZzR99nS3V6,0.128686733,30.394948423046664,28.848847,28.860477893482166
2025-10-10 23:35:39.000 UTC,JpkwuTQ9Yjixy7QezYveaMBMFmkA1q18upzxbF8zpgcJDzXnzfepmJPWNhcZASnNxEcWAuaLiWp6JqXAqENhUvB,5,EPjFWdd5AufqSSqeM2qN1xzybapC8G4wEGGkZwyTDt1v,USDC,JUPyiwrYJFskUPiHa7hkeR8VUtAeFoSYbKedZNsDvCN,JUP,AKKVzD8w7AqKVhNTe82DREARHoHwUhi8YHm7sB9BWGBD,227vHKagvMS9qbf8ZAD2GJceGgpKzWrGZJY69J6kA1AB,6.017658,2.0361984477605,2.009342,2.010626136983167
2025-10-10 23:49:41.000 UTC,2rCqUHnboyNPti6TD1Y7iXAzNiz2LPYV2K9HfGqxe6vDCRXCkzrJbzvKMD5Scn68CMsKa7tgkkKu7SEVCkW3u7xR,5,EPjFWdd5AufqSSqeM2qN1xzybapC8G4wEGGkZwyTDt1v,USDC,JUPyiwrYJFskUPiHa7hkeR8VUtAeFoSYbKedZNsDvCN,JUP,AKKVzD8w7AqKVhNTe82DREARHoHwUhi8YHm7sB9BWGBD,227vHKagvMS9qbf8ZAD2GJceGgpKzWrGZJY69J6kA1AB,3436.963544,1162.9673592786805,1119.902703,1120.6184141524423
2025-10-10 23:54:04.000 UTC,2ZwbigqBKw1T2JrPPRHgkctmMdoaQiN4mbn1KYmqssoE7qSnaq5akpimHxSxi9LuRwb5ZVPfGADBuoDu9pfHSpcP,5,EPjFWdd5AufqSSqeM2qN1xzybapC8G4wEGGkZwyTDt1v,USDC,JUPyiwrYJFskUPiHa7hkeR8VUtAeFoSYbKedZNsDvCN,JUP,AKKVzD8w7AqKVhNTe82DREARHoHwUhi8YHm7sB9BWGBD,227vHKagvMS9qbf8ZAD2GJceGgpKzWrGZJY69J6kA1AB,355.778038,120.38482225524882,115.002756,115.07625234464702
2025-10-10 18:48:11.000 UTC,5syHyE81ESsSUjApbxf7osJDvKbkoEgNKevMFwj7ujzjZofJM4Y7EYrgY9Utsxaxu2sbzGAYexaQVgbweVeAuKF4,3,EPjFWdd5AufqSSqeM2qN1xzybapC8G4wEGGkZwyTDt1v,USDC,5oVNBeEEQvYi1cX3ir8Dx5n1P7pdxydbGF2X4TxVusJm,SCNSOL,CxX1RcmT7qGFKDkXAGRgFzF6EJ9MgFKGGqoF8rRizwvQ,HuwayEtJX8tCh8VBoTnpPahqsjmxnK1uKMj4uUQ9i8Lt,0.072127319,20.632500448743333,19.559268,19.562035636422
2025-10-10 23:34:56.000 UTC,5i3yMBFVMvPsugTj98ji8xxQwQJMkspRw9vu9z3FssZ7VnG1ce4PD6D72iZmGx2K589DhjxmjgeCSTiSsc2xXoA5,5,EPjFWdd5AufqSSqeM2qN1xzybapC8G4wEGGkZwyTDt1v,USDC,JUPyiwrYJFskUPiHa7hkeR8VUtAeFoSYbKedZNsDvCN,JUP,AKKVzD8w7AqKVhNTe82DREARHoHwUhi8YHm7sB9BWGBD,227vHKagvMS9qbf8ZAD2GJceGgpKzWrGZJY69J6kA1AB,79.759857,26.988389339673247,26.632435,26.649455345334587
2025-10-10 23:34:19.000 UTC,5MP3DrVVCrttynBRahWjR1gvG7DGkF55u9iJjsPf1PQodNH61d9xvhZ1ECUnwJeKiRTM8u2tDUmj3UxKnvdkCCkS,5,EPjFWdd5AufqSSqeM2qN1xzybapC8G4wEGGkZwyTDt1v,USDC,JUPyiwrYJFskUPiHa7hkeR8VUtAeFoSYbKedZNsDvCN,JUP,AKKVzD8w7AqKVhNTe82DREARHoHwUhi8YHm7sB9BWGBD,227vHKagvMS9qbf8ZAD2GJceGgpKzWrGZJY69J6kA1AB,120.613314,40.8119974159465,40.059763,40.085364526870585
2025-10-10 23:35:32.000 UTC,3Pt9KoACktTC83GUNk6RtkVR5sSpNdoUunPmXDYyMaFckKDrvwyu8ryGXjNaf8ajVGdCFJyxbt3wRJrba8nHaG7F,5,EPjFWdd5AufqSSqeM2qN1xzybapC8G4wEGGkZwyTDt1v,USDC,JUPyiwrYJFskUPiHa7hkeR8VUtAeFoSYbKedZNsDvCN,JUP,AKKVzD8w7AqKVhNTe82DREARHoHwUhi8YHm7sB9BWGBD,227vHKagvMS9qbf8ZAD2GJceGgpKzWrGZJY69J6kA1AB,12.226181,4.1369799969089165,4.082416,4.085025004025334
2025-10-10 19:20:23.000 UTC,46hidZNvs5NPNX9mUQ91FxU47e7W87p5nBkW2td3VdwMnqwk8JHHJAeYazAusqyBSFBvHUx7oqox3fQiPn2g4jV2,3,2u1tszSeqZ3qBWF3uNGPFc8TzMk2tdiwknnRMWGWjGWH,USDG,jupSoLaHXQiZZTSfEWMTRRgpnyFm8f6sZdosWBjx93v,JUPSOL,CxX1RcmT7qGFKDkXAGRgFzF6EJ9MgFKGGqoF8rRizwvQ,2UcfVZLJxovLb5GcAbszyyseFbNxRsmaM2ZzR99nS3V6,0.128551143,30.36292296898,28.902905,28.914557687865834
2025-10-10 19:30:46.000 UTC,3wjMYscYHwZwTJ3ZhDTpedSvixCr36Qk1yfcR74qyAG2KnYzQqLCwZ74MJNKS9dn6fsLucfqv7qZETing9JuSx5V,3,2u1tszSeqZ3qBWF3uNGPFc8TzMk2tdiwknnRMWGWjGWH,USDG,jupSoLaHXQiZZTSfEWMTRRgpnyFm8f6sZdosWBjx93v,JUPSOL,CxX1RcmT7qGFKDkXAGRgFzF6EJ9MgFKGGqoF8rRizwvQ,2UcfVZLJxovLb5GcAbszyyseFbNxRsmaM2ZzR99nS3V6,0.79059591,186.73348330259998,176.414278,176.48540235641366
2025-10-10 18:13:49.000 UTC,yXjUofNpKFG1R2pGdYAYm3ZinxY6fWRna1Wb4xM2ug3zG9tNu2wmLjHFUKcmGgJpxbdyxHuEMzSecT2CKQcr14Y,3,EPjFWdd5AufqSSqeM2qN1xzybapC8G4wEGGkZwyTDt1v,USDC,5oVNBeEEQvYi1cX3ir8Dx5n1P7pdxydbGF2X4TxVusJm,SCNSOL,CxX1RcmT7qGFKDkXAGRgFzF6EJ9MgFKGGqoF8rRizwvQ,HuwayEtJX8tCh8VBoTnpPahqsjmxnK1uKMj4uUQ9i8Lt,0.072751768,20.811128248186666,19.755696,19.758491430984
2025-10-10 23:34:47.000 UTC,5abTWGwXukSzyFzwJt9nqUfoTiaEoWi8gBAochu8koaYWhTcN7iA2GS1hqyDDkaopPJk2HZURQBEZt3beZpZuwo2,5,EPjFWdd5AufqSSqeM2qN1xzybapC8G4wEGGkZwyTDt1v,USDC,JUPyiwrYJFskUPiHa7hkeR8VUtAeFoSYbKedZNsDvCN,JUP,AKKVzD8w7AqKVhNTe82DREARHoHwUhi8YHm7sB9BWGBD,227vHKagvMS9qbf8ZAD2GJceGgpKzWrGZJY69J6kA1AB,209.710766,70.95995422270016,69.652042,69.69655545917483
2025-10-10 18:07:34.000 UTC,122U6DKjLxzaqzcSZ9wL424cQuPCRBDKRvfN2aBWekEBH8doXhbo3QWjf6Cjm9MGjDEwUPYn6sF92J6tSgAe8M5,3,EPjFWdd5AufqSSqeM2qN1xzybapC8G4wEGGkZwyTDt1v,USDC,5oVNBeEEQvYi1cX3ir8Dx5n1P7pdxydbGF2X4TxVusJm,SCNSOL,CxX1RcmT7qGFKDkXAGRgFzF6EJ9MgFKGGqoF8rRizwvQ,HuwayEtJX8tCh8VBoTnpPahqsjmxnK1uKMj4uUQ9i8Lt,0.073322853,20.97449091967,19.94074,19.943561614710003
2025-10-10 19:37:29.000 UTC,52VMgqgu8pD5c5dWVcx6KkJaqGdvQPMsQ1vPVvoL9jqiREhZfFK9s6EYRU8katrc4wstzYZBto3eXvAFhYq4ugGM,3,USDSwr9ApdHk5bvJKMjzff41FfuX8bSxdKcR81vTwcA,USDS,27G8MtK7VtTcCHkpASjSDdkWWYfoqT6ggEuKidVJidD4,JLP,CxX1RcmT7qGFKDkXAGRgFzF6EJ9MgFKGGqoF8rRizwvQ,Ga45AjXSkZZ2oHXEFCBtVM64dfKRJB5rmxEGiMfAdGSj,0.740739,4.1549285075,4.01639,4.016875313791667
2025-10-10 19:33:27.000 UTC,5Rshkmn3TeWW5XffLaB3CCmzJPPA5SfWB4zjuZNQ1dj1btuG8ps6Q9Tf4S9B5yoeeFZnWoQp89zrX96KSCkP1aJJ,3,2u1tszSeqZ3qBWF3uNGPFc8TzMk2tdiwknnRMWGWjGWH,USDG,jupSoLaHXQiZZTSfEWMTRRgpnyFm8f6sZdosWBjx93v,JUPSOL,CxX1RcmT7qGFKDkXAGRgFzF6EJ9MgFKGGqoF8rRizwvQ,2UcfVZLJxovLb5GcAbszyyseFbNxRsmaM2ZzR99nS3V6,0.191213801,45.163425037526665,42.597239,42.61441278685683
2025-10-10 23:50:52.000 UTC,4U5LhbEYpe8GJPWLLw1v2pRFj78x4Ug9wnqnFYYnxaygXgUzR63d7N5agL7GwTGFt8eBLGLBR2Rw5QG8YxtfXyc6,5,EPjFWdd5AufqSSqeM2qN1xzybapC8G4wEGGkZwyTDt1v,USDC,JUPyiwrYJFskUPiHa7hkeR8VUtAeFoSYbKedZNsDvCN,JUP,AKKVzD8w7AqKVhNTe82DREARHoHwUhi8YHm7sB9BWGBD,227vHKagvMS9qbf8ZAD2GJceGgpKzWrGZJY69J6kA1AB,113.037769,38.24865583522858,36.870854,36.89441754827717
2025-10-10 19:29:52.000 UTC,5sX5hXgL3tU8Y8aXx2YxqwHxkEaEotP9EFfjR7w869wrodzLnXVTDF5d4RhoVUXySpaVrG3uv4kq7aJ28dLGNUp1,3,EPjFWdd5AufqSSqeM2qN1xzybapC8G4wEGGkZwyTDt1v,USDC,jupSoLaHXQiZZTSfEWMTRRgpnyFm8f6sZdosWBjx93v,JUPSOL,NtGjjRApkTWG8MQbpiTuP1gbLpjEBQJAxvn4ftmDsVw,79sNeDBuT4numgu16Rps5ViSppqnJYNsgYW32E954JeL,0.007767715,1.8346824982333332,1.7282,1.72879061235
2025-10-10 19:20:37.000 UTC,5pCKPNaJuZjTuKsy8JBhRud1AtdiKgpn9UAmUGFMbgQpSNt2V6eNkYBJz2YGpzHHbZ7Cf2i6fFacg6RcXgtH6HVA,3,EPjFWdd5AufqSSqeM2qN1xzybapC8G4wEGGkZwyTDt1v,USDC,jupSoLaHXQiZZTSfEWMTRRgpnyFm8f6sZdosWBjx93v,JUPSOL,CxX1RcmT7qGFKDkXAGRgFzF6EJ9MgFKGGqoF8rRizwvQ,79sNeDBuT4numgu16Rps5ViSppqnJYNsgYW32E954JeL,0.02506301,5.919715875266666,5.629528,5.631451891194
2025-10-10 19:28:42.000 UTC,2YNsjRGhbrjVsgQyqWUrpMCb8CLjR64j9ECYkXhGwujcGU6QBbZiBGpBhDy9WLS2sRZozsg4tGQXHQLfueBioKFT,3,EPjFWdd5AufqSSqeM2qN1xzybapC8G4wEGGkZwyTDt1v,USDC,jupSoLaHXQiZZTSfEWMTRRgpnyFm8f6sZdosWBjx93v,JUPSOL,CxX1RcmT7qGFKDkXAGRgFzF6EJ9MgFKGGqoF8rRizwvQ,79sNeDBuT4numgu16Rps5ViSppqnJYNsgYW32E954JeL,0.003893355,0.9195844953,0.870921,0.87121863725175
2025-10-10 19:22:06.000 UTC,2pU6xm7MHyRRUqkX17d78v6cdPjknzFfHcxQsga34e7mXHFPQMazBxdDgT3KEh3Pqz6j6uqqnRcdrbQnTxUav1Tk,4,EPjFWdd5AufqSSqeM2qN1xzybapC8G4wEGGkZwyTDt1v,USDC,jupSoLaHXQiZZTSfEWMTRRgpnyFm8f6sZdosWBjx93v,JUPSOL,3ue9E1xfztuuNtpezARKBRiZxNHSKfjaTjwNcKShSJsz,79sNeDBuT4numgu16Rps5ViSppqnJYNsgYW32E954JeL,0.00390597,0.9225640742,0.8757,0.875999270475
2025-10-10 19:21:46.000 UTC,589dkh6PZw8bhQyX1kAbgV5ndavbvBhAdbyLDj3L8n8f7VqLTSACKPojodYYC6hTuZBzaqxgcB3JfAJCXAY5aTdp,3,EPjFWdd5AufqSSqeM2qN1xzybapC8G4wEGGkZwyTDt1v,USDC,jupSoLaHXQiZZTSfEWMTRRgpnyFm8f6sZdosWBjx93v,JUPSOL,CxX1RcmT7qGFKDkXAGRgFzF6EJ9MgFKGGqoF8rRizwvQ,79sNeDBuT4numgu16Rps5ViSppqnJYNsgYW32E954JeL,0.003956724,0.93455183064,0.88769,0.8879933680575
2025-10-10 19:30:47.000 UTC,3YeRqHf15LXytb45q3tNbY4GtHCxN8ErtUbPRsMCYCsc3Xt8yg6ihj7vE4wF2eXdmjMh3EYAKJbZio8TY4qnx1Fy,3,USDSwr9ApdHk5bvJKMjzff41FfuX8bSxdKcR81vTwcA,USDS,27G8MtK7VtTcCHkpASjSDdkWWYfoqT6ggEuKidVJidD4,JLP,CxX1RcmT7qGFKDkXAGRgFzF6EJ9MgFKGGqoF8rRizwvQ,Ga45AjXSkZZ2oHXEFCBtVM64dfKRJB5rmxEGiMfAdGSj,0.758793,4.2561964025000005,4.116734,4.117231438691666
2025-10-10 19:21:30.000 UTC,27jb82jUzMqX7PPu3ECsmpmCtfVymWChCE5Ut4XP2hUB1krmRpofmiu3SGXK3KhPrMS4J48jzGQWCR8r53TxhVxn,3,USDSwr9ApdHk5bvJKMjzff41FfuX8bSxdKcR81vTwcA,USDS,27G8MtK7VtTcCHkpASjSDdkWWYfoqT6ggEuKidVJidD4,JLP,CxX1RcmT7qGFKDkXAGRgFzF6EJ9MgFKGGqoF8rRizwvQ,Ga45AjXSkZZ2oHXEFCBtVM64dfKRJB5rmxEGiMfAdGSj,1.577336,8.847540513333334,8.587935,8.5889727088125
2025-10-10 19:22:40.000 UTC,43HhwxCgvzpZsq3gkpxfLjPaAq8dtNhECuU5quPNkTcpjcPd9xGbXW3zEv1nishjeX4LfdnsLTk1UPRcQzAAcnKw,3,USDSwr9ApdHk5bvJKMjzff41FfuX8bSxdKcR81vTwcA,USDS,27G8MtK7VtTcCHkpASjSDdkWWYfoqT6ggEuKidVJidD4,JLP,CxX1RcmT7qGFKDkXAGRgFzF6EJ9MgFKGGqoF8rRizwvQ,Ga45AjXSkZZ2oHXEFCBtVM64dfKRJB5rmxEGiMfAdGSj,0.763145,4.280607495833333,4.149963,4.1504644538625
2025-10-10 18:48:33.000 UTC,2w2EX2R93BFfhT1CHNUdvpZ9qiavuxDc3JztXxPoh9iNfM1sUvhh4P2BECLVwiBAazM5LBjjACautxmT1fryHarj,4,EPjFWdd5AufqSSqeM2qN1xzybapC8G4wEGGkZwyTDt1v,USDC,5oVNBeEEQvYi1cX3ir8Dx5n1P7pdxydbGF2X4TxVusJm,SCNSOL,CxX1RcmT7qGFKDkXAGRgFzF6EJ9MgFKGGqoF8rRizwvQ,HuwayEtJX8tCh8VBoTnpPahqsjmxnK1uKMj4uUQ9i8Lt,0.071461358,20.441997864953333,19.354102,19.356840605433
2025-10-10 18:59:55.000 UTC,CZyykCc3MG2g1JKgwFTLNsoBHfo5xjeNeKaquppwww9Kygp7Mp7c3aBU6xYYFbfhkHrTzV7XUcWocD3gnHX2oty,3,EPjFWdd5AufqSSqeM2qN1xzybapC8G4wEGGkZwyTDt1v,USDC,5oVNBeEEQvYi1cX3ir8Dx5n1P7pdxydbGF2X4TxVusJm,SCNSOL,CxX1RcmT7qGFKDkXAGRgFzF6EJ9MgFKGGqoF8rRizwvQ,HuwayEtJX8tCh8VBoTnpPahqsjmxnK1uKMj4uUQ9i8Lt,0.07090591,20.283108261566667,19.174822,19.177535237313
2025-10-10 23:50:28.000 UTC,o3LaUsxAZe6zN915ViYZSHKrfZCFEmgehdE33yJqyaGEiD7q5U2MLdJibsW3fS6HfnmXqcWe5Na8S1Ueq9bWNJQ,5,EPjFWdd5AufqSSqeM2qN1xzybapC8G4wEGGkZwyTDt1v,USDC,JUPyiwrYJFskUPiHa7hkeR8VUtAeFoSYbKedZNsDvCN,JUP,AKKVzD8w7AqKVhNTe82DREARHoHwUhi8YHm7sB9BWGBD,227vHKagvMS9qbf8ZAD2GJceGgpKzWrGZJY69J6kA1AB,113.156066,38.28868406012516,36.870854,36.89441754827717
2025-10-10 23:55:48.000 UTC,cYiy37g4HRKPZkRjv8uXk7bRQJjBssprHp42gzDYGtLqG9s3R1a42rhAZbmTaPgZE5Grw83uiY9hRP2rB2GFpp1,5,EPjFWdd5AufqSSqeM2qN1xzybapC8G4wEGGkZwyTDt1v,USDC,JUPyiwrYJFskUPiHa7hkeR8VUtAeFoSYbKedZNsDvCN,JUP,AKKVzD8w7AqKVhNTe82DREARHoHwUhi8YHm7sB9BWGBD,227vHKagvMS9qbf8ZAD2GJceGgpKzWrGZJY69J6kA1AB,218.102568,73.79949316065799,69.749173,69.79374853397809
2025-10-10 19:11:44.000 UTC,3gWBE4NiCkufd4GMSDvKu6Jg57aNGRoDoboW6Zfkn1na8MqiaD8vFrxLLtfSxu3Gnd9EF9eXLKhQxqpdYbiCsJVs,3,2u1tszSeqZ3qBWF3uNGPFc8TzMk2tdiwknnRMWGWjGWH,USDG,jupSoLaHXQiZZTSfEWMTRRgpnyFm8f6sZdosWBjx93v,JUPSOL,CxX1RcmT7qGFKDkXAGRgFzF6EJ9MgFKGGqoF8rRizwvQ,2UcfVZLJxovLb5GcAbszyyseFbNxRsmaM2ZzR99nS3V6,0.132699715,31.342788018233332,29.930991,29.943058177871496
2025-10-10 23:35:06.000 UTC,3DoB7zxLPVRn8RX4iQVdapnSnGuAzNQLTyQQWKPeES5JRp3suqbE8x75WPbbuQiPo3uvm5D6PSGL1hhdu9Yjz6iY,5,EPjFWdd5AufqSSqeM2qN1xzybapC8G4wEGGkZwyTDt1v,USDC,JUPyiwrYJFskUPiHa7hkeR8VUtAeFoSYbKedZNsDvCN,JUP,AKKVzD8w7AqKVhNTe82DREARHoHwUhi8YHm7sB9BWGBD,227vHKagvMS9qbf8ZAD2GJceGgpKzWrGZJY69J6kA1AB,12.226181,4.1369799969089165,4.082416,4.085025004025334
2025-10-10 15:21:07.000 UTC,2BcjajEPNLu4E39upi16fP1F6eXa2hQYzt2D2NmW7AppBUim3EeMoJvoZhxMqhpB1enz4MEm6YnzManYjFMRrb1J,4,EPjFWdd5AufqSSqeM2qN1xzybapC8G4wEGGkZwyTDt1v,USDC,5oVNBeEEQvYi1cX3ir8Dx5n1P7pdxydbGF2X4TxVusJm,SCNSOL,CxX1RcmT7qGFKDkXAGRgFzF6EJ9MgFKGGqoF8rRizwvQ,HuwayEtJX8tCh8VBoTnpPahqsjmxnK1uKMj4uUQ9i8Lt,0.000654309,0.1927087224525,0.184004,0.184057637166
2025-10-10 15:35:30.000 UTC,2pHaLW3Ureg1PcdA54voYQ5KQYwrTGAeWVVD7xE5VW7RFh2jx3meXuHfxw49PqxSV4bpoan1SUxZ5yQCCCGEeART,4,USDSwr9ApdHk5bvJKMjzff41FfuX8bSxdKcR81vTwcA,USDS,27G8MtK7VtTcCHkpASjSDdkWWYfoqT6ggEuKidVJidD4,JLP,3ue9E1xfztuuNtpezARKBRiZxNHSKfjaTjwNcKShSJsz,Ga45AjXSkZZ2oHXEFCBtVM64dfKRJB5rmxEGiMfAdGSj,4.683209,26.756734086666665,25.7861,25.787221695350002
2025-10-10 18:19:54.000 UTC,53EaQ9s7tgiMr68RPrfvPbMZkgZomcGZptymMiG956h1FsZy3rhd9HjGpNJr1EwJ3wb2NL1gygM9FDL3m7ajXCTj,3,USDSwr9ApdHk5bvJKMjzff41FfuX8bSxdKcR81vTwcA,USDS,27G8MtK7VtTcCHkpASjSDdkWWYfoqT6ggEuKidVJidD4,JLP,CxX1RcmT7qGFKDkXAGRgFzF6EJ9MgFKGGqoF8rRizwvQ,Ga45AjXSkZZ2oHXEFCBtVM64dfKRJB5rmxEGiMfAdGSj,0.808738,4.5606083716666665,4.424289,4.4241260386885
2025-10-10 15:24:31.000 UTC,2gHNKcMmTk4ChaX8WZBKxpNKFbj9L4bRUXcaSyjJY33eBGu5u6rHiEjze2My2kk3RddSHvBmMPdjWD3aMWddskUF,4,EPjFWdd5AufqSSqeM2qN1xzybapC8G4wEGGkZwyTDt1v,USDC,5oVNBeEEQvYi1cX3ir8Dx5n1P7pdxydbGF2X4TxVusJm,SCNSOL,HEyJLdMfZhhQ7FHCtjD5DWDFNFQhaeAVAsHeWqoY6dSD,HuwayEtJX8tCh8VBoTnpPahqsjmxnK1uKMj4uUQ9i8Lt,8.1e-8,0.0000238563225,0.000022,0.000022006412999999995
2025-10-10 19:30:26.000 UTC,5ZmZMwvLj8dezTwMuo5KkFWwekoKtWEX8mkZcwT9mKXXXmNw4As6y1hiNer5ZWaKe5QabxBhXSLniLv2VnKqDBn9,4,EPjFWdd5AufqSSqeM2qN1xzybapC8G4wEGGkZwyTDt1v,USDC,5oVNBeEEQvYi1cX3ir8Dx5n1P7pdxydbGF2X4TxVusJm,SCNSOL,jprP28oPc1wdRQEjxStDGhXWdN3tHyKMsx5RsCw67na,HuwayEtJX8tCh8VBoTnpPahqsjmxnK1uKMj4uUQ9i8Lt,0.33543095,94.82660909079166,89.02826,89.05868540785501
2025-10-10 20:58:07.000 UTC,4omE7AczhbncXKp3MZ5EGkBZyHFRZPP9r32iTeXBNpyM3GSEzsVSgSrvKgtz1hp2uaWYPBwa5aNrxs2BjdUY11FH,3,EPjFWdd5AufqSSqeM2qN1xzybapC8G4wEGGkZwyTDt1v,USDC,LBTCgU4b3wsFKsPwBn1rRZDx5DoFutM6RPiEt1TPDsY,LBTC,NtGjjRApkTWG8MQbpiTuP1gbLpjEBQJAxvn4ftmDsVw,9LC5SXdfpmV6HwRPA4MKDRGt2KbvVBFVLGgJRQsBApTc,0.00097484,113.91600133636666,109.345636,109.380708612747
2025-10-10 19:28:38.000 UTC,4f2PPZgBXd6RmTGwun3zUtCrTB38YLfufnfsjhzCjKqkJnd6ztAVCpKYnepYa9XKbxMphRruzzDSeR7edkQ7G91G,3,EPjFWdd5AufqSSqeM2qN1xzybapC8G4wEGGkZwyTDt1v,USDC,5oVNBeEEQvYi1cX3ir8Dx5n1P7pdxydbGF2X4TxVusJm,SCNSOL,CxX1RcmT7qGFKDkXAGRgFzF6EJ9MgFKGGqoF8rRizwvQ,HuwayEtJX8tCh8VBoTnpPahqsjmxnK1uKMj4uUQ9i8Lt,0.067257819,19.013841479482497,17.992136,17.998284812477998
2025-10-10 19:21:54.000 UTC,3feiS8G4LMYHYVDiZSB9GT1tc6pPRxyCmQEgKmAiLyjGPhHxS5XGGh2tc45fn1tNpgaKvRPxmHyCkoZpHgm5pQqQ,4,EPjFWdd5AufqSSqeM2qN1xzybapC8G4wEGGkZwyTDt1v,USDC,5oVNBeEEQvYi1cX3ir8Dx5n1P7pdxydbGF2X4TxVusJm,SCNSOL,3ue9E1xfztuuNtpezARKBRiZxNHSKfjaTjwNcKShSJsz,HuwayEtJX8tCh8VBoTnpPahqsjmxnK1uKMj4uUQ9i8Lt,0.06840075,19.336949025625,18.338884,18.345151313607
2025-10-10 15:21:16.000 UTC,2sBpLuBHcompi7qnkmZV2Pfuo5Div8fANMPuWGGoEsVtWLLZduDGpQhQPE7dKD7mAS4wALbGx2x1sSHwpypHtpRa,3,EPjFWdd5AufqSSqeM2qN1xzybapC8G4wEGGkZwyTDt1v,USDC,5oVNBeEEQvYi1cX3ir8Dx5n1P7pdxydbGF2X4TxVusJm,SCNSOL,CxX1RcmT7qGFKDkXAGRgFzF6EJ9MgFKGGqoF8rRizwvQ,HuwayEtJX8tCh8VBoTnpPahqsjmxnK1uKMj4uUQ9i8Lt,0.087354518,25.727871027655,24.557504,24.564662512416
2025-10-10 15:30:18.000 UTC,3aekFxq5zbP3h4MZqw3yBsA1bTpiw4u5SYRGw6b8eozcCL4BigNwheon6CFZDsAhF5bUKHus9LCsMsRiE8bYwDBm,4,EPjFWdd5AufqSSqeM2qN1xzybapC8G4wEGGkZwyTDt1v,USDC,5oVNBeEEQvYi1cX3ir8Dx5n1P7pdxydbGF2X4TxVusJm,SCNSOL,3ue9E1xfztuuNtpezARKBRiZxNHSKfjaTjwNcKShSJsz,HuwayEtJX8tCh8VBoTnpPahqsjmxnK1uKMj4uUQ9i8Lt,0.08150358,24.00463814055,22.596263,22.602849810664498
2025-10-10 18:50:00.000 UTC,5jwzzn57Bkna9LygpqZSCuTbv4tFuRT44QFzzyJdCdBgRxw9wx45ddMDGFVbynpwgsqoDsV9S1mtyNo9YtdnmFtE,3,USDSwr9ApdHk5bvJKMjzff41FfuX8bSxdKcR81vTwcA,USDS,27G8MtK7VtTcCHkpASjSDdkWWYfoqT6ggEuKidVJidD4,JLP,CxX1RcmT7qGFKDkXAGRgFzF6EJ9MgFKGGqoF8rRizwvQ,Ga45AjXSkZZ2oHXEFCBtVM64dfKRJB5rmxEGiMfAdGSj,0.796451,4.491319930833334,4.350927,4.350766740855501
2025-10-10 15:20:40.000 UTC,26uqrvaV2p4BpJDhVx1oSWCaD4gU6zpDLh1x1CAUxNxAfdZAeetbVRvEyjwk54saNLtt1NonJMSgkU1fgXs4h3zd,4,EPjFWdd5AufqSSqeM2qN1xzybapC8G4wEGGkZwyTDt1v,USDC,5oVNBeEEQvYi1cX3ir8Dx5n1P7pdxydbGF2X4TxVusJm,SCNSOL,3ue9E1xfztuuNtpezARKBRiZxNHSKfjaTjwNcKShSJsz,HuwayEtJX8tCh8VBoTnpPahqsjmxnK1uKMj4uUQ9i8Lt,0.456624481,134.4861837053225,128.503325,128.54078371923748
2025-10-10 15:26:24.000 UTC,2AHTwmvphVUowGavnQmJt8P6x2StuEBv9AvBB9eFyHqYjexaR2Nn8UEUKsAoa2oEXfhVjtQaoYgGKS128HbEduRV,4,EPjFWdd5AufqSSqeM2qN1xzybapC8G4wEGGkZwyTDt1v,USDC,5oVNBeEEQvYi1cX3ir8Dx5n1P7pdxydbGF2X4TxVusJm,SCNSOL,3ue9E1xfztuuNtpezARKBRiZxNHSKfjaTjwNcKShSJsz,HuwayEtJX8tCh8VBoTnpPahqsjmxnK1uKMj4uUQ9i8Lt,0.166474514,49.030490049564996,46.190247,46.203711457000495
2025-10-10 15:33:32.000 UTC,4CN6kHLEcgkP8hUzhehJUbNxyeNWiNBaVyUtZytBxAB846McongqKLDdSoNwCnF7hksXVJ5UC7ZUpiRyfAXGo1bw,5,EPjFWdd5AufqSSqeM2qN1xzybapC8G4wEGGkZwyTDt1v,USDC,5oVNBeEEQvYi1cX3ir8Dx5n1P7pdxydbGF2X4TxVusJm,SCNSOL,3ue9E1xfztuuNtpezARKBRiZxNHSKfjaTjwNcKShSJsz,HuwayEtJX8tCh8VBoTnpPahqsjmxnK1uKMj4uUQ9i8Lt,0.077038097,22.6894529236825,21.134157,21.140317606765496
2025-10-10 15:34:49.000 UTC,4WuALA96xiriDcY1SJWfQP57pTroTHrRfAUdGJPcwzBkmfxs52oe9FzRt2HfULKvjiU6vEJkupfRVeptKtpC8pVi,5,EPjFWdd5AufqSSqeM2qN1xzybapC8G4wEGGkZwyTDt1v,USDC,5oVNBeEEQvYi1cX3ir8Dx5n1P7pdxydbGF2X4TxVusJm,SCNSOL,3ue9E1xfztuuNtpezARKBRiZxNHSKfjaTjwNcKShSJsz,HuwayEtJX8tCh8VBoTnpPahqsjmxnK1uKMj4uUQ9i8Lt,0.306821652,90.36588000117,83.651106,83.675490297399
2025-10-10 15:22:48.000 UTC,61ACJS8P3Y3uaF7nCsKcwXv1pjZrnVSVj16w4g8ekbD4LCiSz8oY5hiq7jX9Qba3qPg6AXbzUYgWTW2yFJfrHbaw,5,EPjFWdd5AufqSSqeM2qN1xzybapC8G4wEGGkZwyTDt1v,USDC,5oVNBeEEQvYi1cX3ir8Dx5n1P7pdxydbGF2X4TxVusJm,SCNSOL,3ue9E1xfztuuNtpezARKBRiZxNHSKfjaTjwNcKShSJsz,HuwayEtJX8tCh8VBoTnpPahqsjmxnK1uKMj4uUQ9i8Lt,0.521922932,153.71804673996996,145.414593,145.45698135385948
2025-10-10 15:31:33.000 UTC,2iGKyeCLqKNJM7FLpfuMfP5SwnyZpVoSZQZUH6VqoUGsvw39Dae276C4W9Coirn7N3wvkCSspFTCwWana3h4TKKo,5,EPjFWdd5AufqSSqeM2qN1xzybapC8G4wEGGkZwyTDt1v,USDC,5oVNBeEEQvYi1cX3ir8Dx5n1P7pdxydbGF2X4TxVusJm,SCNSOL,jprP28oPc1wdRQEjxStDGhXWdN3tHyKMsx5RsCw67na,HuwayEtJX8tCh8VBoTnpPahqsjmxnK1uKMj4uUQ9i8Lt,0.405970283,119.56738267486749,111.319988,111.35243777650199
2025-10-10 19:11:37.000 UTC,SKaM9gBLWrvcQqPhDJMtQUR8GtZ56ezZyW3hmMwCcL6pBPxqVDvKuHSXjjF7Fk55DUqYTL6ZxP7ngWLxv4vRx83,3,EPjFWdd5AufqSSqeM2qN1xzybapC8G4wEGGkZwyTDt1v,USDC,5oVNBeEEQvYi1cX3ir8Dx5n1P7pdxydbGF2X4TxVusJm,SCNSOL,CxX1RcmT7qGFKDkXAGRgFzF6EJ9MgFKGGqoF8rRizwvQ,HuwayEtJX8tCh8VBoTnpPahqsjmxnK1uKMj4uUQ9i8Lt,0.070809638,20.017943670631663,19.100228,19.106755502919
2025-10-10 19:11:53.000 UTC,23ooDthSMmNEo7xeTaoyHXqH6GX52T1EcN4SV68Af12fydm5671N9ogDeLU4nkPooS6dhr6Vj41oRWkCiJnXq5hZ,5,EPjFWdd5AufqSSqeM2qN1xzybapC8G4wEGGkZwyTDt1v,USDC,5oVNBeEEQvYi1cX3ir8Dx5n1P7pdxydbGF2X4TxVusJm,SCNSOL,3ue9E1xfztuuNtpezARKBRiZxNHSKfjaTjwNcKShSJsz,HuwayEtJX8tCh8VBoTnpPahqsjmxnK1uKMj4uUQ9i8Lt,0.069953242,19.77583980776833,18.842486,18.8489254195905
2025-10-10 19:12:03.000 UTC,5SqdZmeYM7YHcLy9GEGEj6SZQhkFxvCPD5TVXHtb1xGXsef9mGV8Qm1i67pKqkvKo6yXZGMzueqHCBDiHNFaNJrp,4,EPjFWdd5AufqSSqeM2qN1xzybapC8G4wEGGkZwyTDt1v,USDC,5oVNBeEEQvYi1cX3ir8Dx5n1P7pdxydbGF2X4TxVusJm,SCNSOL,CxX1RcmT7qGFKDkXAGRgFzF6EJ9MgFKGGqoF8rRizwvQ,HuwayEtJX8tCh8VBoTnpPahqsjmxnK1uKMj4uUQ9i8Lt,0.000264956,0.07490328199666667,0.071352,0.071376384546
2025-10-10 19:20:30.000 UTC,2wRjgGcGWMvXea8vKKztNQkodLSte4jfMExtRaPL8whoDku1AGwYybqTpPGjK5VcdkXaqb7F8EduEVLb13WF5G4Z,3,EPjFWdd5AufqSSqeM2qN1xzybapC8G4wEGGkZwyTDt1v,USDC,5oVNBeEEQvYi1cX3ir8Dx5n1P7pdxydbGF2X4TxVusJm,SCNSOL,CxX1RcmT7qGFKDkXAGRgFzF6EJ9MgFKGGqoF8rRizwvQ,HuwayEtJX8tCh8VBoTnpPahqsjmxnK1uKMj4uUQ9i8Lt,0.068795477,19.448538677464164,18.48928,18.495598711440003
2025-10-10 19:22:27.000 UTC,4VJU5Ku61foXTYZB5mJNYAE1d83rF7VWvv2Kw26p96UNPimxJ6vZZBWWJFyz5GbHq7bNPAHSYFLYH7oy3hXFcLhs,4,EPjFWdd5AufqSSqeM2qN1xzybapC8G4wEGGkZwyTDt1v,USDC,5oVNBeEEQvYi1cX3ir8Dx5n1P7pdxydbGF2X4TxVusJm,SCNSOL,3ue9E1xfztuuNtpezARKBRiZxNHSKfjaTjwNcKShSJsz,HuwayEtJX8tCh8VBoTnpPahqsjmxnK1uKMj4uUQ9i8Lt,0.067609578,19.113284041915,18.121004,18.127196853117
2025-10-10 15:57:43.000 UTC,59Xb6qe9MHM8X886R2vyp6PpxV4rhQfEehXx6N9JH1gSqRGb7GK5rvx5592egED1aaKEKuMZQT4ej7CPhBBoQ6PR,3,USDSwr9ApdHk5bvJKMjzff41FfuX8bSxdKcR81vTwcA,USDS,27G8MtK7VtTcCHkpASjSDdkWWYfoqT6ggEuKidVJidD4,JLP,CxX1RcmT7qGFKDkXAGRgFzF6EJ9MgFKGGqoF8rRizwvQ,Ga45AjXSkZZ2oHXEFCBtVM64dfKRJB5rmxEGiMfAdGSj,0.847133,4.839953206666666,4.653799,4.654001440256501
2025-10-10 15:32:19.000 UTC,4nF5ydkJGvN7vBJW4DUbHjvYBwBvetEtDML3gHNsEvMKANgrQyB1bQF4ggTRUgDhURHAHiHSqJdC1NJjvMCv7mFE,5,EPjFWdd5AufqSSqeM2qN1xzybapC8G4wEGGkZwyTDt1v,USDC,5oVNBeEEQvYi1cX3ir8Dx5n1P7pdxydbGF2X4TxVusJm,SCNSOL,3ue9E1xfztuuNtpezARKBRiZxNHSKfjaTjwNcKShSJsz,HuwayEtJX8tCh8VBoTnpPahqsjmxnK1uKMj4uUQ9i8Lt,0.085923433,25.306384295742497,23.617493,23.624377499209498
2025-10-10 18:13:48.000 UTC,3Dv3z7VYPMr3Gdwosu4G97CrjFieXFWVD2K3k5arZafznYVDGXhv8wSqnPWbPomysXrm9gqpsmrAz5s9jvUGLRan,3,2u1tszSeqZ3qBWF3uNGPFc8TzMk2tdiwknnRMWGWjGWH,USDG,So11111111111111111111111111111111111111112,SOL,CxX1RcmT7qGFKDkXAGRgFzF6EJ9MgFKGGqoF8rRizwvQ,86qvvWArhChtJ9H77MqtHMy3d13tzUkjPhiAv8tpHrtf,0.470671205,98.32086136847501,97.111529,97.13882543227642
2025-10-10 18:48:13.000 UTC,5XQRzNwbHfi68waKf98YE6wZrUALjesj6TQNDHejVxd391F69fNP3CC5zCiKefCMSwnWWzB92H54nnoasKSWsRq5,3,2u1tszSeqZ3qBWF3uNGPFc8TzMk2tdiwknnRMWGWjGWH,USDG,So11111111111111111111111111111111111111112,SOL,CxX1RcmT7qGFKDkXAGRgFzF6EJ9MgFKGGqoF8rRizwvQ,86qvvWArhChtJ9H77MqtHMy3d13tzUkjPhiAv8tpHrtf,0.467527091,97.66407167444501,96.326178,96.3532536831995
2025-10-10 18:59:36.000 UTC,2AfE5x24ZVVicKcrJbVxETtXq1xmBybTSVaLioS4suftbrwZHouQQX8xTXbKxmqcodwmVda9Vy3SVQbE578XdcWf,3,2u1tszSeqZ3qBWF3uNGPFc8TzMk2tdiwknnRMWGWjGWH,USDG,jupSoLaHXQiZZTSfEWMTRRgpnyFm8f6sZdosWBjx93v,JUPSOL,CxX1RcmT7qGFKDkXAGRgFzF6EJ9MgFKGGqoF8rRizwvQ,2UcfVZLJxovLb5GcAbszyyseFbNxRsmaM2ZzR99nS3V6,0.132669284,31.7112756081,30.007809,30.016243694979753
2025-10-10 15:20:21.000 UTC,jQTXvRoirS59z52gYbJ9474jFMYcATEnbLd6KqR534eB8M9khc5bQuNewdx1MHfZiPiEEJiAbQj8BygtCYNt3X6,4,2u1tszSeqZ3qBWF3uNGPFc8TzMk2tdiwknnRMWGWjGWH,USDG,J1toso1uCk3RLmjorhTtrVwY9HJ7X8V9yYac6Y7kGCPn,JITOSOL,3ue9E1xfztuuNtpezARKBRiZxNHSKfjaTjwNcKShSJsz,J8UDDPMj9Fp1RYZEiKX7qa72BraGZNf7SNz2tVGZVVBK,1.254524181,333.44311837844253,319.105123,319.2261170258041
2025-10-10 15:22:45.000 UTC,2K58f7QvAaryxEshRXwhU1wF8xyMjPJ9FXHiERJKEm4dzrdeTSkzxShFh6QMqdCi1FZMVy4exdj74kradfRdiowk,4,EPjFWdd5AufqSSqeM2qN1xzybapC8G4wEGGkZwyTDt1v,USDC,J1toso1uCk3RLmjorhTtrVwY9HJ7X8V9yYac6Y7kGCPn,JITOSOL,NtGjjRApkTWG8MQbpiTuP1gbLpjEBQJAxvn4ftmDsVw,Fc4sVsMvtU4UZenN8AvdaQ67k3eJcoiBFf7Cs3ZX6eDn,0.076177403,20.247382386877504,19.178239,19.183829456668498
2025-10-10 15:31:05.000 UTC,3zurPAEfmQKLJ9qZQ8QE5qCozk8GPTvHY851VbjsqsYDSZMwsqWTEEie1y6Qg7SApwz7Xwu33R617YRHFqxNeY1n,3,EPjFWdd5AufqSSqeM2qN1xzybapC8G4wEGGkZwyTDt1v,USDC,J1toso1uCk3RLmjorhTtrVwY9HJ7X8V9yYac6Y7kGCPn,JITOSOL,NtGjjRApkTWG8MQbpiTuP1gbLpjEBQJAxvn4ftmDsVw,Fc4sVsMvtU4UZenN8AvdaQ67k3eJcoiBFf7Cs3ZX6eDn,0.148860561,39.5660206595925,37.031409,37.04220365572349
2025-10-10 15:31:48.000 UTC,2ENTNh6YqbkTRa53moEQkWZxovvii1b6WtAZ6JQn4iCSXij5jVeT9dj5rEZPwxmnM3RMZWHKoKSDd4AviYAmfjCG,3,EPjFWdd5AufqSSqeM2qN1xzybapC8G4wEGGkZwyTDt1v,USDC,J1toso1uCk3RLmjorhTtrVwY9HJ7X8V9yYac6Y7kGCPn,JITOSOL,NtGjjRApkTWG8MQbpiTuP1gbLpjEBQJAxvn4ftmDsVw,Fc4sVsMvtU4UZenN8AvdaQ67k3eJcoiBFf7Cs3ZX6eDn,0.220451428,58.59433617669001,54.622651,54.63857350276649
2025-10-10 23:55:10.000 UTC,5thV4Ua4udpQbt8myeWQE61EbJtT1SaCESwNZYoWRCNZWxRkhe7g4f2yh8jLgDXRqL3PrXw99TyN3g6siddMFkeh,5,EPjFWdd5AufqSSqeM2qN1xzybapC8G4wEGGkZwyTDt1v,USDC,27G8MtK7VtTcCHkpASjSDdkWWYfoqT6ggEuKidVJidD4,JLP,AKKVzD8w7AqKVhNTe82DREARHoHwUhi8YHm7sB9BWGBD,BDpgMQoAWbSFEjHHtF3kbytKQnJHr8FhFhRqc67x8AJE,1144.578587,6234.138037193333,6043.00932,6046.8713065395905
2025-10-10 17:46:36.000 UTC,KkUQeT51tZ6kGLJ8Vad7WkXGtu4g5Fifcd7cfv2SZ8vPqBQop8pXwHBnDk5FuqaodMCquZKhkQfsMLgCZ8mQY7T,3,EPjFWdd5AufqSSqeM2qN1xzybapC8G4wEGGkZwyTDt1v,USDC,So11111111111111111111111111111111111111112,SOL,CxX1RcmT7qGFKDkXAGRgFzF6EJ9MgFKGGqoF8rRizwvQ,8W2SoErPPcYvbBvfSBHZECTXsFu8ZSLSYfQkaTatxKVv,0.829173185,174.52299002349167,171.572719,171.60630435974426
2025-10-10 15:20:58.000 UTC,HamjTzWuLQXnNnJreApT3EwePHEaeAYTyFYTV1rHNPiQWQBkx9F3anJzrKYyjDQSWqFQAZiUjaAuf7opNowEH4y,4,2u1tszSeqZ3qBWF3uNGPFc8TzMk2tdiwknnRMWGWjGWH,USDG,J1toso1uCk3RLmjorhTtrVwY9HJ7X8V9yYac6Y7kGCPn,JITOSOL,CxX1RcmT7qGFKDkXAGRgFzF6EJ9MgFKGGqoF8rRizwvQ,J8UDDPMj9Fp1RYZEiKX7qa72BraGZNf7SNz2tVGZVVBK,0.145680972,38.72090975031,37.019413,37.03344952742916
2025-10-10 15:25:15.000 UTC,29THDoqKtFfSCsqdTnXGFJTHBEy99c95snkQueUMH2KtZmR3mjtpmvZUi6yVbxY8yeaystngRUhiqm2H7cnCXn2v,3,EPjFWdd5AufqSSqeM2qN1xzybapC8G4wEGGkZwyTDt1v,USDC,J1toso1uCk3RLmjorhTtrVwY9HJ7X8V9yYac6Y7kGCPn,JITOSOL,NtGjjRApkTWG8MQbpiTuP1gbLpjEBQJAxvn4ftmDsVw,Fc4sVsMvtU4UZenN8AvdaQ67k3eJcoiBFf7Cs3ZX6eDn,0.077587962,20.622298389885,19.485497,19.491177022375496
2025-10-10 15:26:00.000 UTC,596ywdtmidDvuxmXsrX45NqTcFsuH261k4HEDon82mAcoCi2A7Qyz4cLCcGTLnc2dFNMdxocGCFucRXPgeYn14tX,3,EPjFWdd5AufqSSqeM2qN1xzybapC8G4wEGGkZwyTDt1v,USDC,J1toso1uCk3RLmjorhTtrVwY9HJ7X8V9yYac6Y7kGCPn,JITOSOL,NtGjjRApkTWG8MQbpiTuP1gbLpjEBQJAxvn4ftmDsVw,Fc4sVsMvtU4UZenN8AvdaQ67k3eJcoiBFf7Cs3ZX6eDn,0.077072216,20.48521697118,19.323303,19.3289357428245
2025-10-10 17:40:44.000 UTC,2QVn5mTGymJaoj5AtCCcbDrioT8zvJnBbkP2DGCwKfxR8VHMJvGvni2RANJvPbNXGreHh1boWmdT12Aic42sW2V3,3,2u1tszSeqZ3qBWF3uNGPFc8TzMk2tdiwknnRMWGWjGWH,USDG,So11111111111111111111111111111111111111112,SOL,CxX1RcmT7qGFKDkXAGRgFzF6EJ9MgFKGGqoF8rRizwvQ,86qvvWArhChtJ9H77MqtHMy3d13tzUkjPhiAv8tpHrtf,0.484556729,101.98869272537166,100.502463,100.52901240064251
2025-10-10 18:49:04.000 UTC,3dS6W1FbmGqmufjqJwZ8e8XUkXtm5s1UVChumRRyZssLLXQvrdwQko6f4t297NPjcBSUKVECBeKc21rNgV8CBw6h,3,EPjFWdd5AufqSSqeM2qN1xzybapC8G4wEGGkZwyTDt1v,USDC,So11111111111111111111111111111111111111112,SOL,CxX1RcmT7qGFKDkXAGRgFzF6EJ9MgFKGGqoF8rRizwvQ,8W2SoErPPcYvbBvfSBHZECTXsFu8ZSLSYfQkaTatxKVv,0.886811925,185.250577072875,182.275289,182.3010809533935
2025-10-10 18:40:34.000 UTC,4qeYVVUPix9EAoWZwYczTRVndH2vqtXdn9xk6CPTMTERKyBR12CQkwfLiXPfMWCmr8XCtxEcZAwYokj5n49ZJRD4,3,Es9vMFrzaCERmJfrF4H2FYD4KCoNkY11McCe8BenwNYB,USDT,So11111111111111111111111111111111111111112,SOL,CxX1RcmT7qGFKDkXAGRgFzF6EJ9MgFKGGqoF8rRizwvQ,8wEzcmbTczEui1Y4JwiuaqvCycCoYGAUpHtVmYNAJ64r,0.065398836,13.66148984622,13.481284,13.487460674952668
2025-10-10 18:49:32.000 UTC,5zoZ136ZVEDkGsPfyodbQqHR3vjj4kSSaio8d6E134tLvB3cpsm5ArKjR7L9Jn2VKs2XPhoEcMnDvQ8uhmDFq3Sx,3,HzwqbKZw8HxMN6bF2yFZNrht3c2iXXzpKcFu7uBEDKtr,EURC,So11111111111111111111111111111111111111112,SOL,CxX1RcmT7qGFKDkXAGRgFzF6EJ9MgFKGGqoF8rRizwvQ,5BmVETKMwv139B8A833okt3GgeJHiQpSjZDMp6YwinNJ,0.172050876,35.94056774202,30.479467,35.365399218811916
2025-10-10 18:07:37.000 UTC,4iaKrVDe6gwjXNmN9G2jD8zBVcYZ9CzwzqhbBWarM5bDP4c5xLcRxpnhh3qrxeTFDqrzJjEHqBXzcSCxwB99wfho,3,EPjFWdd5AufqSSqeM2qN1xzybapC8G4wEGGkZwyTDt1v,USDC,So11111111111111111111111111111111111111112,SOL,CxX1RcmT7qGFKDkXAGRgFzF6EJ9MgFKGGqoF8rRizwvQ,8W2SoErPPcYvbBvfSBHZECTXsFu8ZSLSYfQkaTatxKVv,1.643116699,343.238862837605,339.215315,339.26331396707246
2025-10-10 18:40:33.000 UTC,2S4Eczkp4Qz4ijG7V5jPNmAps68YgtHYphRjJ96B6HjgPamXRRhN9QKZACrBGFMCD3wkgcrFyhfn4xb8U1aJGFeZ,3,EPjFWdd5AufqSSqeM2qN1xzybapC8G4wEGGkZwyTDt1v,USDC,So11111111111111111111111111111111111111112,SOL,CxX1RcmT7qGFKDkXAGRgFzF6EJ9MgFKGGqoF8rRizwvQ,8W2SoErPPcYvbBvfSBHZECTXsFu8ZSLSYfQkaTatxKVv,0.886125427,185.107171073165,182.665461,182.6913081627315
2025-10-10 15:22:22.000 UTC,5MyAVtLDpMVk8MRoDi54fsyarMs3nTSCQbUji6JPzEvAyiFKfZqTtErojyjQDTCAQ8LwYdyj1p2KqKJeHp3vdt54,3,EPjFWdd5AufqSSqeM2qN1xzybapC8G4wEGGkZwyTDt1v,USDC,J1toso1uCk3RLmjorhTtrVwY9HJ7X8V9yYac6Y7kGCPn,JITOSOL,NtGjjRApkTWG8MQbpiTuP1gbLpjEBQJAxvn4ftmDsVw,Fc4sVsMvtU4UZenN8AvdaQ67k3eJcoiBFf7Cs3ZX6eDn,0.08460159,22.486468110075002,21.299092,21.305300685318
2025-10-10 15:22:50.000 UTC,L2PYaQaUsgwHxft8JBXaqXAzHHAugyY7toBsCCQhH4jqRPZ5p5NepKTKXtRdeBS5L2Ak2fhinfPinDV6GcGQRNx,5,2u1tszSeqZ3qBWF3uNGPFc8TzMk2tdiwknnRMWGWjGWH,USDG,J1toso1uCk3RLmjorhTtrVwY9HJ7X8V9yYac6Y7kGCPn,JITOSOL,3ue9E1xfztuuNtpezARKBRiZxNHSKfjaTjwNcKShSJsz,J8UDDPMj9Fp1RYZEiKX7qa72BraGZNf7SNz2tVGZVVBK,0.872234167,231.8332998323475,219.591576,219.67483780589998
2025-10-10 15:26:31.000 UTC,6cJCGMwQhEpr7yFkEjihHtMPRzEwR7UNmucWDmQxzMLZEuQXr5KJCvmMnXkvY2NjyCSeV9BekhTQZAdZNuukYXo,5,2u1tszSeqZ3qBWF3uNGPFc8TzMk2tdiwknnRMWGWjGWH,USDG,J1toso1uCk3RLmjorhTtrVwY9HJ7X8V9yYac6Y7kGCPn,JITOSOL,3ue9E1xfztuuNtpezARKBRiZxNHSKfjaTjwNcKShSJsz,J8UDDPMj9Fp1RYZEiKX7qa72BraGZNf7SNz2tVGZVVBK,0.273423518,72.673920408015,68.551885,68.57787758972916
2025-10-10 15:31:40.000 UTC,4c7ze4TcpDRCGXet1hU6no8CKcDjTyzmCEzs8U2QiehgLaxfYBDRnV25iF7FrhaN5tY6W5cXZQSwVZKfdtcD9hu2,4,2u1tszSeqZ3qBWF3uNGPFc8TzMk2tdiwknnRMWGWjGWH,USDG,J1toso1uCk3RLmjorhTtrVwY9HJ7X8V9yYac6Y7kGCPn,JITOSOL,3ue9E1xfztuuNtpezARKBRiZxNHSKfjaTjwNcKShSJsz,J8UDDPMj9Fp1RYZEiKX7qa72BraGZNf7SNz2tVGZVVBK,0.678411978,180.316815662565,168.094448,168.15818381153332
2025-10-10 17:47:16.000 UTC,DBANGQoM3L7UpNoXnbPWkree2D4R4fjZngpLFnNt8mpfJJX4GwWYXAUCfwEgFg2FHmvmFBeCVj7vZfobz3dXhqK,3,2u1tszSeqZ3qBWF3uNGPFc8TzMk2tdiwknnRMWGWjGWH,USDG,So11111111111111111111111111111111111111112,SOL,CxX1RcmT7qGFKDkXAGRgFzF6EJ9MgFKGGqoF8rRizwvQ,86qvvWArhChtJ9H77MqtHMy3d13tzUkjPhiAv8tpHrtf,0.477090545,100.41722276069166,98.713049,98.73912569711084
2025-10-10 23:56:36.000 UTC,9LQyoFggNvVhYCS6FRQss1rZcQx1a6HduK6im9ru9c3AXDEZH78Z9BnXkwrxfSJ2eszCNsb9TFduQUhxcwSwPuo,5,EPjFWdd5AufqSSqeM2qN1xzybapC8G4wEGGkZwyTDt1v,USDC,27G8MtK7VtTcCHkpASjSDdkWWYfoqT6ggEuKidVJidD4,JLP,AKKVzD8w7AqKVhNTe82DREARHoHwUhi8YHm7sB9BWGBD,BDpgMQoAWbSFEjHHtF3kbytKQnJHr8FhFhRqc67x8AJE,272.726641,1485.4511046466664,1435.859259,1436.7768927214395
2025-10-10 18:07:47.000 UTC,4t2i6z33rEq1rGPTE2EfzgRak2UnH19PDJWt6Ksvi3J9GotBj7ba5u2htgAWM6Z2K36tMKqg2epRM59hCVGM6svM,3,2u1tszSeqZ3qBWF3uNGPFc8TzMk2tdiwknnRMWGWjGWH,USDG,jupSoLaHXQiZZTSfEWMTRRgpnyFm8f6sZdosWBjx93v,JUPSOL,CxX1RcmT7qGFKDkXAGRgFzF6EJ9MgFKGGqoF8rRizwvQ,2UcfVZLJxovLb5GcAbszyyseFbNxRsmaM2ZzR99nS3V6,0.274031787,65.50044788767501,62.260752,62.27825245970799
2025-10-10 15:21:00.000 UTC,3Msw3SXXaFo7ox8Zn5DTnKJVNtWsUJTa5f8VDsprREkS5eExqRbEQSN8drbL6UsKmKcRuR8o9cFCfncu2KV8HFaf,3,EPjFWdd5AufqSSqeM2qN1xzybapC8G4wEGGkZwyTDt1v,USDC,J1toso1uCk3RLmjorhTtrVwY9HJ7X8V9yYac6Y7kGCPn,JITOSOL,NtGjjRApkTWG8MQbpiTuP1gbLpjEBQJAxvn4ftmDsVw,Fc4sVsMvtU4UZenN8AvdaQ67k3eJcoiBFf7Cs3ZX6eDn,0.08368685,22.243337078625,21.265907,21.272106011890497
2025-10-10 15:24:58.000 UTC,3norgr8uogJgFSQZDtddac3vUGtH7Zv2ZEFiN5d6CJTgH15SMhAjRn5WYgzTDmWjgSW41b5NhQt32H7HWWTbiYms,4,2u1tszSeqZ3qBWF3uNGPFc8TzMk2tdiwknnRMWGWjGWH,USDG,J1toso1uCk3RLmjorhTtrVwY9HJ7X8V9yYac6Y7kGCPn,JITOSOL,3ue9E1xfztuuNtpezARKBRiZxNHSKfjaTjwNcKShSJsz,J8UDDPMj9Fp1RYZEiKX7qa72BraGZNf7SNz2tVGZVVBK,0.137773746,36.619228383705,34.642397,34.65553224219583
2025-10-10 15:35:34.000 UTC,4uw44TdVUVVGWrGuqqtwoc5goJgzhZWYHAVebdRWebDis1xtEtodzX4MhtAJyDNr8ndpxZRGdtnbZJ3osTFqXr6H,4,2u1tszSeqZ3qBWF3uNGPFc8TzMk2tdiwknnRMWGWjGWH,USDG,J1toso1uCk3RLmjorhTtrVwY9HJ7X8V9yYac6Y7kGCPn,JITOSOL,3ue9E1xfztuuNtpezARKBRiZxNHSKfjaTjwNcKShSJsz,J8UDDPMj9Fp1RYZEiKX7qa72BraGZNf7SNz2tVGZVVBK,0.127251743,33.822558901327504,31.515241,31.527190528879164
2025-10-10 23:34:58.000 UTC,37cgbyzmqQCarEftchB7Y76b3GqT1vXy8mkxq3faJu57HneRrx5HkECgWBuZgKc4fsicna2NEG8iAPLDiHzvXaFT,5,EPjFWdd5AufqSSqeM2qN1xzybapC8G4wEGGkZwyTDt1v,USDC,27G8MtK7VtTcCHkpASjSDdkWWYfoqT6ggEuKidVJidD4,JLP,AKKVzD8w7AqKVhNTe82DREARHoHwUhi8YHm7sB9BWGBD,BDpgMQoAWbSFEjHHtF3kbytKQnJHr8FhFhRqc67x8AJE,92.863165,505.7947053666666,491.472876,491.786968123837
2025-10-10 23:34:15.000 UTC,29cE8nyqM16KjBjDsmexH9znVfeXTeUMTtwB1wpL6mqjvAzgqdvLFbavFuiQKm897abBLUTe1U2VgVjnqLAC5gNY,5,EPjFWdd5AufqSSqeM2qN1xzybapC8G4wEGGkZwyTDt1v,USDC,27G8MtK7VtTcCHkpASjSDdkWWYfoqT6ggEuKidVJidD4,JLP,AKKVzD8w7AqKVhNTe82DREARHoHwUhi8YHm7sB9BWGBD,BDpgMQoAWbSFEjHHtF3kbytKQnJHr8FhFhRqc67x8AJE,124.895101,680.2619834466666,660.95074,661.3731426020884
2025-10-10 17:40:46.000 UTC,3yYuGcKxReJZ2NHGduJaWRcRQimRUYeeEhPiQdjcoU1sYyr6FE3Xmce87brP3EjwhgqdVaAtzEpKRALypd8Tr4GL,3,Es9vMFrzaCERmJfrF4H2FYD4KCoNkY11McCe8BenwNYB,USDT,So11111111111111111111111111111111111111112,SOL,CxX1RcmT7qGFKDkXAGRgFzF6EJ9MgFKGGqoF8rRizwvQ,8wEzcmbTczEui1Y4JwiuaqvCycCoYGAUpHtVmYNAJ64r,0.067014856,14.105175199453333,13.899627,13.90722198785325
2025-10-10 20:57:16.000 UTC,41RuaNe6HbZWaACwvcm3j1B4yDAiFFWUSx7KQDQM7HUwFqFxMadk6xz15o5FtdChUbx8YzJpXXLg7nXEbGqDeqzS,4,EPjFWdd5AufqSSqeM2qN1xzybapC8G4wEGGkZwyTDt1v,USDC,5oVNBeEEQvYi1cX3ir8Dx5n1P7pdxydbGF2X4TxVusJm,SCNSOL,68Z9juTBhG3ybnbMYwTHP8z4jmEJndYtxzq3dLpQMz64,HuwayEtJX8tCh8VBoTnpPahqsjmxnK1uKMj4uUQ9i8Lt,0.446642846,126.31022464642834,117.201729,117.23932145457675
2025-10-10 18:07:24.000 UTC,5jMoHBWo1xgMpsbMuy9agsMJ7HwssamSFVaD6thSDhkPD5zPZh9eQH6d2EJkkDAZr92oV7E81n2GhTKU36K8V7kb,3,Es9vMFrzaCERmJfrF4H2FYD4KCoNkY11McCe8BenwNYB,USDT,So11111111111111111111111111111111111111112,SOL,CxX1RcmT7qGFKDkXAGRgFzF6EJ9MgFKGGqoF8rRizwvQ,8wEzcmbTczEui1Y4JwiuaqvCycCoYGAUpHtVmYNAJ64r,0.066431925,13.877296972875001,13.727236,13.733525361960668
2025-10-10 18:07:38.000 UTC,4GPwhXgdEeCipmZLptTKTk654PnP4Cre2we6adk4Cki4nKesRhtbaP6JrZhTVm5Swn6SZhYqAQ5CsYQQeJKheRwe,3,EPjFWdd5AufqSSqeM2qN1xzybapC8G4wEGGkZwyTDt1v,USDC,jupSoLaHXQiZZTSfEWMTRRgpnyFm8f6sZdosWBjx93v,JUPSOL,CxX1RcmT7qGFKDkXAGRgFzF6EJ9MgFKGGqoF8rRizwvQ,79sNeDBuT4numgu16Rps5ViSppqnJYNsgYW32E954JeL,0.004647173,1.110790526325,1.05586,1.0560094041900001
2025-10-10 18:07:42.000 UTC,5GaiXB9QknXqHS7NqBxc3AdVjCfbJNGE5ayPJ9AqZ49cAZVas8vBm7ufngrFfH1Ly3U2pwY7iGo4NEnovrbg6NDZ,3,Es9vMFrzaCERmJfrF4H2FYD4KCoNkY11McCe8BenwNYB,USDT,So11111111111111111111111111111111111111112,SOL,CxX1RcmT7qGFKDkXAGRgFzF6EJ9MgFKGGqoF8rRizwvQ,8wEzcmbTczEui1Y4JwiuaqvCycCoYGAUpHtVmYNAJ64r,0.065819236,13.74930930422,13.588007,13.594232571873833
2025-10-10 18:49:03.000 UTC,4f2y9YgunP7ZwhSBkRTK59CAdLCewcCHgrc5HiMwK5qjADGsdTUBrSTapaCuohzsEvDo6LaDx26y7a9xRF636DHp,3,2u1tszSeqZ3qBWF3uNGPFc8TzMk2tdiwknnRMWGWjGWH,USDG,So11111111111111111111111111111111111111112,SOL,CxX1RcmT7qGFKDkXAGRgFzF6EJ9MgFKGGqoF8rRizwvQ,86qvvWArhChtJ9H77MqtHMy3d13tzUkjPhiAv8tpHrtf,0.466768592,97.50562502584,95.939598,95.9665650220045
2025-10-10 15:20:25.000 UTC,28Kwh9JQzdWHmwhcoj1FKjBw7oGiC1wLrFexz8g2U1bLwQnRwEANGLSgzdUjPjZFhJVscGKwfoveZYLAuvU3UwNu,3,EPjFWdd5AufqSSqeM2qN1xzybapC8G4wEGGkZwyTDt1v,USDC,J1toso1uCk3RLmjorhTtrVwY9HJ7X8V9yYac6Y7kGCPn,JITOSOL,NtGjjRApkTWG8MQbpiTuP1gbLpjEBQJAxvn4ftmDsVw,Fc4sVsMvtU4UZenN8AvdaQ67k3eJcoiBFf7Cs3ZX6eDn,0.168085602,44.675892369585,42.754836,42.76729903469399
2025-10-10 15:22:01.000 UTC,4yjikoPZpgCAsziGBahELqidEMCc3rMUfneoiR5CrbrTbsEsB2GPbhhZHfqnmvzQoLRQfx2EviLdcDidUQzv9c8L,3,EPjFWdd5AufqSSqeM2qN1xzybapC8G4wEGGkZwyTDt1v,USDC,J1toso1uCk3RLmjorhTtrVwY9HJ7X8V9yYac6Y7kGCPn,JITOSOL,NtGjjRApkTWG8MQbpiTuP1gbLpjEBQJAxvn4ftmDsVw,Fc4sVsMvtU4UZenN8AvdaQ67k3eJcoiBFf7Cs3ZX6eDn,0.247276785,65.7243148771125,62.38289,62.401074612434996
2025-10-10 15:22:25.000 UTC,63JpS3XLVXgzFp8dCLvTHj5CeEafPHeQAbxf6KwbnTGmWcFHMKaFLBiw2prSdBbUAVU2i6SRLCPPgFYWakSRsKs1,3,EPjFWdd5AufqSSqeM2qN1xzybapC8G4wEGGkZwyTDt1v,USDC,J1toso1uCk3RLmjorhTtrVwY9HJ7X8V9yYac6Y7kGCPn,JITOSOL,NtGjjRApkTWG8MQbpiTuP1gbLpjEBQJAxvn4ftmDsVw,Fc4sVsMvtU4UZenN8AvdaQ67k3eJcoiBFf7Cs3ZX6eDn,0.084601598,22.486470236415002,21.299094,21.305302685900998
2025-10-10 15:30:53.000 UTC,28SWZHqBdYSAn86brQwHgXbmXzsekVzurrttB3fShsv7SqjghjEWNPKCYzRLmRb1Eq8wzrMqcEPffjP1wtox7MwY,3,EPjFWdd5AufqSSqeM2qN1xzybapC8G4wEGGkZwyTDt1v,USDC,J1toso1uCk3RLmjorhTtrVwY9HJ7X8V9yYac6Y7kGCPn,JITOSOL,NtGjjRApkTWG8MQbpiTuP1gbLpjEBQJAxvn4ftmDsVw,Fc4sVsMvtU4UZenN8AvdaQ67k3eJcoiBFf7Cs3ZX6eDn,0.076801763,20.4133325921775,19.142504,19.148084039915997
2025-10-10 15:34:33.000 UTC,2NikZLi7zmBLvjuqGFFQboyrFHBNwUgFLWJvA8RZYhPEas3LJ2RFafbe5xf2uJajtgP2XH6m9ctyzdm9MG6yrKVZ,3,EPjFWdd5AufqSSqeM2qN1xzybapC8G4wEGGkZwyTDt1v,USDC,J1toso1uCk3RLmjorhTtrVwY9HJ7X8V9yYac6Y7kGCPn,JITOSOL,NtGjjRApkTWG8MQbpiTuP1gbLpjEBQJAxvn4ftmDsVw,Fc4sVsMvtU4UZenN8AvdaQ67k3eJcoiBFf7Cs3ZX6eDn,0.215844466,57.369840229305005,53.175007,53.19050751454049
2025-10-10 15:36:03.000 UTC,5WfuSmfReX729m8PKWGkd8FEUP9z5g9ZRW3kwdNkLdxzDjBpRB7nJVu5XUo65CfLF7CVNjBP3XuEtNXGieExAZSa,4,2u1tszSeqZ3qBWF3uNGPFc8TzMk2tdiwknnRMWGWjGWH,USDG,J1toso1uCk3RLmjorhTtrVwY9HJ7X8V9yYac6Y7kGCPn,JITOSOL,3ue9E1xfztuuNtpezARKBRiZxNHSKfjaTjwNcKShSJsz,J8UDDPMj9Fp1RYZEiKX7qa72BraGZNf7SNz2tVGZVVBK,0.126055354,33.50456767804501,31.180102,31.191924455341667
2025-10-10 23:35:02.000 UTC,2Lz5DgngjcEMGbzNqy6dCL81iY3qzDoaKDYpqJHMNj5ox9PE7Xy7FZoaPBZujTzpS3vQVNVg1PUQWfVrjGbPTUkA,5,EPjFWdd5AufqSSqeM2qN1xzybapC8G4wEGGkZwyTDt1v,USDC,27G8MtK7VtTcCHkpASjSDdkWWYfoqT6ggEuKidVJidD4,JLP,AKKVzD8w7AqKVhNTe82DREARHoHwUhi8YHm7sB9BWGBD,BDpgMQoAWbSFEjHHtF3kbytKQnJHr8FhFhRqc67x8AJE,86.05429,468.70903286666663,455.437305,455.72836739100376
2025-10-10 23:57:15.000 UTC,35DgK4xNf1MzihuNw6yWiWiJmyXiRQyf6TChDnYwVjrjfVWWzxGWZTZKASJMPZ23ZtpTQXqsPva6v4UHUDkbSmeL,5,EPjFWdd5AufqSSqeM2qN1xzybapC8G4wEGGkZwyTDt1v,USDC,27G8MtK7VtTcCHkpASjSDdkWWYfoqT6ggEuKidVJidD4,JLP,AKKVzD8w7AqKVhNTe82DREARHoHwUhi8YHm7sB9BWGBD,BDpgMQoAWbSFEjHHtF3kbytKQnJHr8FhFhRqc67x8AJE,272.726641,1485.4511046466664,1435.859259,1436.7768927214395
2025-10-10 18:07:45.000 UTC,2A5Z4ERPksSPWXFMESScCiqQMLWAU37XH45QLAsiPdDBAcKPRrfrrGqUo2duYBBtKfbf75nPvo3RRPyDQo2ZkVHa,3,HzwqbKZw8HxMN6bF2yFZNrht3c2iXXzpKcFu7uBEDKtr,EURC,So11111111111111111111111111111111111111112,SOL,CxX1RcmT7qGFKDkXAGRgFzF6EJ9MgFKGGqoF8rRizwvQ,5BmVETKMwv139B8A833okt3GgeJHiQpSjZDMp6YwinNJ,0.04604821,9.61924082795,8.196942,9.5109316118765
2025-10-10 17:46:39.000 UTC,5W8ZZfjvsPW15VmN3Vmnur6kEHEKbX9zji35MNczwxsqgZKu1gYxNrsq4jEMEqEs46nu5GVbBY91gyeAfuhsP2Uw,3,Es9vMFrzaCERmJfrF4H2FYD4KCoNkY11McCe8BenwNYB,USDT,So11111111111111111111111111111111111111112,SOL,CxX1RcmT7qGFKDkXAGRgFzF6EJ9MgFKGGqoF8rRizwvQ,8wEzcmbTczEui1Y4JwiuaqvCycCoYGAUpHtVmYNAJ64r,0.066896318,14.080225518776665,13.842202,13.849765609876167
2025-10-10 17:39:49.000 UTC,2rdXwS4Q3yqkgUhixAmy6WEqXx6xEsP3eEDYzRJosunwk8q8T1xjDkXM9ZNsLNwBz1QdmSeatbyKx1vtSWq5fiUt,3,Es9vMFrzaCERmJfrF4H2FYD4KCoNkY11McCe8BenwNYB,USDT,So11111111111111111111111111111111111111112,SOL,HEyJLdMfZhhQ7FHCtjD5DWDFNFQhaeAVAsHeWqoY6dSD,8wEzcmbTczEui1Y4JwiuaqvCycCoYGAUpHtVmYNAJ64r,0.067495747,14.206392335648331,14.018038,14.025697689597168
2025-10-10 18:48:26.000 UTC,3zducxKAc3CV7LXzz9w7v1rMy5v3wBSgYPx2WhU7xM7AgMskgRL8kyp6uQfV3KKsr4s89WzM6kJdW8gfqApJa4yK,3,HzwqbKZw8HxMN6bF2yFZNrht3c2iXXzpKcFu7uBEDKtr,EURC,So11111111111111111111111111111111111111112,SOL,CxX1RcmT7qGFKDkXAGRgFzF6EJ9MgFKGGqoF8rRizwvQ,5BmVETKMwv139B8A833okt3GgeJHiQpSjZDMp6YwinNJ,0.045580096,9.52145415392,8.085594,9.381734258385501
2025-10-10 20:54:45.000 UTC,2crjxoHTjbs6LaQLgTVgj5Jc2kYz2TX92h4HqsKVdo1ZMHqieBX5wrD5L9oH42xc4tHsiPrtwKW8CS7gMK3J8crT,4,EPjFWdd5AufqSSqeM2qN1xzybapC8G4wEGGkZwyTDt1v,USDC,5oVNBeEEQvYi1cX3ir8Dx5n1P7pdxydbGF2X4TxVusJm,SCNSOL,68Z9juTBhG3ybnbMYwTHP8z4jmEJndYtxzq3dLpQMz64,HuwayEtJX8tCh8VBoTnpPahqsjmxnK1uKMj4uUQ9i8Lt,0.064355495,18.199680356420835,17.051149,17.056618156041747
2025-10-10 17:46:30.000 UTC,41FwPTgJvhbCbdthfoZrKHCWZkQfB1fR2gzPbcga6rnjuJ4kfp5uDF94tVaT1Xa9qKNEkW8PRiYWWEf9MdnDYEGV,3,2u1tszSeqZ3qBWF3uNGPFc8TzMk2tdiwknnRMWGWjGWH,USDG,So11111111111111111111111111111111111111112,SOL,CxX1RcmT7qGFKDkXAGRgFzF6EJ9MgFKGGqoF8rRizwvQ,86qvvWArhChtJ9H77MqtHMy3d13tzUkjPhiAv8tpHrtf,0.481001447,101.24038289548167,99.63583,99.66215046509167
2025-10-10 23:53:18.000 UTC,5Rv9EF4w6iHYcEuo5BwzEEovF1j5R4o1HGGzGCFH5qqoxX5a5iVyvphx6BxfCEYWTACJGB9thyGMSQggdA5HEtcg,5,EPjFWdd5AufqSSqeM2qN1xzybapC8G4wEGGkZwyTDt1v,USDC,27G8MtK7VtTcCHkpASjSDdkWWYfoqT6ggEuKidVJidD4,JLP,AKKVzD8w7AqKVhNTe82DREARHoHwUhi8YHm7sB9BWGBD,BDpgMQoAWbSFEjHHtF3kbytKQnJHr8FhFhRqc67x8AJE,17.630478,96.02733683999999,92.939479,92.99887507203759
2025-10-10 18:48:20.000 UTC,4DS5Fv2GGKeezrEG8tC9do9po9SJQJkVaVVeBRtktVo5mmZp8dRALUS9KxrEzThMnkswWwyzpeeAqL3o2FpeMw3f,3,EPjFWdd5AufqSSqeM2qN1xzybapC8G4wEGGkZwyTDt1v,USDC,jupSoLaHXQiZZTSfEWMTRRgpnyFm8f6sZdosWBjx93v,JUPSOL,CxX1RcmT7qGFKDkXAGRgFzF6EJ9MgFKGGqoF8rRizwvQ,79sNeDBuT4numgu16Rps5ViSppqnJYNsgYW32E954JeL,0.002292762,0.54802743705,0.519884,0.519957563586
2025-10-10 18:40:29.000 UTC,237kesyj4xAqHX9stDjQaQdpRxK7EF5p515upGCyAGL9joLjsojXyDj2voVnJrQ21cfrPsEmwDoKSZEPG7UPwmYd,3,HzwqbKZw8HxMN6bF2yFZNrht3c2iXXzpKcFu7uBEDKtr,EURC,So11111111111111111111111111111111111111112,SOL,CxX1RcmT7qGFKDkXAGRgFzF6EJ9MgFKGGqoF8rRizwvQ,5BmVETKMwv139B8A833okt3GgeJHiQpSjZDMp6YwinNJ,0.045854982,9.578876464890001,8.147021,9.453008154934084
2025-10-10 18:07:33.000 UTC,4K9FToSsCL5gquUwDBgTAHd4fi5MrRMawbwm8Xc9TbYNxkceyfQhdyad4m2KgrtWnqR62KuXhJyoSKTXGbXL2ZeC,3,2u1tszSeqZ3qBWF3uNGPFc8TzMk2tdiwknnRMWGWjGWH,USDG,So11111111111111111111111111111111111111112,SOL,CxX1RcmT7qGFKDkXAGRgFzF6EJ9MgFKGGqoF8rRizwvQ,86qvvWArhChtJ9H77MqtHMy3d13tzUkjPhiAv8tpHrtf,0.473627355,98.93838632272501,97.868527,97.89603621179758
2025-10-10 18:48:28.000 UTC,5zTihzRvJUGo5qsBNeB9BGgR12W6JaZUy5rFXuUbQx7RsJxmEW9cYvkXQtr6UGF6nxeA1Lvo4vVDo5bCwHUUqntH,3,2u1tszSeqZ3qBWF3uNGPFc8TzMk2tdiwknnRMWGWjGWH,USDG,jupSoLaHXQiZZTSfEWMTRRgpnyFm8f6sZdosWBjx93v,JUPSOL,CxX1RcmT7qGFKDkXAGRgFzF6EJ9MgFKGGqoF8rRizwvQ,2UcfVZLJxovLb5GcAbszyyseFbNxRsmaM2ZzR99nS3V6,0.269921313,64.517941839825,61.137498,61.1546827317295
2025-10-10 15:30:35.000 UTC,4qxinYgABbMvxRZwz7ZfjiSduyAtFRh59LTtnuFKTwZ3phYpuzVdFMen64G84vgB2D6MmD6DUEGjojW9SewxEYWb,4,EPjFWdd5AufqSSqeM2qN1xzybapC8G4wEGGkZwyTDt1v,USDC,J1toso1uCk3RLmjorhTtrVwY9HJ7X8V9yYac6Y7kGCPn,JITOSOL,3ue9E1xfztuuNtpezARKBRiZxNHSKfjaTjwNcKShSJsz,Fc4sVsMvtU4UZenN8AvdaQ67k3eJcoiBFf7Cs3ZX6eDn,0.07679683,20.412021437775,19.189526,19.195119746828997
2025-10-10 17:38:40.000 UTC,yBnSLeqQL8PrEVNNestQ4pwZUA3ro3GRdTBYdbtcEA7GCT3rvmLmTMaFyRxXxUTEn7S9cptYKfXsWUDeaXwXgzC,3,2u1tszSeqZ3qBWF3uNGPFc8TzMk2tdiwknnRMWGWjGWH,USDG,So11111111111111111111111111111111111111112,SOL,CxX1RcmT7qGFKDkXAGRgFzF6EJ9MgFKGGqoF8rRizwvQ,86qvvWArhChtJ9H77MqtHMy3d13tzUkjPhiAv8tpHrtf,0.48547382,102.18172051056666,100.929191,100.95585312795585
2025-10-10 23:34:26.000 UTC,4jQSXf8NC1fUhBsw6Msn4Axn1xuUcmHoVy1hT75m7HYvygDp93TqUnZuLXtsgC3Dzf3JYsn4buUSAk9p2hxf8h1P,5,EPjFWdd5AufqSSqeM2qN1xzybapC8G4wEGGkZwyTDt1v,USDC,27G8MtK7VtTcCHkpASjSDdkWWYfoqT6ggEuKidVJidD4,JLP,AKKVzD8w7AqKVhNTe82DREARHoHwUhi8YHm7sB9BWGBD,BDpgMQoAWbSFEjHHtF3kbytKQnJHr8FhFhRqc67x8AJE,170.065353,926.2892893399999,899.993832,900.5690030581341
2025-10-10 23:34:49.000 UTC,2k2xeuTs3URRJFkUXDbYPvRq4QwytxEFT6gwyaKVbAFCU7UuKZwEAG7HWKDM4ihpeTamPAYBadyNXWccqQMA7XPT,5,EPjFWdd5AufqSSqeM2qN1xzybapC8G4wEGGkZwyTDt1v,USDC,27G8MtK7VtTcCHkpASjSDdkWWYfoqT6ggEuKidVJidD4,JLP,AKKVzD8w7AqKVhNTe82DREARHoHwUhi8YHm7sB9BWGBD,BDpgMQoAWbSFEjHHtF3kbytKQnJHr8FhFhRqc67x8AJE,30.944537,168.54457819333334,163.772155,163.8768190547246
2025-10-10 15:30:39.000 UTC,4eNUhEE1Qu9WTX18c9FnTqWmRuKMLBFxURMiKxHJ1cjWoLVx46CFxLCYK7qYKgZjm6cUVzip6EKzQjge7SADdiTc,3,EPjFWdd5AufqSSqeM2qN1xzybapC8G4wEGGkZwyTDt1v,USDC,J1toso1uCk3RLmjorhTtrVwY9HJ7X8V9yYac6Y7kGCPn,JITOSOL,NtGjjRApkTWG8MQbpiTuP1gbLpjEBQJAxvn4ftmDsVw,Fc4sVsMvtU4UZenN8AvdaQ67k3eJcoiBFf7Cs3ZX6eDn,0.076791706,20.410659517005,19.180908,19.186499234681996
2025-10-10 18:48:32.000 UTC,2mmdfU1EpdeaHrihpbxaC2VRWSVX9edqqUxemxN1GCG2ofc5DDK1nVRHMAUHirDfXQztCGrx1yVf7tkjBzaCHqha,3,Es9vMFrzaCERmJfrF4H2FYD4KCoNkY11McCe8BenwNYB,USDT,So11111111111111111111111111111111111111112,SOL,CxX1RcmT7qGFKDkXAGRgFzF6EJ9MgFKGGqoF8rRizwvQ,8wEzcmbTczEui1Y4JwiuaqvCycCoYGAUpHtVmYNAJ64r,0.065069522,13.592697798190002,13.390098,13.396232896567001
2025-10-10 15:33:37.000 UTC,41fjU8fHRfbZ7KCNByTSTgGPH5ZJdx9oZt6ymVUxjr6vAaQXEC9twmqZ2yQ4TTbnv7fbHmt2mj9h2sujrPPmurxD,5,2u1tszSeqZ3qBWF3uNGPFc8TzMk2tdiwknnRMWGWjGWH,USDG,J1toso1uCk3RLmjorhTtrVwY9HJ7X8V9yYac6Y7kGCPn,JITOSOL,3ue9E1xfztuuNtpezARKBRiZxNHSKfjaTjwNcKShSJsz,J8UDDPMj9Fp1RYZEiKX7qa72BraGZNf7SNz2tVGZVVBK,0.128716336,34.21183673628,31.907591,31.919689294920833
2025-10-10 15:35:01.000 UTC,LJW9rM4vtd745FotW6GgA2NRGimoUNu2DGVGpPcNmCv1vKqSRTTsuzBzXuyxLoxJiMqa24RVMGHVX8V58Z1W1Ws,4,EPjFWdd5AufqSSqeM2qN1xzybapC8G4wEGGkZwyTDt1v,USDC,J1toso1uCk3RLmjorhTtrVwY9HJ7X8V9yYac6Y7kGCPn,JITOSOL,NtGjjRApkTWG8MQbpiTuP1gbLpjEBQJAxvn4ftmDsVw,Fc4sVsMvtU4UZenN8AvdaQ67k3eJcoiBFf7Cs3ZX6eDn,0.071203638,18.925392953115,17.541584,17.546697371736
2025-10-10 18:49:05.000 UTC,2buz1d6oJyhyyFX7oJ9nvnj49mdoBk7T872HKWVviXFZvdby5fvubW5sQRJVMsPuEouPMZfoZX2VwFbvemQZe5Hs,3,Es9vMFrzaCERmJfrF4H2FYD4KCoNkY11McCe8BenwNYB,USDT,So11111111111111111111111111111111111111112,SOL,CxX1RcmT7qGFKDkXAGRgFzF6EJ9MgFKGGqoF8rRizwvQ,8wEzcmbTczEui1Y4JwiuaqvCycCoYGAUpHtVmYNAJ64r,0.064552325,13.484657930874999,13.268082,13.274160992903001
2025-10-10 21:24:45.000 UTC,27wshmLXWZQPQEuUYy6mfTWdFD3uQnZwuVgZEpvqRLtrxTf93BKaZomrgfDjiAHnzeuAC1ZAMKcuqXNxRP1om4BH,4,cbbtcf3aa214zXHbiAZQwf4122FBYbraNdFqgw4iMij,cbBTC,So11111111111111111111111111111111111111112,SOL,68Z9juTBhG3ybnbMYwTHP8z4jmEJndYtxzq3dLpQMz64,93JY1kGfH6PXRXWYpXdurfHHBrvGJZjNfLpQ4SdG3pnP,2.041105828,385.8336365098867,0.0032111,354.09143822883334
2025-10-10 21:27:33.000 UTC,43ka48FGRtPVDcnAqhbz2p3Ad7XgEq8rt5zcJnXSGnC3imb3MVXkz4pnzGm6h8ev6DD67EceBaNdZLPZNFPA5bB6,4,cbbtcf3aa214zXHbiAZQwf4122FBYbraNdFqgw4iMij,cbBTC,So11111111111111111111111111111111111111112,SOL,68Z9juTBhG3ybnbMYwTHP8z4jmEJndYtxzq3dLpQMz64,93JY1kGfH6PXRXWYpXdurfHHBrvGJZjNfLpQ4SdG3pnP,0.473649585,89.534770468525,0.00073506,81.05585393930001
2025-10-10 20:54:50.000 UTC,5Ac9oimr2bSSF2AmSrZRKfhVjoNtsSuQuqTRyNmPXqTYvA2bjvN8NfyqYBfQJeEwB3dKqVYxAMBMAhwpjnxQk4NR,3,2u1tszSeqZ3qBWF3uNGPFc8TzMk2tdiwknnRMWGWjGWH,USDG,jupSoLaHXQiZZTSfEWMTRRgpnyFm8f6sZdosWBjx93v,JUPSOL,CxX1RcmT7qGFKDkXAGRgFzF6EJ9MgFKGGqoF8rRizwvQ,2UcfVZLJxovLb5GcAbszyyseFbNxRsmaM2ZzR99nS3V6,0.368235098,87.00873699351166,81.58458,81.62216329652
2025-10-10 21:13:02.000 UTC,2KFLneTd5BrJFgf8DPQY5v6crc4xKeuDJNbEMkuRQZqgKerrCwMuAkjhLSYHTCWamM8PPBkpT2z1ER2cqbC3tG32,4,USDSwr9ApdHk5bvJKMjzff41FfuX8bSxdKcR81vTwcA,USDS,So11111111111111111111111111111111111111112,SOL,68Z9juTBhG3ybnbMYwTHP8z4jmEJndYtxzq3dLpQMz64,H7mxy5QwYd6ozCAbauY12Terdzcvc6iXxiDh2AhehJvZ,0.002045234,0.38661399174333333,0.384587,0.386966055182
2025-10-10 21:46:44.000 UTC,5ukN28kE1wBy5NyxXeyToCGT52XpwMg8SJi3LPgXhCWC8G3442t4uTttyHNuFPhK7rGqrvY1Lruz81apQZNQ1z5F,4,HzwqbKZw8HxMN6bF2yFZNrht3c2iXXzpKcFu7uBEDKtr,EURC,So11111111111111111111111111111111111111112,SOL,68Z9juTBhG3ybnbMYwTHP8z4jmEJndYtxzq3dLpQMz64,5BmVETKMwv139B8A833okt3GgeJHiQpSjZDMp6YwinNJ,4.556136378,861.2540530939699,758.854182,883.9643841373395
2025-10-10 21:02:24.000 UTC,2mkr8Ww6qircD6A9bLAd8BFBMasU34fJHMgeL9dj1szCBAVRWiEdbrQnNGHoGpmsyQ3hGskXfLnEezUcP9mKxdDE,4,EPjFWdd5AufqSSqeM2qN1xzybapC8G4wEGGkZwyTDt1v,USDC,So11111111111111111111111111111111111111112,SOL,3ue9E1xfztuuNtpezARKBRiZxNHSKfjaTjwNcKShSJsz,8W2SoErPPcYvbBvfSBHZECTXsFu8ZSLSYfQkaTatxKVv,389.577059905,73642.40092894199,76134.929097,76713.38325454673
2025-10-10 21:13:39.000 UTC,4njR7zuKiiUDmFA9jC32ee83e4fpkLMB71ehKh4HUoHuj5Ay5weKEiuAHNUUrno1yAzoBb2CTGDRLxJWMNSLJLRs,4,cbbtcf3aa214zXHbiAZQwf4122FBYbraNdFqgw4iMij,cbBTC,So11111111111111111111111111111111111111112,SOL,68Z9juTBhG3ybnbMYwTHP8z4jmEJndYtxzq3dLpQMz64,93JY1kGfH6PXRXWYpXdurfHHBrvGJZjNfLpQ4SdG3pnP,0.594964549,112.46714030505166,0.00096018,105.88007759290001
2025-10-10 21:28:40.000 UTC,63kGNVWYyEtUrQsNwnTHVjmjfHrrhDiTYfKs4aySjKg7BtV4bt23Eojh2zey739HWeRoHJxGYKj8CkHVfoKTCs9X,4,cbbtcf3aa214zXHbiAZQwf4122FBYbraNdFqgw4iMij,cbBTC,So11111111111111111111111111111111111111112,SOL,68Z9juTBhG3ybnbMYwTHP8z4jmEJndYtxzq3dLpQMz64,93JY1kGfH6PXRXWYpXdurfHHBrvGJZjNfLpQ4SdG3pnP,7.954422661,1503.6377729799317,0.01215285,1340.10779330425
2025-10-10 21:13:10.000 UTC,2DBmuf1vdEjPA5HTxmk5jdC26R9C19MV5ftWoNbujzYJ6zry71jhhY9CzC1AVvrmXYHXXkUbZ3cPa8KTDWE8arF8,4,USDSwr9ApdHk5bvJKMjzff41FfuX8bSxdKcR81vTwcA,USDS,So11111111111111111111111111111111111111112,SOL,68Z9juTBhG3ybnbMYwTHP8z4jmEJndYtxzq3dLpQMz64,H7mxy5QwYd6ozCAbauY12Terdzcvc6iXxiDh2AhehJvZ,0.001026047,0.19395537448833333,0.190604,0.191783076344
2025-10-10 21:38:49.000 UTC,Bwu9sE43H56EdgqC4d2k6yXjQWD7LqFYcKzyCt277ocoejRe7Nh42Rgeju958DCU8KCq4zfapuemskKFJddjBEV,4,USDSwr9ApdHk5bvJKMjzff41FfuX8bSxdKcR81vTwcA,USDS,So11111111111111111111111111111111111111112,SOL,68Z9juTBhG3ybnbMYwTHP8z4jmEJndYtxzq3dLpQMz64,H7mxy5QwYd6ozCAbauY12Terdzcvc6iXxiDh2AhehJvZ,2.635648109,498.2209547911183,467.908054,470.802533222044
2025-10-10 21:45:47.000 UTC,5ecbgKqCEqvfB7N6BsoJfVA71BT74sNtRoJN5FhhM8Q7D147djuqftzvwFxhmw55AdYi5jMRbNw6vT9cVQvHHsRn,4,HzwqbKZw8HxMN6bF2yFZNrht3c2iXXzpKcFu7uBEDKtr,EURC,So11111111111111111111111111111111111111112,SOL,68Z9juTBhG3ybnbMYwTHP8z4jmEJndYtxzq3dLpQMz64,5BmVETKMwv139B8A833okt3GgeJHiQpSjZDMp6YwinNJ,26.947655695,5093.960268785342,4541.77905,5290.569672081112
2025-10-10 21:46:41.000 UTC,3rbDQCW8odb1uEZSiPKLWb2pa9x7wSZUJ2mCCm7Ajwn33hpxzL87kAT8MSh3yoGsoM36MEbjN4NwtigSAXFAegLm,4,HzwqbKZw8HxMN6bF2yFZNrht3c2iXXzpKcFu7uBEDKtr,EURC,So11111111111111111111111111111111111111112,SOL,68Z9juTBhG3ybnbMYwTHP8z4jmEJndYtxzq3dLpQMz64,5BmVETKMwv139B8A833okt3GgeJHiQpSjZDMp6YwinNJ,18.24343585,3448.587084451917,3038.563038,3539.522570026705
2025-10-10 21:09:27.000 UTC,3oF4ZMeTLDztkMCNBwqJRAaHUchMEprVSGeibAApmE8gpwff6sVtRtqeDXep3knhfursEcwdfHRRrKZwnzMKDXaH,4,EPjFWdd5AufqSSqeM2qN1xzybapC8G4wEGGkZwyTDt1v,USDC,So11111111111111111111111111111111111111112,SOL,68Z9juTBhG3ybnbMYwTHP8z4jmEJndYtxzq3dLpQMz64,8W2SoErPPcYvbBvfSBHZECTXsFu8ZSLSYfQkaTatxKVv,73.483162428,13890.64466570222,14344.01768,14452.99994032822
2025-10-10 21:27:25.000 UTC,65zMimvRdYQxwZpA44nnX6bRpYiTXMhuS5uZ9ewfdtzxqWi6VSsJTWrPXnYDaxgB6gvDNNSUTetNNZj3ahMy3tEQ,4,cbbtcf3aa214zXHbiAZQwf4122FBYbraNdFqgw4iMij,cbBTC,So11111111111111111111111111111111111111112,SOL,68Z9juTBhG3ybnbMYwTHP8z4jmEJndYtxzq3dLpQMz64,93JY1kGfH6PXRXWYpXdurfHHBrvGJZjNfLpQ4SdG3pnP,0.469713491,88.79072405954832,0.00073506,81.05585393930001
2025-10-10 21:18:35.000 UTC,3EfURaamMQmaA4kVJiQz3vxnftFGGMnUnWSsRePbg3nkwMoW6UN3oNdeQveb6SFeSf5k48UmKE8az663eK4gb5pw,4,cbbtcf3aa214zXHbiAZQwf4122FBYbraNdFqgw4iMij,cbBTC,So11111111111111111111111111111111111111112,SOL,68Z9juTBhG3ybnbMYwTHP8z4jmEJndYtxzq3dLpQMz64,93JY1kGfH6PXRXWYpXdurfHHBrvGJZjNfLpQ4SdG3pnP,2.245904856,424.54713810444,0.00355766,392.30698082563333
2025-10-10 21:27:37.000 UTC,25zM8ZcKG9JaV5jEwcZna9s178aUtfAywy69p3iPB1cmwtrnDQSE2HQxrjuFAMbW8ow8gVR5VrxtERnE7daAne87,4,cbbtcf3aa214zXHbiAZQwf4122FBYbraNdFqgw4iMij,cbBTC,So11111111111111111111111111111111111111112,SOL,68Z9juTBhG3ybnbMYwTHP8z4jmEJndYtxzq3dLpQMz64,93JY1kGfH6PXRXWYpXdurfHHBrvGJZjNfLpQ4SdG3pnP,0.479675097,90.673783044405,0.00073506,81.05585393930001
2025-10-10 21:28:15.000 UTC,4Vu8d6637EhtwirTx4KVS6MxY9d9U8ihw14bXva9WhAwuhkFRJJ3MiRoqMjNsyHuHwdqP41ZNibEgVQtHfQ16WnS,4,cbbtcf3aa214zXHbiAZQwf4122FBYbraNdFqgw4iMij,cbBTC,So11111111111111111111111111111111111111112,SOL,68Z9juTBhG3ybnbMYwTHP8z4jmEJndYtxzq3dLpQMz64,93JY1kGfH6PXRXWYpXdurfHHBrvGJZjNfLpQ4SdG3pnP,16.144211132,3051.7671373005132,0.02473845,2727.93539287225
2025-10-10 21:46:15.000 UTC,216dg9tyFUqb88qS6wWTEt6mfv97mvPbH84fXcsdKR6ABUGRBwNCUseSz5cfzb2xb3yY7wCRVkhEPByBfpoM8dma,4,HzwqbKZw8HxMN6bF2yFZNrht3c2iXXzpKcFu7uBEDKtr,EURC,So11111111111111111111111111111111111111112,SOL,68Z9juTBhG3ybnbMYwTHP8z4jmEJndYtxzq3dLpQMz64,5BmVETKMwv139B8A833okt3GgeJHiQpSjZDMp6YwinNJ,12.882771487,2435.2517654734215,2162.550918,2519.0847408356353
2025-10-10 21:46:41.000 UTC,2V59WtrFv1ERRyfZ6qw8Nw2Cu7dSzCjwWMM7ncb7dHfFjLQGGVqo6KtQLsmGPwsnhUQy5Q4ng5Dos7YvieRMCKN7,4,EPjFWdd5AufqSSqeM2qN1xzybapC8G4wEGGkZwyTDt1v,USDC,So11111111111111111111111111111111111111112,SOL,68Z9juTBhG3ybnbMYwTHP8z4jmEJndYtxzq3dLpQMz64,8W2SoErPPcYvbBvfSBHZECTXsFu8ZSLSYfQkaTatxKVv,148.564367882,28083.370068014265,28464.511078,28680.777317042874
2025-10-10 21:27:30.000 UTC,21Dp5XW7HQAPu5ChESMwrm3UG3HMbkBxzEir5uzrpsM33SYiEopSsyJmUxEvqMo2d8VxZK8SvBgX3dRBE6HAjbnu,4,cbbtcf3aa214zXHbiAZQwf4122FBYbraNdFqgw4iMij,cbBTC,So11111111111111111111111111111111111111112,SOL,68Z9juTBhG3ybnbMYwTHP8z4jmEJndYtxzq3dLpQMz64,93JY1kGfH6PXRXWYpXdurfHHBrvGJZjNfLpQ4SdG3pnP,0.465850834,88.06055956907666,0.0007256,80.01268960133334
2025-10-10 21:11:34.000 UTC,3gvT8Xutpu6kV3FW1KmESs91FBSRY1ikbzCacWRofuTq5REohRvVPz1QHVh9dGKJu4w8XZLozpib85LL45s2yFLj,4,Es9vMFrzaCERmJfrF4H2FYD4KCoNkY11McCe8BenwNYB,USDT,So11111111111111111111111111111111111111112,SOL,68Z9juTBhG3ybnbMYwTHP8z4jmEJndYtxzq3dLpQMz64,8wEzcmbTczEui1Y4JwiuaqvCycCoYGAUpHtVmYNAJ64r,4.663920453,881.628656431345,905.387743,914.5822573260793
2025-10-10 21:43:19.000 UTC,2irwLb1evrXG6rUwjY48yYaJnBUv19HS8DJoESF892Xb8vTW5pfcJyLj1EkZyBzjAc54a4tjUJmiZk3Rpd6XxLrk,4,Es9vMFrzaCERmJfrF4H2FYD4KCoNkY11McCe8BenwNYB,USDT,So11111111111111111111111111111111111111112,SOL,68Z9juTBhG3ybnbMYwTHP8z4jmEJndYtxzq3dLpQMz64,8wEzcmbTczEui1Y4JwiuaqvCycCoYGAUpHtVmYNAJ64r,148.644292176,28098.47829051624,27321.089483,27598.54425372969
2025-10-10 20:54:58.000 UTC,51RV4eSqEFpPadrsnSLW1YNQ3xHofw74o9KMrbzcVNMjiofWsTPc149AZHvNjNYFZUaEL5g6im9zetp7kYA3inrk,4,EPjFWdd5AufqSSqeM2qN1xzybapC8G4wEGGkZwyTDt1v,USDC,jupSoLaHXQiZZTSfEWMTRRgpnyFm8f6sZdosWBjx93v,JUPSOL,68Z9juTBhG3ybnbMYwTHP8z4jmEJndYtxzq3dLpQMz64,79sNeDBuT4numgu16Rps5ViSppqnJYNsgYW32E954JeL,0.003666927,0.8664429019675,0.812265,0.81252553399875
2025-10-10 21:11:37.000 UTC,4TJ6DCuw19Tx9aHS9KAY57ufRNkp8aWJemkNKFmWLdmyVomj2WwrPoEuoW5kvqXT3WbeUU36P1TcCninhn16Srjm,4,2u1tszSeqZ3qBWF3uNGPFc8TzMk2tdiwknnRMWGWjGWH,USDG,So11111111111111111111111111111111111111112,SOL,68Z9juTBhG3ybnbMYwTHP8z4jmEJndYtxzq3dLpQMz64,86qvvWArhChtJ9H77MqtHMy3d13tzUkjPhiAv8tpHrtf,1.60814732,303.99076814513336,312.183041,314.2129852088491
2025-10-10 20:56:21.000 UTC,2QjCFjHEzcFRzoYJappT9vskHpqEGzoDJigtYm4u91Q57RmaQRt93z3LaBzycQLSiEtCU426FDWsxWdc15cy2KqH,3,EPjFWdd5AufqSSqeM2qN1xzybapC8G4wEGGkZwyTDt1v,USDC,jupSoLaHXQiZZTSfEWMTRRgpnyFm8f6sZdosWBjx93v,JUPSOL,NtGjjRApkTWG8MQbpiTuP1gbLpjEBQJAxvn4ftmDsVw,79sNeDBuT4numgu16Rps5ViSppqnJYNsgYW32E954JeL,0.007375075,1.7426257422708333,1.614702,1.6152199156665001
2025-10-10 21:00:52.000 UTC,4btj9QMjoYxwRNPPh2ZSktpcMQscCvxTUbGovkBxstKi6StZowPeoH5YHqYJ7rHWkgb2BbJc3eYdguZhYA5pKHDD,4,2u1tszSeqZ3qBWF3uNGPFc8TzMk2tdiwknnRMWGWjGWH,USDG,So11111111111111111111111111111111111111112,SOL,68Z9juTBhG3ybnbMYwTHP8z4jmEJndYtxzq3dLpQMz64,86qvvWArhChtJ9H77MqtHMy3d13tzUkjPhiAv8tpHrtf,8.982902344,1698.0530015902266,1751.246732,1762.6340679376026
2025-10-10 20:57:17.000 UTC,5kBRxeBvRp6eTk9DKifLTs4T886jCWPv2tD3Bynk1jKAq7KaFxwRgXCrpxDE6ZQYpVea94J492ScW5uMTG8AfpuC,3,EPjFWdd5AufqSSqeM2qN1xzybapC8G4wEGGkZwyTDt1v,USDC,jupSoLaHXQiZZTSfEWMTRRgpnyFm8f6sZdosWBjx93v,JUPSOL,NtGjjRApkTWG8MQbpiTuP1gbLpjEBQJAxvn4ftmDsVw,79sNeDBuT4numgu16Rps5ViSppqnJYNsgYW32E954JeL,0.014698032,3.4729367394799997,3.225259,3.22629350182425
2025-10-10 21:43:51.000 UTC,bEAx61jGxBybx9peuJeAbC42xrz7WJVRrv4sQdg6X4Je5RhAAzSYpEkAutTEo8fGPfmv7Setr9GNEaBvmmmuyFX,4,2u1tszSeqZ3qBWF3uNGPFc8TzMk2tdiwknnRMWGWjGWH,USDG,So11111111111111111111111111111111111111112,SOL,68Z9juTBhG3ybnbMYwTHP8z4jmEJndYtxzq3dLpQMz64,86qvvWArhChtJ9H77MqtHMy3d13tzUkjPhiAv8tpHrtf,19.191901669,3627.8771589938515,3585.302946,3608.6160796311196
2025-10-10 20:59:05.000 UTC,3q7Xz8SAv1VqxHxs6LbtG8V1TGvwEnNgje3nDCkFn3tf4s4fRgqyxH4vPQgWpbHqbEZeF3Mvji7yFDMNamuMK7Ev,3,EPjFWdd5AufqSSqeM2qN1xzybapC8G4wEGGkZwyTDt1v,USDC,jupSoLaHXQiZZTSfEWMTRRgpnyFm8f6sZdosWBjx93v,JUPSOL,NtGjjRApkTWG8MQbpiTuP1gbLpjEBQJAxvn4ftmDsVw,79sNeDBuT4numgu16Rps5ViSppqnJYNsgYW32E954JeL,0.00701888,1.6584619098666666,1.525909,1.52639843531175
2025-10-10 21:13:10.000 UTC,3QJ89rRKsWTcNGBAYpjvAxyuu5bjE2moYfD3x768eGUE9akv1YSc8YUWWoatidAse7sdrKFDXw6AJCMBy9YsNkUU,4,USDSwr9ApdHk5bvJKMjzff41FfuX8bSxdKcR81vTwcA,USDS,So11111111111111111111111111111111111111112,SOL,68Z9juTBhG3ybnbMYwTHP8z4jmEJndYtxzq3dLpQMz64,H7mxy5QwYd6ozCAbauY12Terdzcvc6iXxiDh2AhehJvZ,0.001026047,0.19395537448833333,0.190604,0.191783076344
2025-10-10 20:56:32.000 UTC,ZW1qgCY3LsZ4RMkvUZ6Jci9fvufeCZWWta9kmPWL5HwfNdsHuaDFMXmW2z97xZY6iF1FxaFNCxSD1jGcEmTnWvC,4,HzwqbKZw8HxMN6bF2yFZNrht3c2iXXzpKcFu7uBEDKtr,EURC,jupSoLaHXQiZZTSfEWMTRRgpnyFm8f6sZdosWBjx93v,JUPSOL,68Z9juTBhG3ybnbMYwTHP8z4jmEJndYtxzq3dLpQMz64,4ZYawR7jUwgtU8Qr9UJYZxxppzhWMXFNp2EhaqSUU6UW,0.001079863,0.25515632884083334,0.201722,0.23410328956866666
2025-10-10 20:56:29.000 UTC,4qJoyf3P6ugWUjiDv3NukVCdPCHjVAwVQu9DP8Lv2Ex7QuLaG25vYQXymzuMCUoBDujmdtcn55gJYX1kp5KCXYRc,4,HzwqbKZw8HxMN6bF2yFZNrht3c2iXXzpKcFu7uBEDKtr,EURC,jupSoLaHXQiZZTSfEWMTRRgpnyFm8f6sZdosWBjx93v,JUPSOL,68Z9juTBhG3ybnbMYwTHP8z4jmEJndYtxzq3dLpQMz64,4ZYawR7jUwgtU8Qr9UJYZxxppzhWMXFNp2EhaqSUU6UW,0.001849662,0.437048927055,0.34611,0.40166907700999993
2025-10-10 21:15:56.000 UTC,5EB3ZMLxtuq4LeiXSa6fbBAS89P8ss3VXCssDb5pEdeP7jrZhH8vpZ5R8en6TjtWZMuYHMXoMTwSf4JxvKG335Ru,4,cbbtcf3aa214zXHbiAZQwf4122FBYbraNdFqgw4iMij,cbBTC,So11111111111111111111111111111111111111112,SOL,68Z9juTBhG3ybnbMYwTHP8z4jmEJndYtxzq3dLpQMz64,93JY1kGfH6PXRXWYpXdurfHHBrvGJZjNfLpQ4SdG3pnP,1.776837556,335.8785646066067,0.00282082,311.0548443787667
2025-10-10 21:15:56.000 UTC,4AKCDtAVD2PnhabyeCto8YavbszfAvSB15HWCqpoenZpq7u3izV36hGSVLzVHtZEGiB2DdBV3VL95AbRbJ9jswtm,4,cbbtcf3aa214zXHbiAZQwf4122FBYbraNdFqgw4iMij,cbBTC,So11111111111111111111111111111111111111112,SOL,68Z9juTBhG3ybnbMYwTHP8z4jmEJndYtxzq3dLpQMz64,93JY1kGfH6PXRXWYpXdurfHHBrvGJZjNfLpQ4SdG3pnP,1.776837556,335.8785646066067,0.00282082,311.0548443787667
2025-10-10 21:15:56.000 UTC,5pZ82muoN4GZxP5aXE2tMKsdGgUPTh5wGcKdyU9VpdXSX8WLn2DZyjWWrUyJF5pjv85ZV1iUCYrRrDKuVgMmgbhM,4,cbbtcf3aa214zXHbiAZQwf4122FBYbraNdFqgw4iMij,cbBTC,So11111111111111111111111111111111111111112,SOL,68Z9juTBhG3ybnbMYwTHP8z4jmEJndYtxzq3dLpQMz64,93JY1kGfH6PXRXWYpXdurfHHBrvGJZjNfLpQ4SdG3pnP,1.776837556,335.8785646066067,0.00282082,311.0548443787667
2025-10-10 21:25:06.000 UTC,XSsbdKeiYZcbWt3o2Qncmgcn3SscRCuZFwckoaHnR1BcFzzVbBqANSCrgFwGS8sWEfBXayAMZ7BQVZv2xVBFq4E,4,cbbtcf3aa214zXHbiAZQwf4122FBYbraNdFqgw4iMij,cbBTC,So11111111111111111111111111111111111111112,SOL,68Z9juTBhG3ybnbMYwTHP8z4jmEJndYtxzq3dLpQMz64,93JY1kGfH6PXRXWYpXdurfHHBrvGJZjNfLpQ4SdG3pnP,0.486701235,92.001945620775,0.00076472,84.32649392493333
2025-10-10 21:27:21.000 UTC,223h5trgpeiSqaKX5WXqPZSjyFiArKoht8Qk7xv4by1zQdp1H5hgj3vJquDthhmXDdc1AV9i33sN4KtSAcpUpu5c,4,cbbtcf3aa214zXHbiAZQwf4122FBYbraNdFqgw4iMij,cbBTC,So11111111111111111111111111111111111111112,SOL,68Z9juTBhG3ybnbMYwTHP8z4jmEJndYtxzq3dLpQMz64,93JY1kGfH6PXRXWYpXdurfHHBrvGJZjNfLpQ4SdG3pnP,0.965353221,182.48232828766498,0.00151198,166.72765493856667
2025-10-10 21:13:22.000 UTC,2r2UDW3vRyzpiGZM68aeNinZqKW9ix4CPyBypFTzvPMP2Xf8qeobqjazL1H2wHmifeMfMpLTPgVaBExmJ4ARNkBJ,4,USDSwr9ApdHk5bvJKMjzff41FfuX8bSxdKcR81vTwcA,USDS,So11111111111111111111111111111111111111112,SOL,68Z9juTBhG3ybnbMYwTHP8z4jmEJndYtxzq3dLpQMz64,H7mxy5QwYd6ozCAbauY12Terdzcvc6iXxiDh2AhehJvZ,0.001034333,0.19552169087833332,0.190604,0.191783076344
2025-10-10 21:33:57.000 UTC,42FHpuTE5zjbbKopQwU145veFRRQJ4ACU9wMxCQt4mb7qnDx2qGJTY4Ja8VVdyX7F3ksdutrUELfkNq2z8ditghv,4,USDSwr9ApdHk5bvJKMjzff41FfuX8bSxdKcR81vTwcA,USDS,So11111111111111111111111111111111111111112,SOL,68Z9juTBhG3ybnbMYwTHP8z4jmEJndYtxzq3dLpQMz64,H7mxy5QwYd6ozCAbauY12Terdzcvc6iXxiDh2AhehJvZ,0.015041897,2.8433948597383334,2.758596,2.7756606748559998
2025-10-10 21:37:29.000 UTC,3HAktq83jwBymhcUcw4i6WoudjcH4BeXxNmYpUGNrMgeJsEYUVSePZe2R4o17yELwSHHrkpuNrbWeG2JBh1jmVxi,4,USDSwr9ApdHk5bvJKMjzff41FfuX8bSxdKcR81vTwcA,USDS,So11111111111111111111111111111111111111112,SOL,68Z9juTBhG3ybnbMYwTHP8z4jmEJndYtxzq3dLpQMz64,H7mxy5QwYd6ozCAbauY12Terdzcvc6iXxiDh2AhehJvZ,0.00596091,1.1268007521499999,1.083949,1.0906543085140001
2025-10-10 21:12:42.000 UTC,4BrR6LyfcEqiUVhmKRiY1n2v6PBpg7GknZqtpp3Um9wkNkRDLU7rc9FBfuBKKbFfrnudssSJu2DPPPcYY9gCQJR8,3,EPjFWdd5AufqSSqeM2qN1xzybapC8G4wEGGkZwyTDt1v,USDC,So11111111111111111111111111111111111111112,SOL,ariZPxRj8PmzUR5mB3FVopbPUmYmCiTCLdvjW8tTQQ9,8W2SoErPPcYvbBvfSBHZECTXsFu8ZSLSYfQkaTatxKVv,0.529586337,100.108587927005,99.999999,100.75977399240224
2025-10-10 21:11:51.000 UTC,2BM14zmWy4zhJkcdv8aPquEiD3TgX1qWAe3gxdA1NrBCmjthj9SSZYRQMB92xq2m7dUM8kUpYcBUuJKJAqucm3Cx,4,EPjFWdd5AufqSSqeM2qN1xzybapC8G4wEGGkZwyTDt1v,USDC,So11111111111111111111111111111111111111112,SOL,68Z9juTBhG3ybnbMYwTHP8z4jmEJndYtxzq3dLpQMz64,8W2SoErPPcYvbBvfSBHZECTXsFu8ZSLSYfQkaTatxKVv,293.752643565,55528.55180083123,57024.99557,57458.257230091964
2025-10-10 21:11:29.000 UTC,6dGQ6jyKnBcmUhj8dNNsJQnHE1ZWkLdiLijGthNf5eRuY8sJ3ezgfhehVBXQ97pyuXBT7AsCiYb6bkoZD2ySbw2,3,EPjFWdd5AufqSSqeM2qN1xzybapC8G4wEGGkZwyTDt1v,USDC,So11111111111111111111111111111111111111112,SOL,ariZPxRj8PmzUR5mB3FVopbPUmYmCiTCLdvjW8tTQQ9,8W2SoErPPcYvbBvfSBHZECTXsFu8ZSLSYfQkaTatxKVv,0.515203864,97.38984508502666,99.999999,100.75977399240224
2025-10-10 21:46:17.000 UTC,ZsLu9DTMagTPYt6sTcTE96pe16Qd9Azb82p23Wy3ZPGa9gZYAxCEJmPrmkeqeGC9UqR35g8MVxJaYKRBacNQM1p,4,EPjFWdd5AufqSSqeM2qN1xzybapC8G4wEGGkZwyTDt1v,USDC,So11111111111111111111111111111111111111112,SOL,68Z9juTBhG3ybnbMYwTHP8z4jmEJndYtxzq3dLpQMz64,8W2SoErPPcYvbBvfSBHZECTXsFu8ZSLSYfQkaTatxKVv,74.292968199,14043.723600270636,14322.707977,14431.52833153225
2025-10-10 21:09:26.000 UTC,M1zoo3YJzi6D6S74zVaRm9b99Za4MjceAcQgxBufGP8kyjhjtMMN6s4bHN3JWLWjLFqXLutmYNtY9HDvAgbrC7u,3,EPjFWdd5AufqSSqeM2qN1xzybapC8G4wEGGkZwyTDt1v,USDC,So11111111111111111111111111111111111111112,SOL,ariZPxRj8PmzUR5mB3FVopbPUmYmCiTCLdvjW8tTQQ9,8W2SoErPPcYvbBvfSBHZECTXsFu8ZSLSYfQkaTatxKVv,0.512291352,96.83928808748,99.999999,100.75977399240224
2025-10-10 21:45:12.000 UTC,wmo8MfPDT4Q9T1k4g17Qytfdvt9666Db7kWw6en9zisompSnANd8wA85nMwoXBbdtsKFCC3WvejrtZtVxV3LNy8,4,EPjFWdd5AufqSSqeM2qN1xzybapC8G4wEGGkZwyTDt1v,USDC,So11111111111111111111111111111111111111112,SOL,68Z9juTBhG3ybnbMYwTHP8z4jmEJndYtxzq3dLpQMz64,8W2SoErPPcYvbBvfSBHZECTXsFu8ZSLSYfQkaTatxKVv,74.564305413,14095.014926061745,14432.992246,14542.650512837046
2025-10-10 20:54:13.000 UTC,623xv6LK7yKLmkR6Z3DJTmYqisktiGksewzKpAcVNVQg5jTdqxsAskHsZsjZ6Ui4GDeizARaeS6ydmsCynwjNbBM,4,EPjFWdd5AufqSSqeM2qN1xzybapC8G4wEGGkZwyTDt1v,USDC,jupSoLaHXQiZZTSfEWMTRRgpnyFm8f6sZdosWBjx93v,JUPSOL,68Z9juTBhG3ybnbMYwTHP8z4jmEJndYtxzq3dLpQMz64,79sNeDBuT4numgu16Rps5ViSppqnJYNsgYW32E954JeL,0.007546256,1.7830733875066667,1.673733,1.67426984985975
2025-10-10 21:00:47.000 UTC,2ToHtRTn3BjC58m73G1BHDRwpgWsztznegAdrNoMziicFfGLdwHPZbTPKPvjSAeQodEcuU1Ve5o4L3ciCi7nnUuZ,4,Es9vMFrzaCERmJfrF4H2FYD4KCoNkY11McCe8BenwNYB,USDT,So11111111111111111111111111111111111111112,SOL,68Z9juTBhG3ybnbMYwTHP8z4jmEJndYtxzq3dLpQMz64,8wEzcmbTczEui1Y4JwiuaqvCycCoYGAUpHtVmYNAJ64r,39.059755237,7383.530632042171,7614.829387,7692.160517701447
2025-10-10 22:24:27.000 UTC,62EexTfacMYqcA6iwCXUuQmWjmvSJr4xBrApSAyEDw2YRfG1QCA5sWiiw6fxDUqZyQJQQt9XKNiNfpe8V5py21JX,4,HzwqbKZw8HxMN6bF2yFZNrht3c2iXXzpKcFu7uBEDKtr,EURC,So11111111111111111111111111111111111111112,SOL,3ue9E1xfztuuNtpezARKBRiZxNHSKfjaTjwNcKShSJsz,5BmVETKMwv139B8A833okt3GgeJHiQpSjZDMp6YwinNJ,6.383111505,1217.7646936643125,1035.119594,1198.160763691143
2025-10-10 20:57:24.000 UTC,3nRVR46B3Mry3fPNrxNri2oTchx9fqth4PgbeGwXb2R8t2jwRkFFeWZQnD2HwW9ZFiwLGzSURU2ULyYStszBUaq7,4,EPjFWdd5AufqSSqeM2qN1xzybapC8G4wEGGkZwyTDt1v,USDC,J1toso1uCk3RLmjorhTtrVwY9HJ7X8V9yYac6Y7kGCPn,JITOSOL,3ue9E1xfztuuNtpezARKBRiZxNHSKfjaTjwNcKShSJsz,Fc4sVsMvtU4UZenN8AvdaQ67k3eJcoiBFf7Cs3ZX6eDn,4.49319526,1147.1838921362835,1065.437797,1065.7795361733877
2025-10-10 22:28:27.000 UTC,4rTDCm3NG8dkPneBvAygiKZqvCffeC14MttdG3nEkAYWJ9rkNEd56g1WEJKrz178MmPNXDRLQUnraEdPAgeg2x2T,5,Es9vMFrzaCERmJfrF4H2FYD4KCoNkY11McCe8BenwNYB,USDT,So11111111111111111111111111111111111111112,SOL,68Z9juTBhG3ybnbMYwTHP8z4jmEJndYtxzq3dLpQMz64,8wEzcmbTczEui1Y4JwiuaqvCycCoYGAUpHtVmYNAJ64r,6.740095083,1285.8697231888375,1237.043832,1244.280126069256
2025-10-10 20:56:32.000 UTC,5UhiCD974ts1eojVwfGy3QeqnRWqyei5Aktz1pd4kets2vqM8WuqczhRmFui5dQU3nSdGTkETB1c7EenqsMxrsuc,4,Es9vMFrzaCERmJfrF4H2FYD4KCoNkY11McCe8BenwNYB,USDT,So11111111111111111111111111111111111111112,SOL,68Z9juTBhG3ybnbMYwTHP8z4jmEJndYtxzq3dLpQMz64,8wEzcmbTczEui1Y4JwiuaqvCycCoYGAUpHtVmYNAJ64r,0.000673979,0.13930078796583334,0.132772,0.13284589868233335
2025-10-10 20:55:10.000 UTC,qQg4VpUjBTQNjivhHw89PaaEU1iuJ4ThSh32UNWcwyB68bRmQf8pkneD7ZRqGJNQ1apKHu9aTLdwuMMKsZ13oDB,3,EPjFWdd5AufqSSqeM2qN1xzybapC8G4wEGGkZwyTDt1v,USDC,So11111111111111111111111111111111111111112,SOL,ariZPxRj8PmzUR5mB3FVopbPUmYmCiTCLdvjW8tTQQ9,8W2SoErPPcYvbBvfSBHZECTXsFu8ZSLSYfQkaTatxKVv,0.496837732,102.68849260697667,99.999999,100.03207399967926
2025-10-10 20:58:46.000 UTC,4oA7S5gGN24x7s4xJfjssyhN4Ga57jg3VhjVEy2RfjXCb9V5yVcWkjiLTCJCsLEzPn4SdRTyhXn4heHAWnfjLNcJ,4,EPjFWdd5AufqSSqeM2qN1xzybapC8G4wEGGkZwyTDt1v,USDC,So11111111111111111111111111111111111111112,SOL,3ue9E1xfztuuNtpezARKBRiZxNHSKfjaTjwNcKShSJsz,8W2SoErPPcYvbBvfSBHZECTXsFu8ZSLSYfQkaTatxKVv,28.327546168,5854.855273444607,5628.250859,5630.056120463024
2025-10-10 22:19:21.000 UTC,5sgDs2FRxiF7gkdWimUN9QLmnYnrL2NvZ5xXKj9cp7Ni4oHdbWDESkRGtfvihpd7YHqzqHveb6e2hgYpFGjPAkhb,5,2u1tszSeqZ3qBWF3uNGPFc8TzMk2tdiwknnRMWGWjGWH,USDG,So11111111111111111111111111111111111111112,SOL,68Z9juTBhG3ybnbMYwTHP8z4jmEJndYtxzq3dLpQMz64,86qvvWArhChtJ9H77MqtHMy3d13tzUkjPhiAv8tpHrtf,0.887629455,169.3412077336875,164.519492,164.40020165834235
2025-10-10 20:54:39.000 UTC,3wHoLx1R3UdxwgpcigU16PoGEJrmVMryYsXVEcWJMrh5Pd5fCi4zL7aXarcQYsP4UngVouCAzzMQr8XzpuBJYFQy,4,HzwqbKZw8HxMN6bF2yFZNrht3c2iXXzpKcFu7uBEDKtr,EURC,So11111111111111111111111111111111111111112,SOL,68Z9juTBhG3ybnbMYwTHP8z4jmEJndYtxzq3dLpQMz64,5BmVETKMwv139B8A833okt3GgeJHiQpSjZDMp6YwinNJ,0.249996612,51.67034142071,43.373493,50.335994048163
2025-10-10 22:25:44.000 UTC,4LeNHNLFs6k5oAyRMTgDLupcc27a8NMMuhue1CkP4NYFok3pyUExYrXkmbPJ3Wkj9Mdpzhj7Tyk4G2829wrYXAXs,5,2u1tszSeqZ3qBWF3uNGPFc8TzMk2tdiwknnRMWGWjGWH,USDG,So11111111111111111111111111111111111111112,SOL,68Z9juTBhG3ybnbMYwTHP8z4jmEJndYtxzq3dLpQMz64,86qvvWArhChtJ9H77MqtHMy3d13tzUkjPhiAv8tpHrtf,0.862791879,164.6027156823875,159.383928,159.268361370206
2025-10-10 20:53:11.000 UTC,2dW6wnaqwRxLi2T5c4TZzbBR2tXGg6N8xSVpfTC8mRYwKDSKZ4whNrv9GnWBKjwYvghZZkuwfp6JZwkrxEiQzhCt,4,2u1tszSeqZ3qBWF3uNGPFc8TzMk2tdiwknnRMWGWjGWH,USDG,J1toso1uCk3RLmjorhTtrVwY9HJ7X8V9yYac6Y7kGCPn,JITOSOL,68Z9juTBhG3ybnbMYwTHP8z4jmEJndYtxzq3dLpQMz64,J8UDDPMj9Fp1RYZEiKX7qa72BraGZNf7SNz2tVGZVVBK,0.108436777,27.685626083735833,26.07584,26.087852270293332
2025-10-10 20:54:39.000 UTC,584uw4GQUhFFbKBJVybhuBYxJpJyeLue3J5VC4KAPPLgX4Ubbd8jYqi86JvZPDNbmLATCWv3V9XY2TunRPH47Lb6,4,2u1tszSeqZ3qBWF3uNGPFc8TzMk2tdiwknnRMWGWjGWH,USDG,J1toso1uCk3RLmjorhTtrVwY9HJ7X8V9yYac6Y7kGCPn,JITOSOL,68Z9juTBhG3ybnbMYwTHP8z4jmEJndYtxzq3dLpQMz64,J8UDDPMj9Fp1RYZEiKX7qa72BraGZNf7SNz2tVGZVVBK,0.105840991,27.02288081799083,25.339855,25.351528226536665
2025-10-10 20:56:29.000 UTC,5rRu7bX78dqn8eTfNQQcaP1RxavomsgMgX4H8p5jTuDpG3PcjZ9UAycBkiB46F6EmZCPbZwB3qXYa2cmvxiLjmdC,4,2u1tszSeqZ3qBWF3uNGPFc8TzMk2tdiwknnRMWGWjGWH,USDG,J1toso1uCk3RLmjorhTtrVwY9HJ7X8V9yYac6Y7kGCPn,JITOSOL,68Z9juTBhG3ybnbMYwTHP8z4jmEJndYtxzq3dLpQMz64,J8UDDPMj9Fp1RYZEiKX7qa72BraGZNf7SNz2tVGZVVBK,0.215533009,55.028989803675834,50.513435,50.536704855723336
2025-10-10 20:56:58.000 UTC,2YQnGHmvYB5RaufqFstZjEnfuT6VKtpJFEBoJDxsJZ8XBNsmhzRN2qyZRMx5VBvMhhpXBKV6LznDrkJGjBT9nmoW,4,2u1tszSeqZ3qBWF3uNGPFc8TzMk2tdiwknnRMWGWjGWH,USDG,So11111111111111111111111111111111111111112,SOL,68Z9juTBhG3ybnbMYwTHP8z4jmEJndYtxzq3dLpQMz64,86qvvWArhChtJ9H77MqtHMy3d13tzUkjPhiAv8tpHrtf,3.710691597,766.9412004829475,739.831582,740.1723977487746
2025-10-10 20:56:23.000 UTC,2SGmcobRJJwbCTDQC6cv5363Btr8QA1VnQ16USgRzedzpa4BDGTfeoeSRgyxeTHyTySgsmBMDNzkvmGRamBV3SSC,4,2u1tszSeqZ3qBWF3uNGPFc8TzMk2tdiwknnRMWGWjGWH,USDG,J1toso1uCk3RLmjorhTtrVwY9HJ7X8V9yYac6Y7kGCPn,JITOSOL,68Z9juTBhG3ybnbMYwTHP8z4jmEJndYtxzq3dLpQMz64,J8UDDPMj9Fp1RYZEiKX7qa72BraGZNf7SNz2tVGZVVBK,0.214082723,54.658708825014166,50.513435,50.536704855723336
2025-10-10 22:26:37.000 UTC,4uHsDzb93c2WDVfzws6HX3VEqAkMJpk8hdz1D63t4BQaUdQdDQJhdtXvFzpPoE1CMcJMQk7WCF1DPYf33Y5ueFST,4,HzwqbKZw8HxMN6bF2yFZNrht3c2iXXzpKcFu7uBEDKtr,EURC,So11111111111111111111111111111111111111112,SOL,3ue9E1xfztuuNtpezARKBRiZxNHSKfjaTjwNcKShSJsz,5BmVETKMwv139B8A833okt3GgeJHiQpSjZDMp6YwinNJ,33.690177455,6427.38397971702,5395.200284,6244.995583132697
2025-10-10 22:10:42.000 UTC,45b1NNFhy6hwsAaT6um4YuWrR1LxM89e7GJdCP5WJdAZHyUPszSPxN59XQsprFQVQ96HxfCzQc3TwyMj6mm8zpcg,5,EPjFWdd5AufqSSqeM2qN1xzybapC8G4wEGGkZwyTDt1v,USDC,So11111111111111111111111111111111111111112,SOL,68Z9juTBhG3ybnbMYwTHP8z4jmEJndYtxzq3dLpQMz64,8W2SoErPPcYvbBvfSBHZECTXsFu8ZSLSYfQkaTatxKVv,42.333012703,8076.256885967755,7961.893883,7970.6433408862595
2025-10-10 20:54:10.000 UTC,2Nt7XHXoEmaHiSjGsBWK83H1DLUE4VG5SKUX1HsnzhGofGQBy3TwtrbZgEn9dpZLxTnZuq6Dzp61gMVNP1p63ErT,4,Es9vMFrzaCERmJfrF4H2FYD4KCoNkY11McCe8BenwNYB,USDT,So11111111111111111111111111111111111111112,SOL,68Z9juTBhG3ybnbMYwTHP8z4jmEJndYtxzq3dLpQMz64,8wEzcmbTczEui1Y4JwiuaqvCycCoYGAUpHtVmYNAJ64r,0.150951318,31.199247368065002,30.421547,30.43847912603442
2025-10-10 20:56:32.000 UTC,EgywuwWbtn1GmqB94PCqZsBpyaj3uDNWmLeeVg8dARcMUNrzCP87dkNhpKeDm4Jd99RwdC8rJQ1vyTidMBb8bSY,4,Es9vMFrzaCERmJfrF4H2FYD4KCoNkY11McCe8BenwNYB,USDT,So11111111111111111111111111111111111111112,SOL,68Z9juTBhG3ybnbMYwTHP8z4jmEJndYtxzq3dLpQMz64,8wEzcmbTczEui1Y4JwiuaqvCycCoYGAUpHtVmYNAJ64r,0.000673979,0.13930078796583334,0.132772,0.13284589868233335
2025-10-10 20:56:19.000 UTC,3SMUmFW3bpBjyoGvzu2yWomMpBTYK51jr6MWBvKJaZuYgsRwHvuqZRgSCdZEMyCJTTQ4H4eXppVdHgMi3PEsjKmx,4,Es9vMFrzaCERmJfrF4H2FYD4KCoNkY11McCe8BenwNYB,USDT,So11111111111111111111111111111111111111112,SOL,68Z9juTBhG3ybnbMYwTHP8z4jmEJndYtxzq3dLpQMz64,8wEzcmbTczEui1Y4JwiuaqvCycCoYGAUpHtVmYNAJ64r,0.301674926,62.351430684538336,60.081269,60.114709232970924
2025-10-10 20:56:19.000 UTC,5WkYinDTuyeVhoqsznhePYbRuwCsWTUdn9ZUjsX3Dc6oM5ZQ3epFkgVA86yvDNZ9hg5r5sjcjMjjZidxwocAmynk,4,Es9vMFrzaCERmJfrF4H2FYD4KCoNkY11McCe8BenwNYB,USDT,So11111111111111111111111111111111111111112,SOL,68Z9juTBhG3ybnbMYwTHP8z4jmEJndYtxzq3dLpQMz64,8wEzcmbTczEui1Y4JwiuaqvCycCoYGAUpHtVmYNAJ64r,0.301674926,62.351430684538336,60.081269,60.114709232970924
2025-10-10 20:56:14.000 UTC,3VSPStttcNtCmua7etvnSWS2zMfx8JZkC4ZDFxJkv2ZemS3fxoDpsA5iaCVJHLjbhAt7rFRNvbeQyFki4udxVtzW,4,2u1tszSeqZ3qBWF3uNGPFc8TzMk2tdiwknnRMWGWjGWH,USDG,J1toso1uCk3RLmjorhTtrVwY9HJ7X8V9yYac6Y7kGCPn,JITOSOL,68Z9juTBhG3ybnbMYwTHP8z4jmEJndYtxzq3dLpQMz64,J8UDDPMj9Fp1RYZEiKX7qa72BraGZNf7SNz2tVGZVVBK,0.211896377,54.10050007406917,50.513435,50.536704855723336
2025-10-10 20:56:29.000 UTC,4KYKFKifRYCFoLjhDMReFUjKczg4bbE3cuELw5ACbwjpHECUUynrxrSQmgZ295ZxcXka2z8okgWcDd1kCSpWtuDR,4,2u1tszSeqZ3qBWF3uNGPFc8TzMk2tdiwknnRMWGWjGWH,USDG,J1toso1uCk3RLmjorhTtrVwY9HJ7X8V9yYac6Y7kGCPn,JITOSOL,68Z9juTBhG3ybnbMYwTHP8z4jmEJndYtxzq3dLpQMz64,J8UDDPMj9Fp1RYZEiKX7qa72BraGZNf7SNz2tVGZVVBK,0.215533009,55.028989803675834,50.513435,50.536704855723336
2025-10-10 22:07:58.000 UTC,5WUMjDC4V4yxmhZFaVc8zDLCJuVzPipkcAhZwvUrJzjrAxVj1nFqWP4Dt9vuXFY2k8bVCaNaD5vTdJ3tUsw3eEj3,4,HzwqbKZw8HxMN6bF2yFZNrht3c2iXXzpKcFu7uBEDKtr,EURC,So11111111111111111111111111111111111111112,SOL,3ue9E1xfztuuNtpezARKBRiZxNHSKfjaTjwNcKShSJsz,5BmVETKMwv139B8A833okt3GgeJHiQpSjZDMp6YwinNJ,13.432879971,2562.7136468007375,2187.641981,2532.2163756063196
2025-10-10 17:46:44.000 UTC,GtqcQE6JDpdoUjMmAgxUBn3NbpDsqMFRosBk9xK8UJJzT6C6rtzj6TqChVcQ3CRo6RVqUvvHFXnAzeEgBqXy45D,3,2u1tszSeqZ3qBWF3uNGPFc8TzMk2tdiwknnRMWGWjGWH,USDG,jupSoLaHXQiZZTSfEWMTRRgpnyFm8f6sZdosWBjx93v,JUPSOL,CxX1RcmT7qGFKDkXAGRgFzF6EJ9MgFKGGqoF8rRizwvQ,2UcfVZLJxovLb5GcAbszyyseFbNxRsmaM2ZzR99nS3V6,0.279716382,67.34451613031999,63.694528,63.71135397114667
2025-10-10 17:39:44.000 UTC,4rWvFgspy6AKVLnn3gHxc6yDes3fCN3x5EH2hVJEnjcVfL5qwXgPkS9fPaPexnZJFCe1EdYzTzQdQhEXYsAVShKK,3,2u1tszSeqZ3qBWF3uNGPFc8TzMk2tdiwknnRMWGWjGWH,USDG,jupSoLaHXQiZZTSfEWMTRRgpnyFm8f6sZdosWBjx93v,JUPSOL,CxX1RcmT7qGFKDkXAGRgFzF6EJ9MgFKGGqoF8rRizwvQ,2UcfVZLJxovLb5GcAbszyyseFbNxRsmaM2ZzR99nS3V6,0.140177427,33.74911732452,32.040508,32.04897203419667
2025-10-10 17:46:42.000 UTC,5g1fLkNLvAekVUyYrwD37jMRFkUCN4Krv9YCDKeQ8FBV2yCax34hDCjBJs8uMrDsw2kzgJuJYBqTLSkZuPodFTCk,3,EPjFWdd5AufqSSqeM2qN1xzybapC8G4wEGGkZwyTDt1v,USDC,jupSoLaHXQiZZTSfEWMTRRgpnyFm8f6sZdosWBjx93v,JUPSOL,CxX1RcmT7qGFKDkXAGRgFzF6EJ9MgFKGGqoF8rRizwvQ,79sNeDBuT4numgu16Rps5ViSppqnJYNsgYW32E954JeL,0.002351442,0.56613317592,0.535449,0.53555381414175
2025-10-10 17:40:55.000 UTC,4tbdBzeFt4j5hr2MvZ6MC7sfPSzkSdiBuuNE261F4LW1AQUvm2K34v77i6rDPHjDuSMPkczGKKACncYk54eCGqdt,3,EPjFWdd5AufqSSqeM2qN1xzybapC8G4wEGGkZwyTDt1v,USDC,jupSoLaHXQiZZTSfEWMTRRgpnyFm8f6sZdosWBjx93v,JUPSOL,CxX1RcmT7qGFKDkXAGRgFzF6EJ9MgFKGGqoF8rRizwvQ,79sNeDBuT4numgu16Rps5ViSppqnJYNsgYW32E954JeL,0.002356146,0.56726571096,0.537829,0.53793428002675
